Month,Total,Female,Male,SexUnknown,Released,Killed,KilledUnknown,LengthAvg,LengthMax,WeightAvg,WeightMax,Kg,FultonAvg,FultonMax,Lower,Haderis,Middle,"NA"
Jul,2,0,1,1,0,2,0,54,60,1.9,2.4,3.8,1.1885127314814814,1.2659143518518519,2,0,0,0
Jun,31,10,3,18,10,21,0,52.354838709677416,75,2.411764705882353,4.9,41,1.2017191136642555,1.4979227336208758,22,1,7,1
May,3,2,1,0,0,3,0,60.666666666666664,72,2.7,4.3,5.4,1.2216856769150541,1.2913223140495869,3,0,0,0
Apr,7,3,2,2,3,4,0,55,73,3,4.6,12,1.1711174681593852,1.285235715024126,7,0,0,0
Mar,19,7,4,8,11,8,0,60.94736842105263,78,2.1285714285714286,2.9,14.9,0.9690346900303854,1.1597819609913336,16,0,3,0
