Month,Total,Female,Male,SexUnknown,Released,Killed,KilledUnknown,LengthAvg,LengthMax,WeightAvg,WeightMax,Kg,FultonAvg,FultonMax,Middle,Lower,"NA"
Jun,25,6,3,16,9,16,0,51.84,75,2.3846153846153846,4.9,31,1.2060712046728757,1.4979227336208758,5,19,1
May,3,2,1,0,0,3,0,60.666666666666664,72,2.7,4.3,5.4,1.2216856769150541,1.2913223140495869,0,3,0
Apr,7,3,2,2,3,4,0,55,73,3,4.6,12,1.1711174681593852,1.285235715024126,0,7,0
Mar,19,7,4,8,11,8,0,60.94736842105263,78,2.1285714285714286,2.9,14.9,0.9690346900303854,1.1597819609913336,3,16,0
