Month,Total,Female,Male,SexUnknown,Released,Killed,KilledUnknown,LengthAvg,LengthMax,WeightAvg,WeightMax,Kg,FultonAvg,FultonMax,Haderis,Middle,Lower,Upper,"NA"
Jul,520,238,108,174,89,431,0,58.99807692307692,95,2.897037037037037,12.3,1173.3,1.201163709788053,1.7528569133163565,11,82,416,8,3
Jun,41,13,3,25,12,29,0,53.34146341463415,75,2.44,4.9,61,1.204547179732321,1.5026296018031555,1,7,31,1,1
May,3,2,1,0,0,3,0,60.666666666666664,72,2.7,4.3,5.4,1.2216856769150541,1.2913223140495869,0,0,3,0,0
Apr,7,3,2,2,3,4,0,55,73,3,4.6,12,1.1711174681593852,1.285235715024126,0,0,7,0,0
Mar,19,7,4,8,11,8,0,60.94736842105263,78,2.1285714285714286,2.9,14.9,0.9690346900303854,1.1597819609913336,0,3,16,0,0
