Month,Total,Female,Male,SexUnknown,Released,Killed,KilledUnknown,LengthAvg,LengthMax,WeightAvg,WeightMax,Kg,FultonAvg,FultonMax,Haderis,Middle,Lower,Upper,"NA"
Oct,151,64,57,30,57,94,0,61.64900662251656,93,3.2930232558139534,9.6,283.2,1.1014289822396914,1.41143798828125,1,56,88,5,1
Sep,228,87,83,58,61,167,0,61.05263157894737,86,3.1098039215686275,8.6,475.8,1.1423130669686927,2.2238259877144104,2,80,129,16,1
Aug,226,85,67,74,59,167,0,61,97,3.154193548387097,11,488.9,1.1624133868717355,1.6203703703703705,15,98,104,9,0
Jul,581,261,125,195,99,482,0,59.239242685025815,95,2.9240618101545253,12.3,1324.6,1.1985020424232948,1.7528569133163565,12,97,457,12,3
Jun,46,14,6,26,13,33,0,54.76086956521739,90,2.6925925925925926,10.2,72.7,1.204459243988122,1.5026296018031555,1,10,33,1,1
May,3,2,1,0,0,3,0,60.666666666666664,72,2.7,4.3,5.4,1.2216856769150541,1.2913223140495869,0,0,3,0,0
Apr,7,3,2,2,3,4,0,55,73,3,4.6,12,1.1711174681593852,1.285235715024126,0,0,7,0,0
Mar,19,7,4,8,11,8,0,60.94736842105263,78,2.1285714285714286,2.9,14.9,0.9690346900303854,1.1597819609913336,0,3,16,0,0
