Month,Total,Female,Male,SexUnknown,Released,Killed,KilledUnknown,LengthAvg,LengthMax,WeightAvg,WeightMax,Kg,FultonAvg,FultonMax,Haderis,Middle,Lower,Upper,"NA"
Aug,202,72,61,69,53,149,0,61.148514851485146,97,3.2028985507246377,11,442,1.1616943404370375,1.6203703703703705,14,90,91,7,0
Jul,576,260,124,192,99,477,0,59.21180555555556,95,2.922767857142857,12.3,1309.4,1.19843378662628,1.7528569133163565,12,96,453,12,3
Jun,46,14,6,26,13,33,0,54.76086956521739,90,2.6925925925925926,10.2,72.7,1.204459243988122,1.5026296018031555,1,10,33,1,1
May,3,2,1,0,0,3,0,60.666666666666664,72,2.7,4.3,5.4,1.2216856769150541,1.2913223140495869,0,0,3,0,0
Apr,7,3,2,2,3,4,0,55,73,3,4.6,12,1.1711174681593852,1.285235715024126,0,0,7,0,0
Mar,19,7,4,8,11,8,0,60.94736842105263,78,2.1285714285714286,2.9,14.9,0.9690346900303854,1.1597819609913336,0,3,16,0,0
