Month,Total,Female,Male,SexUnknown,Released,Killed,KilledUnknown,LengthAvg,LengthMax,WeightAvg,WeightMax,Kg,FultonAvg,FultonMax,Middle,Lower,Haderis,"NA"
Jul,27,8,8,11,4,23,0,52.7037037037037,72,2,4.8,42,1.2336438266590466,1.65547597368767,4,23,0,0
Jun,34,13,3,18,10,24,0,52.94117647058823,75,2.48,4.9,49.6,1.2020821362025333,1.4979227336208758,7,25,1,1
May,3,2,1,0,0,3,0,60.666666666666664,72,2.7,4.3,5.4,1.2216856769150541,1.2913223140495869,0,3,0,0
Apr,7,3,2,2,3,4,0,55,73,3,4.6,12,1.1711174681593852,1.285235715024126,0,7,0,0
Mar,19,7,4,8,11,8,0,60.94736842105263,78,2.1285714285714286,2.9,14.9,0.9690346900303854,1.1597819609913336,3,16,0,0
