Month,Total,Female,Male,SexUnknown,Released,Killed,KilledUnknown,LengthAvg,LengthMax,WeightAvg,WeightMax,Kg,FultonAvg,FultonMax,Haderis,Middle,Lower,Upper,"NA"
Jul,224,100,44,80,34,190,0,57.97767857142857,86,2.7597765363128492,8.9,494,1.219725356276236,1.7528569133163565,2,23,196,3,0
Jun,39,13,3,23,12,27,0,52.82051282051282,75,2.373913043478261,4.9,54.6,1.2054818709226014,1.5026296018031555,1,7,30,0,1
May,3,2,1,0,0,3,0,60.666666666666664,72,2.7,4.3,5.4,1.2216856769150541,1.2913223140495869,0,0,3,0,0
Apr,7,3,2,2,3,4,0,55,73,3,4.6,12,1.1711174681593852,1.285235715024126,0,0,7,0,0
Mar,19,7,4,8,11,8,0,60.94736842105263,78,2.1285714285714286,2.9,14.9,0.9690346900303854,1.1597819609913336,0,3,16,0,0
