Date,Place,YGroup,Level,LevelRelative
2020-09-11T00:22:30Z,Hagebro,2017,1030.9,35.9
2020-09-11T01:22:30Z,Hagebro,2017,1031,36
2020-09-11T02:22:30Z,Hagebro,2017,1030.8,35.8
2020-09-11T03:22:30Z,Hagebro,2017,1031.1,36.1
2020-09-11T04:22:30Z,Hagebro,2017,1031.3,36.3
2020-09-11T05:22:30Z,Hagebro,2017,1031.6,36.6
2020-09-11T06:22:30Z,Hagebro,2017,1031.8,36.8
2020-09-11T07:22:30Z,Hagebro,2017,1032,37
2020-09-11T08:22:30Z,Hagebro,2017,1032.4,37.4
2020-09-11T09:22:30Z,Hagebro,2017,1032.6,37.6
2020-09-11T10:22:30Z,Hagebro,2017,1032.9,37.9
2020-09-11T11:22:30Z,Hagebro,2017,1033,38
2020-09-11T12:22:30Z,Hagebro,2017,1033.4,38.5
2020-09-11T13:22:30Z,Hagebro,2017,1033.8,38.8
2020-09-11T14:22:30Z,Hagebro,2017,1034.2,39.2
2020-09-11T15:22:30Z,Hagebro,2017,1034.6,39.6
2020-09-11T16:22:30Z,Hagebro,2017,1035.4,40.4
2020-09-11T17:22:30Z,Hagebro,2017,1036,41
2020-09-11T18:22:30Z,Hagebro,2017,1036.6,41.5
2020-09-11T19:22:30Z,Hagebro,2017,1037.3,42.2
2020-09-11T20:22:30Z,Hagebro,2017,1038,43
2020-09-11T21:22:30Z,Hagebro,2017,1038.3,43.3
2020-09-11T22:22:30Z,Hagebro,2017,1038.8,43.8
2020-09-11T23:22:30Z,Hagebro,2017,1039.1,44.1
2020-09-12T00:22:30Z,Hagebro,2017,1039.4,44.4
2020-09-12T01:22:30Z,Hagebro,2017,1040,44.9
2020-09-12T02:22:30Z,Hagebro,2017,1040.3,45.2
2020-09-12T03:22:30Z,Hagebro,2017,1040.5,45.4
2020-09-12T04:22:30Z,Hagebro,2017,1040.7,45.6
2020-09-12T05:22:30Z,Hagebro,2017,1040.9,45.8
2020-09-12T06:22:30Z,Hagebro,2017,1040.9,45.9
2020-09-12T07:22:30Z,Hagebro,2017,1041.3,46.2
2020-09-12T08:22:30Z,Hagebro,2017,1041.3,46.2
2020-09-12T09:22:30Z,Hagebro,2017,1041.6,46.5
2020-09-12T10:22:30Z,Hagebro,2017,1041.5,46.4
2020-09-12T11:22:30Z,Hagebro,2017,1041.7,46.6
2020-09-12T12:22:30Z,Hagebro,2017,1041.9,46.8
2020-09-12T13:22:30Z,Hagebro,2017,1041.9,46.8
2020-09-12T14:22:30Z,Hagebro,2017,1042.1,47
2020-09-12T15:22:30Z,Hagebro,2017,1042.4,47.3
2020-09-12T16:22:30Z,Hagebro,2017,1042.6,47.5
2020-09-12T17:22:30Z,Hagebro,2017,1042.9,47.9
2020-09-12T18:22:30Z,Hagebro,2017,1043,47.9
2020-09-12T19:22:30Z,Hagebro,2017,1043.3,48.1
2020-09-12T20:22:30Z,Hagebro,2017,1043.3,48.2
2020-09-12T21:22:30Z,Hagebro,2017,1043.2,48
2020-09-12T22:22:30Z,Hagebro,2017,1043.1,48
2020-09-12T23:22:30Z,Hagebro,2017,1043.2,48.1
2020-09-13T00:22:30Z,Hagebro,2017,1042.9,47.7
2020-09-13T01:22:30Z,Hagebro,2017,1042.9,47.7
2020-09-13T02:22:30Z,Hagebro,2017,1042.5,47.3
2020-09-13T03:22:30Z,Hagebro,2017,1042.4,47.2
2020-09-13T04:22:30Z,Hagebro,2017,1042.1,46.9
2020-09-13T05:22:30Z,Hagebro,2017,1041.8,46.6
2020-09-13T06:22:30Z,Hagebro,2017,1041.5,46.3
2020-09-13T07:22:30Z,Hagebro,2017,1041,45.8
2020-09-13T08:22:30Z,Hagebro,2017,1040.9,45.7
2020-09-13T09:22:30Z,Hagebro,2017,1040.8,45.6
2020-09-13T10:22:30Z,Hagebro,2017,1040.6,45.4
2020-09-13T11:22:30Z,Hagebro,2017,1040,44.9
2020-09-13T12:22:30Z,Hagebro,2017,1040,44.8
2020-09-13T13:22:30Z,Hagebro,2017,1039.7,44.5
2020-09-13T14:22:30Z,Hagebro,2017,1039.5,44.3
2020-09-13T15:22:30Z,Hagebro,2017,1039.5,44.2
2020-09-13T16:22:30Z,Hagebro,2017,1039.3,44.1
2020-09-13T17:22:30Z,Hagebro,2017,1039.1,44
2020-09-13T18:22:30Z,Hagebro,2017,1039.1,43.9
2020-09-13T19:22:30Z,Hagebro,2017,1039.3,44.1
2020-09-13T20:22:30Z,Hagebro,2017,1039.2,44
2020-09-13T21:22:30Z,Hagebro,2017,1039.2,44
2020-09-13T22:22:30Z,Hagebro,2017,1039.2,44
2020-09-13T23:22:30Z,Hagebro,2017,1039.3,44
2020-09-14T00:22:30Z,Hagebro,2017,1039.1,43.8
2020-09-14T01:22:30Z,Hagebro,2017,1039.1,43.7
2020-09-14T02:22:30Z,Hagebro,2017,1039.1,43.8
2020-09-14T03:22:30Z,Hagebro,2017,1039.1,43.8
2020-09-14T04:22:30Z,Hagebro,2017,1039.2,44
2020-09-14T05:22:30Z,Hagebro,2017,1039.2,43.9
2020-09-14T06:22:30Z,Hagebro,2017,1039.3,44
2020-09-14T07:22:30Z,Hagebro,2017,1039.8,44.5
2020-09-14T08:22:30Z,Hagebro,2017,1040.3,45
2020-09-14T09:22:30Z,Hagebro,2017,1040.6,45.3
2020-09-14T10:22:30Z,Hagebro,2017,1041.1,45.8
2020-09-14T11:22:30Z,Hagebro,2017,1041.5,46.2
2020-09-14T12:22:30Z,Hagebro,2017,1042.1,46.8
2020-09-14T13:22:30Z,Hagebro,2017,1042.5,47.2
2020-09-14T14:22:30Z,Hagebro,2017,1042.9,47.6
2020-09-14T15:22:30Z,Hagebro,2017,1043.2,47.9
2020-09-14T16:22:30Z,Hagebro,2017,1043.5,48.2
2020-09-14T17:22:30Z,Hagebro,2017,1043.8,48.4
2020-09-14T18:22:30Z,Hagebro,2017,1043.8,48.5
2020-09-14T19:22:30Z,Hagebro,2017,1043.9,48.6
2020-09-14T20:22:30Z,Hagebro,2017,1044,48.8
2020-09-14T21:22:30Z,Hagebro,2017,1044.1,48.8
2020-09-14T22:22:30Z,Hagebro,2017,1044,48.7
2020-09-14T23:22:30Z,Hagebro,2017,1044,48.6
2020-09-15T00:22:30Z,Hagebro,2017,1043.9,48.4
2020-09-15T01:22:30Z,Hagebro,2017,1043.6,48.1
2020-09-15T02:22:30Z,Hagebro,2017,1043.3,47.8
2020-09-15T03:22:30Z,Hagebro,2017,1043.1,47.5
2020-09-15T04:22:30Z,Hagebro,2017,1042.7,47.2
2020-09-15T05:22:30Z,Hagebro,2017,1042.2,46.8
2020-09-15T06:22:30Z,Hagebro,2017,1042,46.5
2020-09-15T07:22:30Z,Hagebro,2017,1041.4,45.9
2020-09-15T08:22:30Z,Hagebro,2017,1041,45.5
2020-09-15T09:22:30Z,Hagebro,2017,1040.7,45.2
2020-09-15T10:22:30Z,Hagebro,2017,1040,44.5
2020-09-15T11:22:30Z,Hagebro,2017,1039.6,44.1
2020-09-15T12:22:30Z,Hagebro,2017,1039.3,43.8
2020-09-15T13:22:30Z,Hagebro,2017,1039,43.5
2020-09-15T14:22:30Z,Hagebro,2017,1038.4,42.9
2020-09-15T15:22:30Z,Hagebro,2017,1038.1,42.5
2020-09-15T16:22:30Z,Hagebro,2017,1037.6,42.1
2020-09-15T17:22:30Z,Hagebro,2017,1037.3,41.8
2020-09-15T18:22:30Z,Hagebro,2017,1037.1,41.6
2020-09-15T19:22:30Z,Hagebro,2017,1036.6,41.1
2020-09-15T20:22:30Z,Hagebro,2017,1036.4,40.9
2020-09-15T21:22:30Z,Hagebro,2017,1036.2,40.7
2020-09-15T22:22:30Z,Hagebro,2017,1036,40.5
2020-09-15T23:22:30Z,Hagebro,2017,1035.8,40.3
2020-09-16T00:22:30Z,Hagebro,2017,1035.5,39.9
2020-09-16T01:22:30Z,Hagebro,2017,1035.3,39.7
2020-09-16T02:22:30Z,Hagebro,2017,1035.1,39.5
2020-09-16T03:22:30Z,Hagebro,2017,1034.8,39.2
2020-09-16T04:22:30Z,Hagebro,2017,1034.6,39
2020-09-16T05:22:30Z,Hagebro,2017,1034.4,38.8
2020-09-16T06:22:30Z,Hagebro,2017,1034.3,38.7
2020-09-16T07:22:30Z,Hagebro,2017,1034.3,38.7
2020-09-16T08:22:30Z,Hagebro,2017,1033.9,38.2
2020-09-16T09:22:30Z,Hagebro,2017,1033.9,38.3
2020-09-16T10:22:30Z,Hagebro,2017,1033.6,38
2020-09-16T11:22:30Z,Hagebro,2017,1033.5,37.9
2020-09-16T12:22:30Z,Hagebro,2017,1033.4,37.8
2020-09-16T13:22:30Z,Hagebro,2017,1033.3,37.7
2020-09-16T14:22:30Z,Hagebro,2017,1033,37.4
2020-09-16T15:22:30Z,Hagebro,2017,1032.9,37.3
2020-09-16T16:22:30Z,Hagebro,2017,1032.8,37.2
2020-09-16T17:22:30Z,Hagebro,2017,1032.6,37
2020-09-16T18:22:30Z,Hagebro,2017,1032.5,36.9
2020-09-16T19:22:30Z,Hagebro,2017,1032.5,36.9
2020-09-16T20:22:30Z,Hagebro,2017,1032.4,36.8
2020-09-16T21:22:30Z,Hagebro,2017,1032.3,36.6
2020-09-16T22:22:30Z,Hagebro,2017,1032.2,36.6
2020-09-16T23:22:30Z,Hagebro,2017,1032.2,36.6
2020-09-17T00:22:30Z,Hagebro,2017,1032.2,36.5
2020-09-17T01:22:30Z,Hagebro,2017,1032.3,36.6
2020-09-17T02:22:30Z,Hagebro,2017,1032.2,36.5
2020-09-17T03:22:30Z,Hagebro,2017,1032.3,36.6
2020-09-17T04:22:30Z,Hagebro,2017,1032.5,36.8
2020-09-17T05:22:30Z,Hagebro,2017,1032.5,36.8
2020-09-17T06:22:30Z,Hagebro,2017,1032.8,37.1
2020-09-17T07:22:30Z,Hagebro,2017,1033.3,37.6
2020-09-17T08:22:30Z,Hagebro,2017,1033.6,37.9
2020-09-17T09:22:30Z,Hagebro,2017,1033.9,38.2
2020-09-17T10:22:30Z,Hagebro,2017,1034.1,38.4
2020-09-17T11:22:30Z,Hagebro,2017,1034.3,38.7
2020-09-17T12:22:30Z,Hagebro,2017,1034.5,38.9
2020-09-17T13:22:30Z,Hagebro,2017,1034.7,39
2020-09-17T14:22:30Z,Hagebro,2017,1034.8,39.1
2020-09-17T15:22:30Z,Hagebro,2017,1034.9,39.2
2020-09-17T16:22:30Z,Hagebro,2017,1034.9,39.2
2020-09-17T17:22:30Z,Hagebro,2017,1034.9,39.2
2020-09-17T18:22:30Z,Hagebro,2017,1034.8,39.1
2020-09-17T19:22:30Z,Hagebro,2017,1034.7,39
2020-09-17T20:22:30Z,Hagebro,2017,1034.5,38.8
2020-09-17T21:22:30Z,Hagebro,2017,1034.4,38.7
2020-09-17T22:22:30Z,Hagebro,2017,1034.3,38.6
2020-09-17T23:22:30Z,Hagebro,2017,1034,38.3
2020-09-18T00:22:30Z,Hagebro,2017,1033.9,38.1
2020-09-18T01:22:30Z,Hagebro,2017,1033.7,37.9
2020-09-18T02:22:30Z,Hagebro,2017,1033.5,37.7
2020-09-18T03:22:30Z,Hagebro,2017,1033.4,37.6
2020-09-18T04:22:30Z,Hagebro,2017,1033.2,37.4
2020-09-18T05:22:30Z,Hagebro,2017,1033.1,37.3
2020-09-18T06:22:30Z,Hagebro,2017,1032.9,37.1
2020-09-18T07:22:30Z,Hagebro,2017,1032.6,36.8
2020-09-18T08:22:30Z,Hagebro,2017,1032.5,36.6
2020-09-18T09:22:30Z,Hagebro,2017,1032.6,36.8
2020-09-18T10:22:30Z,Hagebro,2017,1032.5,36.7
2020-09-18T11:22:30Z,Hagebro,2017,1032.3,36.5
2020-09-18T12:22:30Z,Hagebro,2017,1032.3,36.4
2020-09-18T13:22:30Z,Hagebro,2017,1032.1,36.3
2020-09-18T14:22:30Z,Hagebro,2017,1032.1,36.3
2020-09-18T15:22:30Z,Hagebro,2017,1032.1,36.3
2020-09-18T16:22:30Z,Hagebro,2017,1032,36.2
2020-09-18T17:22:30Z,Hagebro,2017,1032,36.2
2020-09-18T18:22:30Z,Hagebro,2017,1031.9,36.1
2020-09-18T19:22:30Z,Hagebro,2017,1031.8,36
2020-09-18T20:22:30Z,Hagebro,2017,1031.8,36
2020-09-18T21:22:30Z,Hagebro,2017,1031.5,35.7
2020-09-18T22:22:30Z,Hagebro,2017,1031.3,35.5
2020-09-18T23:22:30Z,Hagebro,2017,1031.1,35.3
2020-09-19T00:22:30Z,Hagebro,2017,1030.9,35
2020-09-19T01:22:30Z,Hagebro,2017,1030.8,34.8
2020-09-19T02:22:30Z,Hagebro,2017,1030.6,34.7
2020-09-19T03:22:30Z,Hagebro,2017,1030.2,34.3
2020-09-19T04:22:30Z,Hagebro,2017,1030,34.1
2020-09-19T05:22:30Z,Hagebro,2017,1030.1,34.2
2020-09-19T06:22:30Z,Hagebro,2017,1030.2,34.3
2020-09-19T07:22:30Z,Hagebro,2017,1030.5,34.5
2020-09-19T08:22:30Z,Hagebro,2017,1030.8,34.9
2020-09-19T09:22:30Z,Hagebro,2017,1030.5,34.6
2020-09-19T10:22:30Z,Hagebro,2017,1030.3,34.4
2020-09-19T11:22:30Z,Hagebro,2017,1030.6,34.7
2020-09-19T12:22:30Z,Hagebro,2017,1030.8,34.9
2020-09-19T13:22:30Z,Hagebro,2017,1031.2,35.3
2020-09-19T14:22:30Z,Hagebro,2017,1031.8,35.9
2020-09-19T15:22:30Z,Hagebro,2017,1032.4,36.5
2020-09-19T16:22:30Z,Hagebro,2017,1033.1,37.2
2020-09-19T17:22:30Z,Hagebro,2017,1033,37.1
2020-09-19T18:22:30Z,Hagebro,2017,1032.6,36.7
2020-09-19T19:22:30Z,Hagebro,2017,1032.4,36.5
2020-09-19T20:22:30Z,Hagebro,2017,1032.3,36.4
2020-09-19T21:22:30Z,Hagebro,2017,1032.2,36.2
2020-09-19T22:22:30Z,Hagebro,2017,1032.3,36.4
2020-09-19T23:22:30Z,Hagebro,2017,1032.1,36.2
2020-09-20T00:22:30Z,Hagebro,2017,1032.1,36.1
2020-09-20T01:22:30Z,Hagebro,2017,1032,35.9
2020-09-20T02:22:30Z,Hagebro,2017,1032,35.9
2020-09-20T03:22:30Z,Hagebro,2017,1031.8,35.9
2020-09-20T04:22:30Z,Hagebro,2017,1031.9,35.9
2020-09-20T05:22:30Z,Hagebro,2017,1031.7,35.7
2020-09-20T06:22:30Z,Hagebro,2017,1031.9,35.9
2020-09-20T07:22:30Z,Hagebro,2017,1031.8,35.9
2020-09-20T08:22:30Z,Hagebro,2017,1032.1,36.1
2020-09-20T09:22:30Z,Hagebro,2017,1032.1,36
2020-09-20T10:22:30Z,Hagebro,2017,1031.1,35
2020-09-20T11:22:30Z,Hagebro,2017,1030.5,34.5
2020-09-20T12:22:30Z,Hagebro,2017,1030.5,34.4
2020-09-20T13:22:30Z,Hagebro,2017,1030.3,34.3
2020-09-20T14:22:30Z,Hagebro,2017,1030,34
2020-09-20T15:22:30Z,Hagebro,2017,1029.5,33.5
2020-09-20T16:22:30Z,Hagebro,2017,1028.8,32.8
2020-09-20T17:22:30Z,Hagebro,2017,1028.4,32.4
2020-09-20T18:22:30Z,Hagebro,2017,1028.1,32.1
2020-09-20T19:22:30Z,Hagebro,2017,1028,32
2020-09-20T20:22:30Z,Hagebro,2017,1027.9,31.9
2020-09-20T21:22:30Z,Hagebro,2017,1027.9,31.9
2020-09-20T22:22:30Z,Hagebro,2017,1028,32
2020-09-20T23:22:30Z,Hagebro,2017,1027.8,31.8
2020-09-21T00:22:30Z,Hagebro,2017,1027.8,31.7
2020-09-21T01:22:30Z,Hagebro,2017,1027.7,31.6
2020-09-21T02:22:30Z,Hagebro,2017,1027.8,31.7
2020-09-21T03:22:30Z,Hagebro,2017,1027.7,31.6
2020-09-21T04:22:30Z,Hagebro,2017,1027.8,31.7
2020-09-21T05:22:30Z,Hagebro,2017,1027.9,31.8
2020-09-21T06:22:30Z,Hagebro,2017,1027.7,31.6
2020-09-21T07:22:30Z,Hagebro,2017,1027.4,31.3
2020-09-21T08:22:30Z,Hagebro,2017,1027.1,31
2020-09-21T09:22:30Z,Hagebro,2017,1026.8,30.7
2020-09-21T10:22:30Z,Hagebro,2017,1026.6,30.5
2020-09-21T11:22:30Z,Hagebro,2017,1026.5,30.3
2020-09-21T12:22:30Z,Hagebro,2017,1026.3,30.2
2020-09-21T13:22:30Z,Hagebro,2017,1026.1,30
2020-09-21T14:22:30Z,Hagebro,2017,1026,29.8
2020-09-21T15:22:30Z,Hagebro,2017,1025.9,29.8
2020-09-21T16:22:30Z,Hagebro,2017,1025.7,29.6
2020-09-21T17:22:30Z,Hagebro,2017,1025.4,29.3
2020-09-21T18:22:30Z,Hagebro,2017,1025.2,29.1
2020-09-21T19:22:30Z,Hagebro,2017,1025.1,29
2020-09-21T20:22:30Z,Hagebro,2017,1025,28.9
2020-09-21T21:22:30Z,Hagebro,2017,1024.8,28.7
2020-09-21T22:22:30Z,Hagebro,2017,1024.8,28.6
2020-09-21T23:22:30Z,Hagebro,2017,1024.5,28.4
2020-09-22T00:22:30Z,Hagebro,2017,1024.4,28.2
2020-09-22T01:22:30Z,Hagebro,2017,1024.1,28
2020-09-22T02:22:30Z,Hagebro,2017,1023.9,27.8
2020-09-22T03:22:30Z,Hagebro,2017,1023.9,27.7
2020-09-22T04:22:30Z,Hagebro,2017,1023.7,27.5
2020-09-22T05:22:30Z,Hagebro,2017,1023.6,27.5
2020-09-22T06:22:30Z,Hagebro,2017,1023.6,27.4
2020-09-22T07:22:30Z,Hagebro,2017,1023.5,27.3
2020-09-22T08:22:30Z,Hagebro,2017,1023,26.8
2020-09-22T09:22:30Z,Hagebro,2017,1023.1,27
2020-09-22T10:22:30Z,Hagebro,2017,1022.8,26.6
2020-09-22T11:22:30Z,Hagebro,2017,1022.6,26.4
2020-09-22T12:22:30Z,Hagebro,2017,1022.7,26.5
2020-09-22T13:22:30Z,Hagebro,2017,1022.4,26.2
2020-09-22T14:22:30Z,Hagebro,2017,1022.1,25.9
2020-09-22T15:22:30Z,Hagebro,2017,1022.1,25.9
2020-09-22T16:22:30Z,Hagebro,2017,1022,25.8
2020-09-22T17:22:30Z,Hagebro,2017,1021.7,25.6
2020-09-22T18:22:30Z,Hagebro,2017,1021.7,25.5
2020-09-22T19:22:30Z,Hagebro,2017,1021.5,25.3
2020-09-22T20:22:30Z,Hagebro,2017,1021.3,25.2
2020-09-22T21:22:30Z,Hagebro,2017,1021.1,24.9
2020-09-22T22:22:30Z,Hagebro,2017,1021,24.9
2020-09-22T23:22:30Z,Hagebro,2017,1020.8,24.6
2020-09-23T00:22:30Z,Hagebro,2017,1020.8,24.5
2020-09-23T01:22:30Z,Hagebro,2017,1020.7,24.4
2020-09-23T02:22:30Z,Hagebro,2017,1020.7,24.4
2020-09-23T03:22:30Z,Hagebro,2017,1020.5,24.2
2020-09-23T04:22:30Z,Hagebro,2017,1020.4,24.1
2020-09-23T05:22:30Z,Hagebro,2017,1020.3,24
2020-09-23T06:22:30Z,Hagebro,2017,1019.9,23.6
2020-09-23T07:22:30Z,Hagebro,2017,1019.9,23.6
2020-09-23T08:22:30Z,Hagebro,2017,1019.9,23.6
2020-09-23T09:22:30Z,Hagebro,2017,1019.9,23.5
2020-09-23T10:22:30Z,Hagebro,2017,1019.7,23.4
2020-09-23T11:22:30Z,Hagebro,2017,1019.7,23.4
2020-09-23T12:22:30Z,Hagebro,2017,1019.6,23.3
2020-09-23T13:22:30Z,Hagebro,2017,1019.5,23.2
2020-09-23T14:22:30Z,Hagebro,2017,1019.3,23
2020-09-23T15:22:30Z,Hagebro,2017,1019.2,23
2020-09-23T16:22:30Z,Hagebro,2017,1019.1,22.8
2020-09-23T17:22:30Z,Hagebro,2017,1019.1,22.8
2020-09-23T18:22:30Z,Hagebro,2017,1018.9,22.7
2020-09-23T19:22:30Z,Hagebro,2017,1018.9,22.6
2020-09-23T20:22:30Z,Hagebro,2017,1018.9,22.6
2020-09-23T21:22:30Z,Hagebro,2017,1018.9,22.6
2020-09-23T22:22:30Z,Hagebro,2017,1018.6,22.3
2020-09-23T23:22:30Z,Hagebro,2017,1018.4,22.1
2020-09-24T00:22:30Z,Hagebro,2017,1018.4,21.9
2020-09-24T01:22:30Z,Hagebro,2017,1018.4,22
2020-09-24T02:22:30Z,Hagebro,2017,1018.2,21.8
2020-09-24T03:22:30Z,Hagebro,2017,1018.2,21.7
2020-09-24T04:22:30Z,Hagebro,2017,1018.1,21.6
2020-09-24T05:22:30Z,Hagebro,2017,1018,21.5
2020-09-24T06:22:30Z,Hagebro,2017,1018.1,21.6
2020-09-24T07:22:30Z,Hagebro,2017,1018.6,22.1
2020-09-24T08:22:30Z,Hagebro,2017,1018.4,21.9
2020-09-24T09:22:30Z,Hagebro,2017,1018.1,21.6
2020-09-24T10:22:30Z,Hagebro,2017,1017.8,21.3
2020-09-24T11:22:30Z,Hagebro,2017,1017.8,21.3
2020-09-24T12:22:30Z,Hagebro,2017,1017.9,21.3
2020-09-24T13:22:30Z,Hagebro,2017,1017.7,21.2
2020-09-24T14:22:30Z,Hagebro,2017,1017.6,21.1
2020-09-24T15:22:30Z,Hagebro,2017,1017.4,20.9
2020-09-24T16:22:30Z,Hagebro,2017,1017.4,20.9
2020-09-24T17:22:30Z,Hagebro,2017,1017.3,20.8
2020-09-24T18:22:30Z,Hagebro,2017,1017.2,20.7
2020-09-24T19:22:30Z,Hagebro,2017,1017.3,20.9
2020-09-24T20:22:30Z,Hagebro,2017,1017.1,20.6
2020-09-24T21:22:30Z,Hagebro,2017,1017,20.5
2020-09-24T22:22:30Z,Hagebro,2017,1017,20.5
2020-09-24T23:22:30Z,Hagebro,2017,1016.8,20.4
2020-09-25T00:22:30Z,Hagebro,2017,1016.9,20.3
2020-09-25T01:22:30Z,Hagebro,2017,1016.8,20.2
2020-09-25T02:22:30Z,Hagebro,2017,1016.7,20.1
2020-09-25T03:22:30Z,Hagebro,2017,1016.6,20
2020-09-25T04:22:30Z,Hagebro,2017,1016.7,20.1
2020-09-25T05:22:30Z,Hagebro,2017,1016.5,19.9
2020-09-25T06:22:30Z,Hagebro,2017,1016.4,19.8
2020-09-25T07:22:30Z,Hagebro,2017,1016.4,19.8
2020-09-25T08:22:30Z,Hagebro,2017,1016.3,19.7
2020-09-25T09:22:30Z,Hagebro,2017,1016.2,19.6
2020-09-25T10:22:30Z,Hagebro,2017,1016.1,19.5
2020-09-25T11:22:30Z,Hagebro,2017,1016.4,19.8
2020-09-25T12:22:30Z,Hagebro,2017,1016.5,20
2020-09-25T13:22:30Z,Hagebro,2017,1016.3,19.7
2020-09-25T14:22:30Z,Hagebro,2017,1016.2,19.6
2020-09-25T15:22:30Z,Hagebro,2017,1016.1,19.5
2020-09-25T16:22:30Z,Hagebro,2017,1016,19.4
2020-09-25T17:22:30Z,Hagebro,2017,1015.8,19.2
2020-09-25T18:22:30Z,Hagebro,2017,1016,19.4
2020-09-25T19:22:30Z,Hagebro,2017,1015.8,19.2
2020-09-25T20:22:30Z,Hagebro,2017,1015.8,19.1
2020-09-25T21:22:30Z,Hagebro,2017,1015.6,19
2020-09-25T22:22:30Z,Hagebro,2017,1015.4,18.9
2020-09-25T23:22:30Z,Hagebro,2017,1015.3,18.7
2020-09-26T00:22:30Z,Hagebro,2017,1015.3,18.6
2020-09-26T01:22:30Z,Hagebro,2017,1015,18.4
2020-09-26T02:22:30Z,Hagebro,2017,1015.2,18.5
2020-09-26T03:22:30Z,Hagebro,2017,1015.3,18.6
2020-09-26T04:22:30Z,Hagebro,2017,1014.8,18.1
2020-09-26T05:22:30Z,Hagebro,2017,1015,18.2
2020-09-26T06:22:30Z,Hagebro,2017,1014.8,18.1
2020-09-26T07:22:30Z,Hagebro,2017,1014.7,18
2020-09-26T08:22:30Z,Hagebro,2017,1014.6,17.9
2020-09-26T09:22:30Z,Hagebro,2017,1014.5,17.8
2020-09-26T10:22:30Z,Hagebro,2017,1014.5,17.8
2020-09-26T11:22:30Z,Hagebro,2017,1015,18.3
2020-09-26T12:22:30Z,Hagebro,2017,1015.3,18.6
2020-09-26T13:22:30Z,Hagebro,2017,1014.8,18.1
2020-09-26T14:22:30Z,Hagebro,2017,1014.6,17.9
2020-09-26T15:22:30Z,Hagebro,2017,1014.6,17.8
2020-09-26T16:22:30Z,Hagebro,2017,1014.6,17.9
2020-09-11T00:22:30Z,Hagebro,2018,1012,17
2020-09-11T01:22:30Z,Hagebro,2018,1011.7,16.6
2020-09-11T02:22:30Z,Hagebro,2018,1011.3,16.3
2020-09-11T03:22:30Z,Hagebro,2018,1011,16
2020-09-11T04:22:30Z,Hagebro,2018,1010.7,15.8
2020-09-11T05:22:30Z,Hagebro,2018,1010.5,15.5
2020-09-11T06:22:30Z,Hagebro,2018,1010.5,15.5
2020-09-11T07:22:30Z,Hagebro,2018,1010.5,15.5
2020-09-11T08:22:30Z,Hagebro,2018,1010.7,15.7
2020-09-11T09:22:30Z,Hagebro,2018,1010.8,15.8
2020-09-11T10:22:30Z,Hagebro,2018,1010.7,15.7
2020-09-11T11:22:30Z,Hagebro,2018,1011.1,16.1
2020-09-11T12:22:30Z,Hagebro,2018,1011.9,16.9
2020-09-11T13:22:30Z,Hagebro,2018,1012.9,17.9
2020-09-11T14:22:30Z,Hagebro,2018,1013.6,18.6
2020-09-11T15:22:30Z,Hagebro,2018,1014.2,19.2
2020-09-11T16:22:30Z,Hagebro,2018,1014.5,19.5
2020-09-11T17:22:30Z,Hagebro,2018,1014.6,19.7
2020-09-11T18:22:30Z,Hagebro,2018,1014.5,19.5
2020-09-11T19:22:30Z,Hagebro,2018,1014.3,19.3
2020-09-11T20:22:30Z,Hagebro,2018,1014,19
2020-09-11T21:22:30Z,Hagebro,2018,1013.7,18.7
2020-09-11T22:22:30Z,Hagebro,2018,1013.5,18.5
2020-09-11T23:22:30Z,Hagebro,2018,1013.2,18.2
2020-09-12T00:22:30Z,Hagebro,2018,1013,18
2020-09-12T01:22:30Z,Hagebro,2018,1012.8,17.7
2020-09-12T02:22:30Z,Hagebro,2018,1012.5,17.4
2020-09-12T03:22:30Z,Hagebro,2018,1012.3,17.2
2020-09-12T04:22:30Z,Hagebro,2018,1012.4,17.2
2020-09-12T05:22:30Z,Hagebro,2018,1012.2,17.1
2020-09-12T06:22:30Z,Hagebro,2018,1012,16.9
2020-09-12T07:22:30Z,Hagebro,2018,1011.9,16.8
2020-09-12T08:22:30Z,Hagebro,2018,1011.7,16.6
2020-09-12T09:22:30Z,Hagebro,2018,1011.8,16.7
2020-09-12T10:22:30Z,Hagebro,2018,1012.1,17
2020-09-12T11:22:30Z,Hagebro,2018,1011.6,16.5
2020-09-12T12:22:30Z,Hagebro,2018,1011.3,16.2
2020-09-12T13:22:30Z,Hagebro,2018,1011,15.9
2020-09-12T14:22:30Z,Hagebro,2018,1010.5,15.4
2020-09-12T15:22:30Z,Hagebro,2018,1010.3,15.2
2020-09-12T16:22:30Z,Hagebro,2018,1010.1,14.9
2020-09-12T17:22:30Z,Hagebro,2018,1009.7,14.6
2020-09-12T18:22:30Z,Hagebro,2018,1009.5,14.4
2020-09-12T19:22:30Z,Hagebro,2018,1009.6,14.5
2020-09-12T20:22:30Z,Hagebro,2018,1009.8,14.8
2020-09-12T21:22:30Z,Hagebro,2018,1009.3,14.2
2020-09-12T22:22:30Z,Hagebro,2018,1008.7,13.6
2020-09-12T23:22:30Z,Hagebro,2018,1008.2,13.2
2020-09-13T00:22:30Z,Hagebro,2018,1008,12.8
2020-09-13T01:22:30Z,Hagebro,2018,1007.7,12.6
2020-09-13T02:22:30Z,Hagebro,2018,1007.6,12.4
2020-09-13T03:22:30Z,Hagebro,2018,1007.4,12.2
2020-09-13T04:22:30Z,Hagebro,2018,1007.3,12.2
2020-09-13T05:22:30Z,Hagebro,2018,1007.4,12.2
2020-09-13T06:22:30Z,Hagebro,2018,1007.6,12.4
2020-09-13T07:22:30Z,Hagebro,2018,1007.6,12.4
2020-09-13T08:22:30Z,Hagebro,2018,1008,12.8
2020-09-13T09:22:30Z,Hagebro,2018,1008.4,13.2
2020-09-13T10:22:30Z,Hagebro,2018,1008.1,12.9
2020-09-13T11:22:30Z,Hagebro,2018,1008.1,12.9
2020-09-13T12:22:30Z,Hagebro,2018,1008,12.8
2020-09-13T13:22:30Z,Hagebro,2018,1007.8,12.7
2020-09-13T14:22:30Z,Hagebro,2018,1008,12.8
2020-09-13T15:22:30Z,Hagebro,2018,1007.7,12.4
2020-09-13T16:22:30Z,Hagebro,2018,1007.3,12.1
2020-09-13T17:22:30Z,Hagebro,2018,1007.2,12
2020-09-13T18:22:30Z,Hagebro,2018,1006.9,11.7
2020-09-13T19:22:30Z,Hagebro,2018,1006.6,11.4
2020-09-13T20:22:30Z,Hagebro,2018,1006.4,11.2
2020-09-13T21:22:30Z,Hagebro,2018,1006.1,10.9
2020-09-13T22:22:30Z,Hagebro,2018,1005.9,10.7
2020-09-13T23:22:30Z,Hagebro,2018,1005.7,10.5
2020-09-14T00:22:30Z,Hagebro,2018,1005.5,10.2
2020-09-14T01:22:30Z,Hagebro,2018,1005.4,10.1
2020-09-14T02:22:30Z,Hagebro,2018,1005.3,10
2020-09-14T03:22:30Z,Hagebro,2018,1005.2,10
2020-09-14T04:22:30Z,Hagebro,2018,1005.1,9.8
2020-09-14T05:22:30Z,Hagebro,2018,1005,9.8
2020-09-14T06:22:30Z,Hagebro,2018,1005.4,10.1
2020-09-14T07:22:30Z,Hagebro,2018,1005.2,9.9
2020-09-14T08:22:30Z,Hagebro,2018,1005,9.8
2020-09-14T09:22:30Z,Hagebro,2018,1005.1,9.8
2020-09-14T10:22:30Z,Hagebro,2018,1005.2,9.8
2020-09-14T11:22:30Z,Hagebro,2018,1004.9,9.7
2020-09-14T12:22:30Z,Hagebro,2018,1004.6,9.3
2020-09-14T13:22:30Z,Hagebro,2018,1004.4,9.2
2020-09-14T14:22:30Z,Hagebro,2018,1004.7,9.4
2020-09-14T15:22:30Z,Hagebro,2018,1004.4,9.2
2020-09-14T16:22:30Z,Hagebro,2018,1004.2,8.9
2020-09-14T17:22:30Z,Hagebro,2018,1004,8.7
2020-09-14T18:22:30Z,Hagebro,2018,1003.8,8.5
2020-09-14T19:22:30Z,Hagebro,2018,1003.9,8.5
2020-09-14T20:22:30Z,Hagebro,2018,1004,8.7
2020-09-14T21:22:30Z,Hagebro,2018,1004,8.6
2020-09-14T22:22:30Z,Hagebro,2018,1003.8,8.5
2020-09-14T23:22:30Z,Hagebro,2018,1003.7,8.3
2020-09-15T00:22:30Z,Hagebro,2018,1003.8,8.3
2020-09-15T01:22:30Z,Hagebro,2018,1004.1,8.6
2020-09-15T02:22:30Z,Hagebro,2018,1004.6,9.1
2020-09-15T03:22:30Z,Hagebro,2018,1005,9.4
2020-09-15T04:22:30Z,Hagebro,2018,1005.4,9.9
2020-09-15T05:22:30Z,Hagebro,2018,1005.6,10.1
2020-09-15T06:22:30Z,Hagebro,2018,1005.9,10.4
2020-09-15T07:22:30Z,Hagebro,2018,1006.5,11
2020-09-15T08:22:30Z,Hagebro,2018,1006.7,11.2
2020-09-15T09:22:30Z,Hagebro,2018,1006.6,11.1
2020-09-15T10:22:30Z,Hagebro,2018,1006.6,11.1
2020-09-15T11:22:30Z,Hagebro,2018,1006.6,11.1
2020-09-15T12:22:30Z,Hagebro,2018,1006.6,11.1
2020-09-15T13:22:30Z,Hagebro,2018,1006.6,11.1
2020-09-15T14:22:30Z,Hagebro,2018,1006.6,11.1
2020-09-15T15:22:30Z,Hagebro,2018,1006.6,11.1
2020-09-15T16:22:30Z,Hagebro,2018,1006.6,11.1
2020-09-15T17:22:30Z,Hagebro,2018,1006.5,11
2020-09-15T18:22:30Z,Hagebro,2018,1006.5,11
2020-09-15T19:22:30Z,Hagebro,2018,1006.4,10.9
2020-09-15T20:22:30Z,Hagebro,2018,1006.4,10.9
2020-09-15T21:22:30Z,Hagebro,2018,1006.2,10.8
2020-09-15T22:22:30Z,Hagebro,2018,1006.1,10.6
2020-09-15T23:22:30Z,Hagebro,2018,1005.9,10.4
2020-09-16T00:22:30Z,Hagebro,2018,1005.7,10.1
2020-09-16T01:22:30Z,Hagebro,2018,1005.5,9.9
2020-09-16T02:22:30Z,Hagebro,2018,1005.3,9.7
2020-09-16T03:22:30Z,Hagebro,2018,1005.1,9.5
2020-09-16T04:22:30Z,Hagebro,2018,1004.9,9.3
2020-09-16T05:22:30Z,Hagebro,2018,1004.7,9.2
2020-09-16T06:22:30Z,Hagebro,2018,1004.6,9
2020-09-16T07:22:30Z,Hagebro,2018,1004.4,8.8
2020-09-16T08:22:30Z,Hagebro,2018,1004.3,8.7
2020-09-16T09:22:30Z,Hagebro,2018,1004.2,8.6
2020-09-16T10:22:30Z,Hagebro,2018,1004.1,8.5
2020-09-16T11:22:30Z,Hagebro,2018,1003.9,8.3
2020-09-16T12:22:30Z,Hagebro,2018,1003.8,8.2
2020-09-16T13:22:30Z,Hagebro,2018,1003.7,8.1
2020-09-16T14:22:30Z,Hagebro,2018,1003.6,8
2020-09-16T15:22:30Z,Hagebro,2018,1003.6,8
2020-09-16T16:22:30Z,Hagebro,2018,1003.6,8
2020-09-16T17:22:30Z,Hagebro,2018,1003.6,8
2020-09-16T18:22:30Z,Hagebro,2018,1003.7,8.1
2020-09-16T19:22:30Z,Hagebro,2018,1003.7,8.2
2020-09-16T20:22:30Z,Hagebro,2018,1003.8,8.2
2020-09-16T21:22:30Z,Hagebro,2018,1003.8,8.2
2020-09-16T22:22:30Z,Hagebro,2018,1003.8,8.2
2020-09-16T23:22:30Z,Hagebro,2018,1003.8,8.2
2020-09-17T00:22:30Z,Hagebro,2018,1003.8,8.1
2020-09-17T01:22:30Z,Hagebro,2018,1003.9,8.2
2020-09-17T02:22:30Z,Hagebro,2018,1003.8,8.1
2020-09-17T03:22:30Z,Hagebro,2018,1003.9,8.2
2020-09-17T04:22:30Z,Hagebro,2018,1003.8,8.1
2020-09-17T05:22:30Z,Hagebro,2018,1003.8,8.1
2020-09-17T06:22:30Z,Hagebro,2018,1003.9,8.2
2020-09-17T07:22:30Z,Hagebro,2018,1004.3,8.5
2020-09-17T08:22:30Z,Hagebro,2018,1004.3,8.6
2020-09-17T09:22:30Z,Hagebro,2018,1004.2,8.5
2020-09-17T10:22:30Z,Hagebro,2018,1004.2,8.5
2020-09-17T11:22:30Z,Hagebro,2018,1004.1,8.4
2020-09-17T12:22:30Z,Hagebro,2018,1004,8.3
2020-09-17T13:22:30Z,Hagebro,2018,1003.9,8.2
2020-09-17T14:22:30Z,Hagebro,2018,1003.8,8.1
2020-09-17T15:22:30Z,Hagebro,2018,1003.7,8
2020-09-17T16:22:30Z,Hagebro,2018,1003.7,8
2020-09-17T17:22:30Z,Hagebro,2018,1003.6,7.9
2020-09-17T18:22:30Z,Hagebro,2018,1003.5,7.8
2020-09-17T19:22:30Z,Hagebro,2018,1003.4,7.8
2020-09-17T20:22:30Z,Hagebro,2018,1003.3,7.6
2020-09-17T21:22:30Z,Hagebro,2018,1003.2,7.4
2020-09-17T22:22:30Z,Hagebro,2018,1003.1,7.4
2020-09-17T23:22:30Z,Hagebro,2018,1003,7.3
2020-09-18T00:22:30Z,Hagebro,2018,1002.9,7.1
2020-09-18T01:22:30Z,Hagebro,2018,1002.8,7
2020-09-18T02:22:30Z,Hagebro,2018,1002.7,7
2020-09-18T03:22:30Z,Hagebro,2018,1002.7,6.9
2020-09-18T04:22:30Z,Hagebro,2018,1002.7,6.9
2020-09-18T05:22:30Z,Hagebro,2018,1002.5,6.7
2020-09-18T06:22:30Z,Hagebro,2018,1002.6,6.8
2020-09-18T07:22:30Z,Hagebro,2018,1002.7,6.9
2020-09-18T08:22:30Z,Hagebro,2018,1002.6,6.8
2020-09-18T09:22:30Z,Hagebro,2018,1002.4,6.6
2020-09-18T10:22:30Z,Hagebro,2018,1002.1,6.2
2020-09-18T11:22:30Z,Hagebro,2018,1001.9,6
2020-09-18T12:22:30Z,Hagebro,2018,1002.2,6.4
2020-09-18T13:22:30Z,Hagebro,2018,1001.9,6.1
2020-09-18T14:22:30Z,Hagebro,2018,1001.2,5.4
2020-09-18T15:22:30Z,Hagebro,2018,1000.5,4.7
2020-09-18T16:22:30Z,Hagebro,2018,1000.8,5
2020-09-18T17:22:30Z,Hagebro,2018,1001.1,5.2
2020-09-18T18:22:30Z,Hagebro,2018,1001.3,5.5
2020-09-18T19:22:30Z,Hagebro,2018,1001.3,5.5
2020-09-18T20:22:30Z,Hagebro,2018,1001.2,5.4
2020-09-18T21:22:30Z,Hagebro,2018,1001.1,5.3
2020-09-18T22:22:30Z,Hagebro,2018,1001.1,5.3
2020-09-18T23:22:30Z,Hagebro,2018,1001,5.1
2020-09-19T00:22:30Z,Hagebro,2018,1000.9,5
2020-09-19T01:22:30Z,Hagebro,2018,1000.8,4.9
2020-09-19T02:22:30Z,Hagebro,2018,1000.7,4.8
2020-09-19T03:22:30Z,Hagebro,2018,1000.7,4.8
2020-09-19T04:22:30Z,Hagebro,2018,1000.6,4.7
2020-09-19T05:22:30Z,Hagebro,2018,1001.1,5.1
2020-09-19T06:22:30Z,Hagebro,2018,1001.1,5.2
2020-09-19T07:22:30Z,Hagebro,2018,1000.9,5
2020-09-19T08:22:30Z,Hagebro,2018,1000.6,4.8
2020-09-19T09:22:30Z,Hagebro,2018,1000.4,4.5
2020-09-19T10:22:30Z,Hagebro,2018,1000.4,4.4
2020-09-19T11:22:30Z,Hagebro,2018,1000.2,4.3
2020-09-19T12:22:30Z,Hagebro,2018,1000.1,4.2
2020-09-19T13:22:30Z,Hagebro,2018,1000,4.1
2020-09-19T14:22:30Z,Hagebro,2018,999.9,4
2020-09-19T15:22:30Z,Hagebro,2018,1000,4.1
2020-09-19T16:22:30Z,Hagebro,2018,1000,4
2020-09-19T17:22:30Z,Hagebro,2018,1000,4.2
2020-09-19T18:22:30Z,Hagebro,2018,1000.1,4.2
2020-09-19T19:22:30Z,Hagebro,2018,1000,4.1
2020-09-19T20:22:30Z,Hagebro,2018,1000.1,4.2
2020-09-19T21:22:30Z,Hagebro,2018,1000.1,4.2
2020-09-19T22:22:30Z,Hagebro,2018,1000,4.1
2020-09-19T23:22:30Z,Hagebro,2018,1000,4.1
2020-09-20T00:22:30Z,Hagebro,2018,999.9,4
2020-09-20T01:22:30Z,Hagebro,2018,999.9,3.9
2020-09-20T02:22:30Z,Hagebro,2018,999.8,3.9
2020-09-20T03:22:30Z,Hagebro,2018,999.8,3.8
2020-09-20T04:22:30Z,Hagebro,2018,999.7,3.7
2020-09-20T05:22:30Z,Hagebro,2018,999.6,3.6
2020-09-20T06:22:30Z,Hagebro,2018,1000.2,4.2
2020-09-20T07:22:30Z,Hagebro,2018,1000.3,4.3
2020-09-20T08:22:30Z,Hagebro,2018,1000.2,4.2
2020-09-20T09:22:30Z,Hagebro,2018,1000.1,4.1
2020-09-20T10:22:30Z,Hagebro,2018,1000.1,4.1
2020-09-20T11:22:30Z,Hagebro,2018,1000.1,4.1
2020-09-20T12:22:30Z,Hagebro,2018,1000.2,4.2
2020-09-20T13:22:30Z,Hagebro,2018,1000.2,4.2
2020-09-20T14:22:30Z,Hagebro,2018,1000.2,4.2
2020-09-20T15:22:30Z,Hagebro,2018,1000.2,4.2
2020-09-20T16:22:30Z,Hagebro,2018,1000.3,4.3
2020-09-20T17:22:30Z,Hagebro,2018,1000.3,4.3
2020-09-20T18:22:30Z,Hagebro,2018,1000.4,4.4
2020-09-20T19:22:30Z,Hagebro,2018,1000.8,4.9
2020-09-20T20:22:30Z,Hagebro,2018,1001.1,5.1
2020-09-20T21:22:30Z,Hagebro,2018,1001.3,5.3
2020-09-20T22:22:30Z,Hagebro,2018,1001.4,5.4
2020-09-20T23:22:30Z,Hagebro,2018,1001.5,5.4
2020-09-21T00:22:30Z,Hagebro,2018,1001.5,5.4
2020-09-21T01:22:30Z,Hagebro,2018,1001.6,5.4
2020-09-21T02:22:30Z,Hagebro,2018,1001.6,5.5
2020-09-21T03:22:30Z,Hagebro,2018,1001.7,5.6
2020-09-21T04:22:30Z,Hagebro,2018,1001.8,5.7
2020-09-21T05:22:30Z,Hagebro,2018,1001.9,5.8
2020-09-21T06:22:30Z,Hagebro,2018,1002.1,6
2020-09-21T07:22:30Z,Hagebro,2018,1002.3,6.2
2020-09-21T08:22:30Z,Hagebro,2018,1002.7,6.6
2020-09-21T09:22:30Z,Hagebro,2018,1003.2,7.1
2020-09-21T10:22:30Z,Hagebro,2018,1003.3,7.2
2020-09-21T11:22:30Z,Hagebro,2018,1003.5,7.4
2020-09-21T12:22:30Z,Hagebro,2018,1003.5,7.4
2020-09-21T13:22:30Z,Hagebro,2018,1003.5,7.3
2020-09-21T14:22:30Z,Hagebro,2018,1003.6,7.4
2020-09-21T15:22:30Z,Hagebro,2018,1003.5,7.4
2020-09-21T16:22:30Z,Hagebro,2018,1003.7,7.6
2020-09-21T17:22:30Z,Hagebro,2018,1004.4,8.3
2020-09-21T18:22:30Z,Hagebro,2018,1005,8.9
2020-09-21T19:22:30Z,Hagebro,2018,1004.9,8.8
2020-09-21T20:22:30Z,Hagebro,2018,1004.9,8.8
2020-09-21T21:22:30Z,Hagebro,2018,1004.9,8.8
2020-09-21T22:22:30Z,Hagebro,2018,1005,8.9
2020-09-21T23:22:30Z,Hagebro,2018,1005.2,9
2020-09-22T00:22:30Z,Hagebro,2018,1005.3,9
2020-09-22T01:22:30Z,Hagebro,2018,1005.3,9.2
2020-09-22T02:22:30Z,Hagebro,2018,1005.4,9.2
2020-09-22T03:22:30Z,Hagebro,2018,1005.5,9.3
2020-09-22T04:22:30Z,Hagebro,2018,1005.6,9.4
2020-09-22T05:22:30Z,Hagebro,2018,1005.5,9.3
2020-09-22T06:22:30Z,Hagebro,2018,1005.8,9.6
2020-09-22T07:22:30Z,Hagebro,2018,1006.7,10.4
2020-09-22T08:22:30Z,Hagebro,2018,1006.9,10.7
2020-09-22T09:22:30Z,Hagebro,2018,1007,10.8
2020-09-22T10:22:30Z,Hagebro,2018,1007,10.8
2020-09-22T11:22:30Z,Hagebro,2018,1007,10.8
2020-09-22T12:22:30Z,Hagebro,2018,1007,10.8
2020-09-22T13:22:30Z,Hagebro,2018,1006.9,10.8
2020-09-22T14:22:30Z,Hagebro,2018,1006.9,10.7
2020-09-22T15:22:30Z,Hagebro,2018,1006.9,10.7
2020-09-22T16:22:30Z,Hagebro,2018,1006.9,10.7
2020-09-22T17:22:30Z,Hagebro,2018,1007,10.8
2020-09-22T18:22:30Z,Hagebro,2018,1007.2,11
2020-09-22T19:22:30Z,Hagebro,2018,1007.4,11.2
2020-09-22T20:22:30Z,Hagebro,2018,1007.4,11.2
2020-09-22T21:22:30Z,Hagebro,2018,1007.5,11.3
2020-09-22T22:22:30Z,Hagebro,2018,1007.4,11.2
2020-09-22T23:22:30Z,Hagebro,2018,1007.3,11.1
2020-09-23T00:22:30Z,Hagebro,2018,1007.3,11
2020-09-23T01:22:30Z,Hagebro,2018,1007.2,10.9
2020-09-23T02:22:30Z,Hagebro,2018,1007.1,10.8
2020-09-23T03:22:30Z,Hagebro,2018,1006.9,10.6
2020-09-23T04:22:30Z,Hagebro,2018,1006.7,10.4
2020-09-23T05:22:30Z,Hagebro,2018,1006.4,10.1
2020-09-23T06:22:30Z,Hagebro,2018,1006.4,10.1
2020-09-23T07:22:30Z,Hagebro,2018,1007.5,11.2
2020-09-23T08:22:30Z,Hagebro,2018,1007.6,11.3
2020-09-23T09:22:30Z,Hagebro,2018,1007,10.7
2020-09-23T10:22:30Z,Hagebro,2018,1006.6,10.3
2020-09-23T11:22:30Z,Hagebro,2018,1006.4,10.1
2020-09-23T12:22:30Z,Hagebro,2018,1006.2,9.9
2020-09-23T13:22:30Z,Hagebro,2018,1006,9.8
2020-09-23T14:22:30Z,Hagebro,2018,1005.8,9.5
2020-09-23T15:22:30Z,Hagebro,2018,1005.6,9.3
2020-09-23T16:22:30Z,Hagebro,2018,1005.6,9.3
2020-09-23T17:22:30Z,Hagebro,2018,1005.4,9.1
2020-09-23T18:22:30Z,Hagebro,2018,1005.3,9
2020-09-23T19:22:30Z,Hagebro,2018,1005.1,8.8
2020-09-23T20:22:30Z,Hagebro,2018,1005.1,8.8
2020-09-23T21:22:30Z,Hagebro,2018,1004.7,8.4
2020-09-23T22:22:30Z,Hagebro,2018,1004.4,8.1
2020-09-23T23:22:30Z,Hagebro,2018,1004,7.7
2020-09-24T00:22:30Z,Hagebro,2018,1003.8,7.2
2020-09-24T01:22:30Z,Hagebro,2018,1003.6,7.1
2020-09-24T02:22:30Z,Hagebro,2018,1003.5,7
2020-09-24T03:22:30Z,Hagebro,2018,1003.3,6.8
2020-09-24T04:22:30Z,Hagebro,2018,1003.3,6.8
2020-09-24T05:22:30Z,Hagebro,2018,1003.1,6.6
2020-09-24T06:22:30Z,Hagebro,2018,1003,6.5
2020-09-24T07:22:30Z,Hagebro,2018,1003.2,6.7
2020-09-24T08:22:30Z,Hagebro,2018,1003.1,6.7
2020-09-24T09:22:30Z,Hagebro,2018,1003.1,6.6
2020-09-24T10:22:30Z,Hagebro,2018,1003,6.5
2020-09-24T11:22:30Z,Hagebro,2018,1002.9,6.4
2020-09-24T12:22:30Z,Hagebro,2018,1002.8,6.3
2020-09-24T13:22:30Z,Hagebro,2018,1002.7,6.2
2020-09-24T14:22:30Z,Hagebro,2018,1002.5,6
2020-09-24T15:22:30Z,Hagebro,2018,1002.4,5.9
2020-09-24T16:22:30Z,Hagebro,2018,1002.2,5.7
2020-09-24T17:22:30Z,Hagebro,2018,1002.1,5.6
2020-09-24T18:22:30Z,Hagebro,2018,1002,5.5
2020-09-24T19:22:30Z,Hagebro,2018,1001.9,5.4
2020-09-24T20:22:30Z,Hagebro,2018,1001.8,5.3
2020-09-24T21:22:30Z,Hagebro,2018,1001.7,5.2
2020-09-24T22:22:30Z,Hagebro,2018,1001.6,5.1
2020-09-24T23:22:30Z,Hagebro,2018,1001.5,5
2020-09-25T00:22:30Z,Hagebro,2018,1001.3,4.7
2020-09-25T01:22:30Z,Hagebro,2018,1001.1,4.6
2020-09-25T02:22:30Z,Hagebro,2018,1001.1,4.5
2020-09-25T03:22:30Z,Hagebro,2018,1001.1,4.5
2020-09-25T04:22:30Z,Hagebro,2018,1001.1,4.5
2020-09-25T05:22:30Z,Hagebro,2018,1001,4.4
2020-09-25T06:22:30Z,Hagebro,2018,1001.4,4.8
2020-09-25T07:22:30Z,Hagebro,2018,1001.8,5.2
2020-09-25T08:22:30Z,Hagebro,2018,1001.8,5.1
2020-09-25T09:22:30Z,Hagebro,2018,1001.4,4.8
2020-09-25T10:22:30Z,Hagebro,2018,1001.1,4.5
2020-09-25T11:22:30Z,Hagebro,2018,1000.9,4.3
2020-09-25T12:22:30Z,Hagebro,2018,1000.7,4.1
2020-09-25T13:22:30Z,Hagebro,2018,1000.6,4
2020-09-25T14:22:30Z,Hagebro,2018,1000.5,3.9
2020-09-25T15:22:30Z,Hagebro,2018,1000.4,3.8
2020-09-25T16:22:30Z,Hagebro,2018,1000.4,3.8
2020-09-25T17:22:30Z,Hagebro,2018,1000.4,3.8
2020-09-25T18:22:30Z,Hagebro,2018,1000.3,3.7
2020-09-25T19:22:30Z,Hagebro,2018,1000.3,3.7
2020-09-25T20:22:30Z,Hagebro,2018,1000.2,3.6
2020-09-25T21:22:30Z,Hagebro,2018,1000.2,3.6
2020-09-25T22:22:30Z,Hagebro,2018,1000.1,3.5
2020-09-25T23:22:30Z,Hagebro,2018,1000.2,3.6
2020-09-26T00:22:30Z,Hagebro,2018,1000.2,3.5
2020-09-26T01:22:30Z,Hagebro,2018,1000.1,3.4
2020-09-26T02:22:30Z,Hagebro,2018,1000.1,3.4
2020-09-26T03:22:30Z,Hagebro,2018,1000,3.3
2020-09-26T04:22:30Z,Hagebro,2018,1000,3.3
2020-09-26T05:22:30Z,Hagebro,2018,1000.1,3.4
2020-09-26T06:22:30Z,Hagebro,2018,1000.2,3.5
2020-09-26T07:22:30Z,Hagebro,2018,1000.3,3.6
2020-09-26T08:22:30Z,Hagebro,2018,1000.1,3.4
2020-09-26T09:22:30Z,Hagebro,2018,1000.2,3.4
2020-09-26T10:22:30Z,Hagebro,2018,1000.2,3.5
2020-09-26T11:22:30Z,Hagebro,2018,1000.1,3.4
2020-09-26T12:22:30Z,Hagebro,2018,1000.1,3.4
2020-09-26T13:22:30Z,Hagebro,2018,1000.1,3.4
2020-09-26T14:22:30Z,Hagebro,2018,1000.1,3.4
2020-09-26T15:22:30Z,Hagebro,2018,1000.2,3.5
2020-09-26T16:22:30Z,Hagebro,2018,1000.2,3.5
2020-09-11T00:22:30Z,Hagebro,2020,990,-5.1
2020-09-11T01:22:30Z,Hagebro,2020,989.9,-5.1
2020-09-11T02:22:30Z,Hagebro,2020,989.9,-5.2
2020-09-11T03:22:30Z,Hagebro,2020,989.8,-5.3
2020-09-11T04:22:30Z,Hagebro,2020,989.8,-5.3
2020-09-11T05:22:30Z,Hagebro,2020,989.8,-5.2
2020-09-11T06:22:30Z,Hagebro,2020,989.9,-5.2
2020-09-11T07:22:30Z,Hagebro,2020,989.9,-5.2
2020-09-11T08:22:30Z,Hagebro,2020,990.1,-5.1
2020-09-11T09:15:00Z,Hagebro,2020,990.5,-4.6
2020-09-11T10:15:00Z,Hagebro,2020,990.2,-4.9
2020-09-11T11:22:30Z,Hagebro,2020,990.4,-4.7
2020-09-11T12:22:30Z,Hagebro,2020,990.4,-4.7
2020-09-11T13:22:30Z,Hagebro,2020,990.5,-4.6
2020-09-11T14:22:30Z,Hagebro,2020,990.6,-4.6
2020-09-11T15:22:30Z,Hagebro,2020,990.6,-4.5
2020-09-11T16:22:30Z,Hagebro,2020,990.5,-4.6
2020-09-11T17:22:30Z,Hagebro,2020,990.3,-4.8
2020-09-11T18:22:30Z,Hagebro,2020,990.1,-5
2020-09-11T19:22:30Z,Hagebro,2020,989.9,-5.2
2020-09-11T20:22:30Z,Hagebro,2020,989.9,-5.2
2020-09-11T21:22:30Z,Hagebro,2020,989.8,-5.3
2020-09-11T22:22:30Z,Hagebro,2020,989.7,-5.4
2020-09-11T23:22:30Z,Hagebro,2020,989.6,-5.4
2020-09-12T00:22:30Z,Hagebro,2020,989.5,-5.7
2020-09-12T01:22:30Z,Hagebro,2020,989.5,-5.7
2020-09-12T02:22:30Z,Hagebro,2020,989.6,-5.6
2020-09-12T03:22:30Z,Hagebro,2020,989.6,-5.6
2020-09-12T04:22:30Z,Hagebro,2020,989.6,-5.6
2020-09-12T05:22:30Z,Hagebro,2020,989.6,-5.6
2020-09-12T06:22:30Z,Hagebro,2020,989.8,-5.4
2020-09-12T07:22:30Z,Hagebro,2020,990.1,-5.1
2020-09-12T08:22:30Z,Hagebro,2020,990.7,-4.5
2020-09-12T09:22:30Z,Hagebro,2020,991.1,-4.1
2020-09-12T10:22:30Z,Hagebro,2020,991.6,-3.7
2020-09-12T11:22:30Z,Hagebro,2020,992.2,-3
2020-09-12T12:22:30Z,Hagebro,2020,992.8,-2.4
2020-09-12T13:22:30Z,Hagebro,2020,993.5,-1.7
2020-09-12T14:22:30Z,Hagebro,2020,994.1,-1.1
2020-09-12T15:22:30Z,Hagebro,2020,994.3,-0.9
2020-09-12T16:22:30Z,Hagebro,2020,994.5,-0.7
2020-09-12T17:22:30Z,Hagebro,2020,994.6,-0.6
2020-09-12T18:22:30Z,Hagebro,2020,994.8,-0.4
2020-09-12T19:22:30Z,Hagebro,2020,994.9,-0.3
2020-09-12T20:22:30Z,Hagebro,2020,995,-0.2
2020-09-12T21:22:30Z,Hagebro,2020,995,-0.2
2020-09-12T22:22:30Z,Hagebro,2020,994.9,-0.3
2020-09-12T23:22:30Z,Hagebro,2020,994.8,-0.4
2020-09-13T00:22:30Z,Hagebro,2020,994.6,-0.7
2020-09-13T01:22:30Z,Hagebro,2020,994.5,-0.8
2020-09-13T02:22:30Z,Hagebro,2020,994.3,-1
2020-09-13T03:22:30Z,Hagebro,2020,994.1,-1.2
2020-09-13T04:22:30Z,Hagebro,2020,993.9,-1.4
2020-09-13T05:22:30Z,Hagebro,2020,993.8,-1.5
2020-09-13T06:22:30Z,Hagebro,2020,993.7,-1.6
2020-09-13T07:22:30Z,Hagebro,2020,993.6,-1.7
2020-09-13T08:22:30Z,Hagebro,2020,993.5,-1.8
2020-09-13T09:22:30Z,Hagebro,2020,993.3,-2
2020-09-13T10:22:30Z,Hagebro,2020,993.2,-2.1
2020-09-13T11:22:30Z,Hagebro,2020,992.9,-2.4
2020-09-13T12:22:30Z,Hagebro,2020,992.8,-2.5
2020-09-13T13:22:30Z,Hagebro,2020,992.7,-2.6
2020-09-13T14:22:30Z,Hagebro,2020,992.6,-2.7
2020-09-13T15:22:30Z,Hagebro,2020,992.6,-2.7
2020-09-13T16:22:30Z,Hagebro,2020,992.4,-2.9
2020-09-13T17:22:30Z,Hagebro,2020,992.2,-3
2020-09-13T18:22:30Z,Hagebro,2020,992.1,-3.2
2020-09-13T19:22:30Z,Hagebro,2020,991.9,-3.4
2020-09-13T20:22:30Z,Hagebro,2020,991.9,-3.5
2020-09-13T21:22:30Z,Hagebro,2020,991.8,-3.5
2020-09-13T22:22:30Z,Hagebro,2020,991.6,-3.7
2020-09-13T23:22:30Z,Hagebro,2020,991.6,-3.7
2020-09-14T00:22:30Z,Hagebro,2020,991.6,-3.9
2020-09-14T01:22:30Z,Hagebro,2020,991.5,-4
2020-09-14T02:22:30Z,Hagebro,2020,991.4,-4
2020-09-14T03:22:30Z,Hagebro,2020,991.4,-4.1
2020-09-14T04:22:30Z,Hagebro,2020,991.4,-4.1
2020-09-14T05:22:30Z,Hagebro,2020,991.6,-3.9
2020-09-14T06:22:30Z,Hagebro,2020,991.9,-3.6
2020-09-14T07:22:30Z,Hagebro,2020,991.9,-3.6
2020-09-14T08:22:30Z,Hagebro,2020,991.9,-3.6
2020-09-14T09:22:30Z,Hagebro,2020,991.7,-3.7
2020-09-14T10:22:30Z,Hagebro,2020,991.6,-3.9
2020-09-14T11:22:30Z,Hagebro,2020,991.6,-4
2020-09-14T12:22:30Z,Hagebro,2020,991.6,-3.9
2020-09-14T13:22:30Z,Hagebro,2020,991.6,-3.9
2020-09-14T14:22:30Z,Hagebro,2020,991.4,-4.1
2020-09-14T15:22:30Z,Hagebro,2020,991.3,-4.2
2020-09-14T16:22:30Z,Hagebro,2020,991.2,-4.3
2020-09-14T17:22:30Z,Hagebro,2020,991,-4.5
2020-09-14T18:22:30Z,Hagebro,2020,990.9,-4.6
2020-09-14T19:22:30Z,Hagebro,2020,990.8,-4.7
2020-09-14T20:22:30Z,Hagebro,2020,990.6,-4.9
2020-09-14T21:22:30Z,Hagebro,2020,990.7,-4.9
2020-09-14T22:22:30Z,Hagebro,2020,990.7,-4.8
2020-09-14T23:22:30Z,Hagebro,2020,990.7,-4.7
2020-09-15T00:22:30Z,Hagebro,2020,990.9,-4.8
2020-09-15T01:22:30Z,Hagebro,2020,990.9,-4.7
2020-09-15T02:22:30Z,Hagebro,2020,990.9,-4.7
2020-09-15T03:22:30Z,Hagebro,2020,990.8,-4.8
2020-09-15T04:22:30Z,Hagebro,2020,990.8,-4.8
2020-09-15T05:22:30Z,Hagebro,2020,990.7,-4.9
2020-09-15T06:22:30Z,Hagebro,2020,990.7,-4.9
2020-09-15T07:22:30Z,Hagebro,2020,990.5,-5.1
2020-09-15T08:22:30Z,Hagebro,2020,990.6,-5
2020-09-15T09:22:30Z,Hagebro,2020,990.8,-4.8
2020-09-15T10:22:30Z,Hagebro,2020,990.7,-4.9
2020-09-15T11:22:30Z,Hagebro,2020,990.4,-5.2
2020-09-15T12:22:30Z,Hagebro,2020,990.3,-5.3
2020-09-15T13:22:30Z,Hagebro,2020,990.5,-5.1
2020-09-15T14:22:30Z,Hagebro,2020,990.3,-5.3
2020-09-15T15:22:30Z,Hagebro,2020,990,-5.6
2020-09-15T16:22:30Z,Hagebro,2020,989.8,-5.8
2020-09-15T17:22:30Z,Hagebro,2020,989.6,-6
2020-09-15T18:22:30Z,Hagebro,2020,989.5,-6.1
2020-09-15T19:22:30Z,Hagebro,2020,989.4,-6.2
2020-09-15T20:22:30Z,Hagebro,2020,989.4,-6.2
2020-09-15T21:22:30Z,Hagebro,2020,989.3,-6.3
2020-09-15T22:22:30Z,Hagebro,2020,989.1,-6.4
2020-09-15T23:22:30Z,Hagebro,2020,989.1,-6.5
2020-09-16T00:22:30Z,Hagebro,2020,989.2,-6.5
2020-09-16T01:22:30Z,Hagebro,2020,989.3,-6.4
2020-09-16T02:22:30Z,Hagebro,2020,989.3,-6.4
2020-09-16T03:22:30Z,Hagebro,2020,989.2,-6.5
2020-09-16T04:22:30Z,Hagebro,2020,989.2,-6.5
2020-09-16T05:22:30Z,Hagebro,2020,989.3,-6.4
2020-09-16T06:22:30Z,Hagebro,2020,989.4,-6.3
2020-09-16T07:22:30Z,Hagebro,2020,989.4,-6.3
2020-09-16T08:22:30Z,Hagebro,2020,989.4,-6.3
2020-09-16T09:22:30Z,Hagebro,2020,989.4,-6.3
2020-09-16T10:22:30Z,Hagebro,2020,989.3,-6.4
2020-09-16T11:22:30Z,Hagebro,2020,989.1,-6.6
2020-09-16T12:22:30Z,Hagebro,2020,989,-6.7
2020-09-16T13:22:30Z,Hagebro,2020,988.8,-6.9
2020-09-16T14:22:30Z,Hagebro,2020,988.6,-7.1
2020-09-16T15:22:30Z,Hagebro,2020,988.6,-7.1
2020-09-16T16:22:30Z,Hagebro,2020,988.5,-7.2
2020-09-16T17:22:30Z,Hagebro,2020,988.4,-7.3
2020-09-16T18:22:30Z,Hagebro,2020,988.4,-7.3
2020-09-16T19:22:30Z,Hagebro,2020,988.3,-7.4
2020-09-16T20:22:30Z,Hagebro,2020,988.3,-7.4
2020-09-16T21:22:30Z,Hagebro,2020,988.2,-7.5
2020-09-16T22:22:30Z,Hagebro,2020,988.2,-7.5
2020-09-16T23:22:30Z,Hagebro,2020,988.1,-7.6
2020-09-17T00:22:30Z,Hagebro,2020,988,-7.8
2020-09-17T01:22:30Z,Hagebro,2020,988,-7.8
2020-09-17T02:22:30Z,Hagebro,2020,988.1,-7.7
2020-09-17T03:22:30Z,Hagebro,2020,988.1,-7.8
2020-09-17T04:22:30Z,Hagebro,2020,988,-7.8
2020-09-17T05:22:30Z,Hagebro,2020,987.9,-7.9
2020-09-17T06:22:30Z,Hagebro,2020,987.7,-8.1
2020-09-17T07:22:30Z,Hagebro,2020,987.8,-8.1
2020-09-17T08:22:30Z,Hagebro,2020,988,-7.8
2020-09-17T09:22:30Z,Hagebro,2020,988.3,-7.5
2020-09-17T10:22:30Z,Hagebro,2020,987.9,-8
2020-09-17T11:22:30Z,Hagebro,2020,987.4,-8.4
2020-09-17T12:22:30Z,Hagebro,2020,987.5,-8.3
2020-09-17T13:22:30Z,Hagebro,2020,987.6,-8.2
2020-09-17T14:22:30Z,Hagebro,2020,987.6,-8.2
2020-09-17T15:22:30Z,Hagebro,2020,987.6,-8.2
2020-09-17T16:22:30Z,Hagebro,2020,987.6,-8.2
2020-09-17T17:22:30Z,Hagebro,2020,987.6,-8.2
2020-09-17T18:22:30Z,Hagebro,2020,987.5,-8.3
2020-09-17T19:22:30Z,Hagebro,2020,987.4,-8.4
2020-09-17T20:22:30Z,Hagebro,2020,987.3,-8.5
2020-09-17T21:22:30Z,Hagebro,2020,987.2,-8.6
2020-09-17T22:22:30Z,Hagebro,2020,987.3,-8.5
2020-09-17T23:22:30Z,Hagebro,2020,987.3,-8.5
2020-09-18T00:22:30Z,Hagebro,2020,987.3,-8.6
2020-09-18T01:22:30Z,Hagebro,2020,987.4,-8.5
2020-09-18T02:22:30Z,Hagebro,2020,987.4,-8.4
2020-09-18T03:22:30Z,Hagebro,2020,987.4,-8.5
2020-09-18T04:22:30Z,Hagebro,2020,987.3,-8.6
2020-09-18T05:22:30Z,Hagebro,2020,987.4,-8.5
2020-09-18T06:22:30Z,Hagebro,2020,987.4,-8.5
2020-09-18T07:22:30Z,Hagebro,2020,987.4,-8.5
2020-09-18T08:22:30Z,Hagebro,2020,987.5,-8.4
2020-09-18T09:22:30Z,Hagebro,2020,987.5,-8.4
2020-09-18T10:22:30Z,Hagebro,2020,987.5,-8.4
2020-09-18T11:22:30Z,Hagebro,2020,987.5,-8.4
2020-09-18T12:22:30Z,Hagebro,2020,987.5,-8.4
2020-09-18T13:22:30Z,Hagebro,2020,987.5,-8.4
2020-09-18T14:22:30Z,Hagebro,2020,987.5,-8.4
2020-09-18T15:22:30Z,Hagebro,2020,987.6,-8.3
2020-09-18T16:22:30Z,Hagebro,2020,987.5,-8.4
2020-09-18T17:22:30Z,Hagebro,2020,987.4,-8.5
2020-09-18T18:22:30Z,Hagebro,2020,987.3,-8.6
2020-09-18T19:22:30Z,Hagebro,2020,987.2,-8.6
2020-09-18T20:22:30Z,Hagebro,2020,987.2,-8.7
2020-09-18T21:22:30Z,Hagebro,2020,987.2,-8.7
2020-09-18T22:22:30Z,Hagebro,2020,987.1,-8.8
2020-09-18T23:22:30Z,Hagebro,2020,987.1,-8.8
2020-09-19T00:22:30Z,Hagebro,2020,987.1,-8.9
2020-09-19T01:22:30Z,Hagebro,2020,987,-9
2020-09-19T02:22:30Z,Hagebro,2020,987.1,-8.9
2020-09-19T03:22:30Z,Hagebro,2020,987.1,-8.9
2020-09-19T04:22:30Z,Hagebro,2020,987.2,-8.8
2020-09-19T05:22:30Z,Hagebro,2020,987.2,-8.8
2020-09-19T06:22:30Z,Hagebro,2020,987.2,-8.8
2020-09-19T07:22:30Z,Hagebro,2020,987.3,-8.7
2020-09-19T08:22:30Z,Hagebro,2020,987.3,-8.6
2020-09-19T09:22:30Z,Hagebro,2020,987.3,-8.7
2020-09-19T10:22:30Z,Hagebro,2020,987.4,-8.6
2020-09-19T11:22:30Z,Hagebro,2020,987.5,-8.5
2020-09-19T12:22:30Z,Hagebro,2020,987.5,-8.5
2020-09-19T13:22:30Z,Hagebro,2020,987.5,-8.6
2020-09-19T14:22:30Z,Hagebro,2020,987.5,-8.5
2020-09-19T15:22:30Z,Hagebro,2020,987.5,-8.5
2020-09-19T16:22:30Z,Hagebro,2020,987.5,-8.5
2020-09-19T17:22:30Z,Hagebro,2020,987.6,-8.4
2020-09-19T18:22:30Z,Hagebro,2020,987.5,-8.5
2020-09-19T19:22:30Z,Hagebro,2020,987.4,-8.6
2020-09-19T20:22:30Z,Hagebro,2020,987.4,-8.6
2020-09-19T21:22:30Z,Hagebro,2020,987.4,-8.6
2020-09-19T22:22:30Z,Hagebro,2020,987.4,-8.6
2020-09-19T23:22:30Z,Hagebro,2020,987.4,-8.6
2020-09-20T00:22:30Z,Hagebro,2020,987.5,-8.6
2020-09-20T01:22:30Z,Hagebro,2020,987.5,-8.6
2020-09-20T02:22:30Z,Hagebro,2020,987.6,-8.5
2020-09-20T03:22:30Z,Hagebro,2020,987.6,-8.5
2020-09-20T04:22:30Z,Hagebro,2020,987.6,-8.5
2020-09-20T05:22:30Z,Hagebro,2020,987.7,-8.4
2020-09-20T06:22:30Z,Hagebro,2020,987.8,-8.3
2020-09-20T07:22:30Z,Hagebro,2020,987.8,-8.3
2020-09-20T08:22:30Z,Hagebro,2020,987.7,-8.3
2020-09-20T09:22:30Z,Hagebro,2020,987.7,-8.4
2020-09-20T10:22:30Z,Hagebro,2020,987.7,-8.4
2020-09-20T11:22:30Z,Hagebro,2020,987.7,-8.4
2020-09-20T12:22:30Z,Hagebro,2020,987.6,-8.5
2020-09-20T13:22:30Z,Hagebro,2020,987.6,-8.5
2020-09-20T14:22:30Z,Hagebro,2020,987.7,-8.4
2020-09-20T15:22:30Z,Hagebro,2020,987.7,-8.3
2020-09-20T16:22:30Z,Hagebro,2020,987.7,-8.4
2020-09-20T17:22:30Z,Hagebro,2020,987.7,-8.4
2020-09-20T18:22:30Z,Hagebro,2020,987.7,-8.5
2020-09-20T19:22:30Z,Hagebro,2020,987.6,-8.5
2020-09-20T20:22:30Z,Hagebro,2020,987.6,-8.5
2020-09-20T21:22:30Z,Hagebro,2020,987.5,-8.6
2020-09-20T22:22:30Z,Hagebro,2020,987.5,-8.6
2020-09-20T23:22:30Z,Hagebro,2020,987.4,-8.6
2020-09-21T00:22:30Z,Hagebro,2020,987.4,-8.8
2020-09-21T01:22:30Z,Hagebro,2020,987.5,-8.8
2020-09-21T02:22:30Z,Hagebro,2020,987.5,-8.7
2020-09-21T03:22:30Z,Hagebro,2020,987.6,-8.6
2020-09-21T04:22:30Z,Hagebro,2020,987.7,-8.5
2020-09-21T05:22:30Z,Hagebro,2020,987.8,-8.4
2020-09-21T06:22:30Z,Hagebro,2020,987.8,-8.3
2020-09-21T07:22:30Z,Hagebro,2020,987.8,-8.4
2020-09-21T08:22:30Z,Hagebro,2020,987.8,-8.4
2020-09-21T09:22:30Z,Hagebro,2020,987.7,-8.5
2020-09-21T10:22:30Z,Hagebro,2020,987.7,-8.5
2020-09-21T11:22:30Z,Hagebro,2020,987.7,-8.5
2020-09-21T12:22:30Z,Hagebro,2020,987.8,-8.5
2020-09-21T13:22:30Z,Hagebro,2020,987.7,-8.5
2020-09-21T14:22:30Z,Hagebro,2020,987.6,-8.6
2020-09-21T15:22:30Z,Hagebro,2020,987.6,-8.6
2020-09-21T16:22:30Z,Hagebro,2020,987.6,-8.6
2020-09-21T17:22:30Z,Hagebro,2020,987.5,-8.6
2020-09-21T18:22:30Z,Hagebro,2020,987.5,-8.7
2020-09-21T19:22:30Z,Hagebro,2020,987.5,-8.7
2020-09-21T20:22:30Z,Hagebro,2020,987.4,-8.8
2020-09-21T21:22:30Z,Hagebro,2020,987.4,-8.8
2020-09-21T22:22:30Z,Hagebro,2020,987.4,-8.8
2020-09-21T23:22:30Z,Hagebro,2020,987.3,-8.9
2020-09-22T00:22:30Z,Hagebro,2020,987.3,-9
2020-09-22T01:22:30Z,Hagebro,2020,987.4,-8.9
2020-09-22T02:22:30Z,Hagebro,2020,987.4,-8.9
2020-09-22T03:22:30Z,Hagebro,2020,987.4,-8.9
2020-09-22T04:22:30Z,Hagebro,2020,987.4,-8.9
2020-09-22T05:22:30Z,Hagebro,2020,987.5,-8.8
2020-09-22T06:22:30Z,Hagebro,2020,987.6,-8.7
2020-09-22T07:22:30Z,Hagebro,2020,987.6,-8.6
2020-09-22T08:22:30Z,Hagebro,2020,987.5,-8.8
2020-09-22T09:22:30Z,Hagebro,2020,987.4,-8.9
2020-09-22T10:22:30Z,Hagebro,2020,987.4,-8.9
2020-09-22T11:22:30Z,Hagebro,2020,987.4,-8.9
2020-09-22T12:22:30Z,Hagebro,2020,987.4,-8.9
2020-09-22T13:22:30Z,Hagebro,2020,987.3,-9
2020-09-22T14:22:30Z,Hagebro,2020,987.3,-9
2020-09-22T15:22:30Z,Hagebro,2020,987.3,-9
2020-09-22T16:22:30Z,Hagebro,2020,987.3,-9
2020-09-22T17:22:30Z,Hagebro,2020,987.3,-9
2020-09-22T18:22:30Z,Hagebro,2020,987.3,-9
2020-09-22T19:22:30Z,Hagebro,2020,987.2,-9.1
2020-09-22T20:22:30Z,Hagebro,2020,987,-9.3
2020-09-22T21:22:30Z,Hagebro,2020,987,-9.3
2020-09-22T22:22:30Z,Hagebro,2020,987,-9.2
2020-09-22T23:22:30Z,Hagebro,2020,987.1,-9.2
2020-09-23T00:22:30Z,Hagebro,2020,987,-9.5
2020-09-23T01:22:30Z,Hagebro,2020,987,-9.4
2020-09-23T02:22:30Z,Hagebro,2020,987.1,-9.4
2020-09-23T03:22:30Z,Hagebro,2020,987,-9.4
2020-09-23T04:22:30Z,Hagebro,2020,987.1,-9.4
2020-09-23T05:22:30Z,Hagebro,2020,987.2,-9.3
2020-09-23T06:22:30Z,Hagebro,2020,987.2,-9.2
2020-09-23T07:22:30Z,Hagebro,2020,987.2,-9.3
2020-09-23T08:22:30Z,Hagebro,2020,987.1,-9.4
2020-09-23T09:22:30Z,Hagebro,2020,987.2,-9.3
2020-09-23T10:22:30Z,Hagebro,2020,987.3,-9.2
2020-09-23T11:22:30Z,Hagebro,2020,987.5,-9
2020-09-23T12:22:30Z,Hagebro,2020,987.5,-8.9
2020-09-23T13:22:30Z,Hagebro,2020,987.6,-8.9
2020-09-23T14:22:30Z,Hagebro,2020,987.6,-8.9
2020-09-23T15:22:30Z,Hagebro,2020,987.8,-8.7
2020-09-23T16:22:30Z,Hagebro,2020,988,-8.5
2020-09-23T17:22:30Z,Hagebro,2020,988,-8.5
2020-09-23T18:22:30Z,Hagebro,2020,988,-8.5
2020-09-23T19:22:30Z,Hagebro,2020,987.9,-8.6
2020-09-23T20:22:30Z,Hagebro,2020,987.9,-8.6
2020-09-23T21:22:30Z,Hagebro,2020,987.9,-8.6
2020-09-23T22:22:30Z,Hagebro,2020,987.8,-8.7
2020-09-23T23:22:30Z,Hagebro,2020,987.9,-8.6
2020-09-24T00:22:30Z,Hagebro,2020,988,-8.6
2020-09-24T01:22:30Z,Hagebro,2020,988,-8.5
2020-09-24T02:22:30Z,Hagebro,2020,988.1,-8.5
2020-09-24T03:22:30Z,Hagebro,2020,988.2,-8.4
2020-09-24T04:22:30Z,Hagebro,2020,988.4,-8.2
2020-09-24T05:22:30Z,Hagebro,2020,988.9,-7.8
2020-09-24T06:22:30Z,Hagebro,2020,989.1,-7.5
2020-09-24T07:22:30Z,Hagebro,2020,989.1,-7.6
2020-09-24T08:22:30Z,Hagebro,2020,989.4,-7.2
2020-09-24T09:22:30Z,Hagebro,2020,989.6,-7
2020-09-24T10:22:30Z,Hagebro,2020,989.2,-7.4
2020-09-24T11:22:30Z,Hagebro,2020,988.5,-8.1
2020-09-24T12:22:30Z,Hagebro,2020,988.3,-8.3
2020-09-24T13:22:30Z,Hagebro,2020,988.6,-8.1
2020-09-24T14:22:30Z,Hagebro,2020,988.8,-7.8
2020-09-24T15:22:30Z,Hagebro,2020,988.9,-7.7
2020-09-24T16:22:30Z,Hagebro,2020,989.1,-7.6
2020-09-24T17:22:30Z,Hagebro,2020,989.4,-7.2
2020-09-24T18:22:30Z,Hagebro,2020,989.6,-7
2020-09-24T19:22:30Z,Hagebro,2020,990,-6.6
2020-09-24T20:22:30Z,Hagebro,2020,990.4,-6.2
2020-09-24T21:22:30Z,Hagebro,2020,990.6,-6
2020-09-24T22:22:30Z,Hagebro,2020,990.6,-6
2020-09-24T23:22:30Z,Hagebro,2020,990.8,-5.8
2020-09-25T00:22:30Z,Hagebro,2020,991,-5.8
2020-09-25T01:22:30Z,Hagebro,2020,991.1,-5.6
2020-09-25T02:22:30Z,Hagebro,2020,991.2,-5.5
2020-09-25T03:22:30Z,Hagebro,2020,991.3,-5.4
2020-09-25T04:22:30Z,Hagebro,2020,991.3,-5.4
2020-09-25T05:22:30Z,Hagebro,2020,991.5,-5.2
2020-09-25T06:22:30Z,Hagebro,2020,991.6,-5.1
2020-09-25T07:22:30Z,Hagebro,2020,991.5,-5.1
2020-09-25T08:22:30Z,Hagebro,2020,991.6,-5.1
2020-09-25T09:22:30Z,Hagebro,2020,991.8,-4.9
2020-09-25T10:22:30Z,Hagebro,2020,991.6,-5.1
2020-09-25T11:22:30Z,Hagebro,2020,991.1,-5.6
2020-09-25T12:22:30Z,Hagebro,2020,990.8,-5.9
2020-09-25T13:22:30Z,Hagebro,2020,990.6,-6.1
2020-09-25T14:22:30Z,Hagebro,2020,990.4,-6.3
2020-09-25T15:22:30Z,Hagebro,2020,990.2,-6.5
2020-09-25T16:22:30Z,Hagebro,2020,989.9,-6.8
2020-09-25T17:22:30Z,Hagebro,2020,989.8,-6.9
2020-09-25T18:22:30Z,Hagebro,2020,989.5,-7.1
2020-09-25T19:22:30Z,Hagebro,2020,989.4,-7.2
2020-09-25T20:22:30Z,Hagebro,2020,989.4,-7.3
2020-09-25T21:22:30Z,Hagebro,2020,989.5,-7.2
2020-09-25T22:22:30Z,Hagebro,2020,989.4,-7.2
2020-09-25T23:22:30Z,Hagebro,2020,989.4,-7.3
2020-09-26T00:22:30Z,Hagebro,2020,989.5,-7.3
2020-09-26T01:22:30Z,Hagebro,2020,989.6,-7.2
2020-09-26T02:22:30Z,Hagebro,2020,989.6,-7.2
2020-09-26T03:22:30Z,Hagebro,2020,989.6,-7.2
2020-09-26T04:22:30Z,Hagebro,2020,989.6,-7.2
2020-09-26T05:22:30Z,Hagebro,2020,989.7,-7.1
2020-09-26T06:22:30Z,Hagebro,2020,989.8,-7
2020-09-26T07:22:30Z,Hagebro,2020,989.7,-7.1
2020-09-26T08:22:30Z,Hagebro,2020,989.6,-7.2
2020-09-26T09:22:30Z,Hagebro,2020,989.6,-7.2
2020-09-26T10:22:30Z,Hagebro,2020,989.6,-7.2
2020-09-26T11:22:30Z,Hagebro,2020,989.6,-7.2
2020-09-26T12:22:30Z,Hagebro,2020,989.5,-7.3
2020-09-26T13:22:30Z,Hagebro,2020,989.3,-7.5
2020-09-26T14:22:30Z,Hagebro,2020,989.2,-7.6
2020-09-26T15:22:30Z,Hagebro,2020,989.1,-7.6
2020-09-26T16:22:30Z,Hagebro,2020,989,-7.7
2020-09-11T00:22:30Z,Hagebro,2021,984.8,-10.2
2020-09-11T01:22:30Z,Hagebro,2021,985.7,-9.3
2020-09-11T02:22:30Z,Hagebro,2021,986.1,-8.8
2020-09-11T03:22:30Z,Hagebro,2021,987,-8
2020-09-11T04:22:30Z,Hagebro,2021,988.5,-6.5
2020-09-11T05:22:30Z,Hagebro,2021,989.9,-5.2
2020-09-11T06:22:30Z,Hagebro,2021,990.6,-4.4
2020-09-11T07:22:30Z,Hagebro,2021,990.9,-4.1
2020-09-11T08:22:30Z,Hagebro,2021,991.2,-3.8
2020-09-11T09:22:30Z,Hagebro,2021,991.3,-3.7
2020-09-11T10:22:30Z,Hagebro,2021,991.3,-3.7
2020-09-11T11:22:30Z,Hagebro,2021,991.4,-3.6
2020-09-11T12:22:30Z,Hagebro,2021,991.5,-3.5
2020-09-11T13:22:30Z,Hagebro,2021,991.5,-3.5
2020-09-11T14:22:30Z,Hagebro,2021,991.5,-3.5
2020-09-11T15:22:30Z,Hagebro,2021,991.5,-3.5
2020-09-11T16:22:30Z,Hagebro,2021,991.4,-3.6
2020-09-11T17:22:30Z,Hagebro,2021,991.4,-3.6
2020-09-11T18:22:30Z,Hagebro,2021,991.3,-3.7
2020-09-11T19:22:30Z,Hagebro,2021,991.2,-3.8
2020-09-11T20:22:30Z,Hagebro,2021,991.1,-3.9
2020-09-11T21:22:30Z,Hagebro,2021,991,-4
2020-09-11T22:22:30Z,Hagebro,2021,991,-4
2020-09-11T23:22:30Z,Hagebro,2021,990.8,-4.2
2020-09-12T00:22:30Z,Hagebro,2021,990.6,-4.5
2020-09-12T01:22:30Z,Hagebro,2021,990.3,-4.7
2020-09-12T02:22:30Z,Hagebro,2021,990.2,-4.9
2020-09-12T03:22:30Z,Hagebro,2021,990.2,-4.9
2020-09-12T04:22:30Z,Hagebro,2021,990.2,-4.9
2020-09-12T05:22:30Z,Hagebro,2021,990.2,-4.9
2020-09-12T06:22:30Z,Hagebro,2021,990.3,-4.8
2020-09-12T07:22:30Z,Hagebro,2021,990.2,-4.9
2020-09-12T08:22:30Z,Hagebro,2021,989.9,-5.2
2020-09-12T09:22:30Z,Hagebro,2021,989.6,-5.5
2020-09-12T10:22:30Z,Hagebro,2021,989.3,-5.8
2020-09-12T11:22:30Z,Hagebro,2021,989.2,-5.9
2020-09-12T12:22:30Z,Hagebro,2021,989,-6.1
2020-09-12T13:22:30Z,Hagebro,2021,988.9,-6.2
2020-09-12T14:22:30Z,Hagebro,2021,988.9,-6.2
2020-09-12T15:22:30Z,Hagebro,2021,988.9,-6.2
2020-09-12T16:22:30Z,Hagebro,2021,988.9,-6.2
2020-09-12T17:22:30Z,Hagebro,2021,989,-6.1
2020-09-12T18:22:30Z,Hagebro,2021,989,-6.1
2020-09-12T19:22:30Z,Hagebro,2021,988.9,-6.2
2020-09-12T20:22:30Z,Hagebro,2021,988.9,-6.2
2020-09-12T21:22:30Z,Hagebro,2021,988.9,-6.2
2020-09-12T22:22:30Z,Hagebro,2021,988.8,-6.2
2020-09-12T23:22:30Z,Hagebro,2021,988.8,-6.3
2020-09-13T00:22:30Z,Hagebro,2021,988.8,-6.4
2020-09-13T01:22:30Z,Hagebro,2021,988.9,-6.3
2020-09-13T02:22:30Z,Hagebro,2021,989,-6.2
2020-09-13T03:22:30Z,Hagebro,2021,989.1,-6.2
2020-09-13T04:22:30Z,Hagebro,2021,989.2,-6.1
2020-09-13T05:22:30Z,Hagebro,2021,989.3,-5.9
2020-09-13T06:22:30Z,Hagebro,2021,989.4,-5.8
2020-09-13T07:22:30Z,Hagebro,2021,989.5,-5.7
2020-09-13T08:22:30Z,Hagebro,2021,989.6,-5.6
2020-09-13T09:22:30Z,Hagebro,2021,989.5,-5.7
2020-09-13T10:22:30Z,Hagebro,2021,989.3,-5.9
2020-09-13T11:22:30Z,Hagebro,2021,989.2,-6
2020-09-13T12:22:30Z,Hagebro,2021,989.1,-6.1
2020-09-13T13:22:30Z,Hagebro,2021,989.1,-6.2
2020-09-13T14:22:30Z,Hagebro,2021,989.2,-6
2020-09-13T15:22:30Z,Hagebro,2021,989.2,-6
2020-09-13T16:22:30Z,Hagebro,2021,989.2,-6
2020-09-13T17:22:30Z,Hagebro,2021,989.1,-6.1
2020-09-13T18:22:30Z,Hagebro,2021,988.9,-6.3
2020-09-13T19:22:30Z,Hagebro,2021,988.8,-6.4
2020-09-13T20:22:30Z,Hagebro,2021,988.6,-6.6
2020-09-13T21:22:30Z,Hagebro,2021,988.5,-6.7
2020-09-13T22:22:30Z,Hagebro,2021,988.4,-6.8
2020-09-13T23:22:30Z,Hagebro,2021,988.3,-6.9
2020-09-14T00:22:30Z,Hagebro,2021,988.3,-7
2020-09-14T01:22:30Z,Hagebro,2021,988.2,-7.1
2020-09-14T02:22:30Z,Hagebro,2021,988.1,-7.2
2020-09-14T03:22:30Z,Hagebro,2021,988,-7.3
2020-09-14T04:22:30Z,Hagebro,2021,987.9,-7.3
2020-09-14T05:22:30Z,Hagebro,2021,987.9,-7.4
2020-09-14T06:22:30Z,Hagebro,2021,987.8,-7.6
2020-09-14T07:22:30Z,Hagebro,2021,987.7,-7.6
2020-09-14T08:22:30Z,Hagebro,2021,988.2,-7.1
2020-09-14T09:22:30Z,Hagebro,2021,989,-6.3
2020-09-14T10:22:30Z,Hagebro,2021,988.9,-6.4
2020-09-14T11:22:30Z,Hagebro,2021,988,-7.3
2020-09-14T12:22:30Z,Hagebro,2021,987.1,-8.2
2020-09-14T13:22:30Z,Hagebro,2021,986.9,-8.5
2020-09-14T14:22:30Z,Hagebro,2021,987.1,-8.2
2020-09-14T15:22:30Z,Hagebro,2021,987.4,-7.9
2020-09-14T16:22:30Z,Hagebro,2021,987.5,-7.8
2020-09-14T17:22:30Z,Hagebro,2021,987.5,-7.8
2020-09-14T18:22:30Z,Hagebro,2021,987.4,-7.9
2020-09-14T19:22:30Z,Hagebro,2021,987.3,-7.9
2020-09-14T20:22:30Z,Hagebro,2021,987.3,-8
2020-09-14T21:22:30Z,Hagebro,2021,987.2,-8.1
2020-09-14T22:22:30Z,Hagebro,2021,987.2,-8.1
2020-09-14T23:22:30Z,Hagebro,2021,987.2,-8.1
2020-09-15T00:22:30Z,Hagebro,2021,987.3,-8.2
2020-09-15T01:22:30Z,Hagebro,2021,987.5,-8
2020-09-15T02:22:30Z,Hagebro,2021,987.6,-7.9
2020-09-15T03:22:30Z,Hagebro,2021,987.7,-7.8
2020-09-15T04:22:30Z,Hagebro,2021,987.7,-7.8
2020-09-15T05:22:30Z,Hagebro,2021,987.7,-7.8
2020-09-15T06:22:30Z,Hagebro,2021,987.9,-7.6
2020-09-15T07:22:30Z,Hagebro,2021,987.9,-7.6
2020-09-15T08:22:30Z,Hagebro,2021,987.9,-7.6
2020-09-15T09:22:30Z,Hagebro,2021,987.8,-7.7
2020-09-15T10:22:30Z,Hagebro,2021,988.1,-7.4
2020-09-15T11:22:30Z,Hagebro,2021,989.3,-6.2
2020-09-15T12:22:30Z,Hagebro,2021,991.2,-4.2
2020-09-15T13:22:30Z,Hagebro,2021,993.2,-2.3
2020-09-15T14:22:30Z,Hagebro,2021,995.3,-0.2
2020-09-15T15:22:30Z,Hagebro,2021,997.3,1.8
2020-09-15T16:22:30Z,Hagebro,2021,998.9,3.5
2020-09-15T17:22:30Z,Hagebro,2021,1000.1,4.6
2020-09-15T18:22:30Z,Hagebro,2021,1000.9,5.4
2020-09-15T19:22:30Z,Hagebro,2021,1001.5,6
2020-09-15T20:22:30Z,Hagebro,2021,1002,6.5
2020-09-15T21:22:30Z,Hagebro,2021,1002.5,7.1
2020-09-15T22:22:30Z,Hagebro,2021,1003,7.4
2020-09-15T23:22:30Z,Hagebro,2021,1003.2,7.8
2020-09-16T00:22:30Z,Hagebro,2021,1003.3,7.7
2020-09-16T01:22:30Z,Hagebro,2021,1003.3,7.7
2020-09-16T02:22:30Z,Hagebro,2021,1003.3,7.7
2020-09-16T03:22:30Z,Hagebro,2021,1003.3,7.7
2020-09-16T04:22:30Z,Hagebro,2021,1003.4,7.8
2020-09-16T05:22:30Z,Hagebro,2021,1003.4,7.8
2020-09-16T06:22:30Z,Hagebro,2021,1003.2,7.6
2020-09-16T07:22:30Z,Hagebro,2021,1002.8,7.2
2020-09-16T08:22:30Z,Hagebro,2021,1002.1,6.5
2020-09-16T09:22:30Z,Hagebro,2021,1001.8,6.2
2020-09-16T10:22:30Z,Hagebro,2021,1001.5,5.8
2020-09-16T11:22:30Z,Hagebro,2021,1000.6,5
2020-09-16T12:22:30Z,Hagebro,2021,1000.2,4.6
2020-09-16T13:22:30Z,Hagebro,2021,1000.1,4.6
2020-09-16T14:22:30Z,Hagebro,2021,999.8,4.2
2020-09-16T15:22:30Z,Hagebro,2021,999.1,3.5
2020-09-16T16:22:30Z,Hagebro,2021,998.2,2.6
2020-09-16T17:22:30Z,Hagebro,2021,997.6,2
2020-09-16T18:22:30Z,Hagebro,2021,997.1,1.5
2020-09-16T19:22:30Z,Hagebro,2021,996.6,1
2020-09-16T20:22:30Z,Hagebro,2021,996.2,0.6
2020-09-16T21:22:30Z,Hagebro,2021,995.6,0
2020-09-16T22:22:30Z,Hagebro,2021,995,-0.6
2020-09-16T23:22:30Z,Hagebro,2021,994.5,-1.1
2020-09-17T00:22:30Z,Hagebro,2021,994.1,-1.7
2020-09-17T01:22:30Z,Hagebro,2021,993.8,-1.9
2020-09-17T02:22:30Z,Hagebro,2021,993.6,-2.1
2020-09-17T03:22:30Z,Hagebro,2021,993.4,-2.3
2020-09-17T04:22:30Z,Hagebro,2021,993.2,-2.5
2020-09-17T05:22:30Z,Hagebro,2021,993,-2.6
2020-09-17T06:22:30Z,Hagebro,2021,992.9,-2.8
2020-09-17T07:22:30Z,Hagebro,2021,992.8,-2.9
2020-09-17T08:22:30Z,Hagebro,2021,992.8,-2.9
2020-09-17T09:22:30Z,Hagebro,2021,993.1,-2.6
2020-09-17T10:22:30Z,Hagebro,2021,993.3,-2.4
2020-09-17T11:22:30Z,Hagebro,2021,992.9,-2.8
2020-09-17T12:22:30Z,Hagebro,2021,992.5,-3.2
2020-09-17T13:22:30Z,Hagebro,2021,992.3,-3.4
2020-09-17T14:22:30Z,Hagebro,2021,992.1,-3.6
2020-09-17T15:22:30Z,Hagebro,2021,992.1,-3.6
2020-09-17T16:22:30Z,Hagebro,2021,992,-3.7
2020-09-17T17:22:30Z,Hagebro,2021,991.7,-4
2020-09-17T18:22:30Z,Hagebro,2021,991.6,-4.1
2020-09-17T19:22:30Z,Hagebro,2021,991.5,-4.2
2020-09-17T20:22:30Z,Hagebro,2021,991.3,-4.4
2020-09-17T21:22:30Z,Hagebro,2021,991.2,-4.5
2020-09-17T22:22:30Z,Hagebro,2021,991.1,-4.6
2020-09-17T23:22:30Z,Hagebro,2021,991,-4.7
2020-09-18T00:22:30Z,Hagebro,2021,990.8,-5
2020-09-18T01:22:30Z,Hagebro,2021,990.7,-5.1
2020-09-18T02:22:30Z,Hagebro,2021,990.6,-5.2
2020-09-18T03:22:30Z,Hagebro,2021,990.6,-5.2
2020-09-18T04:22:30Z,Hagebro,2021,990.5,-5.3
2020-09-18T05:22:30Z,Hagebro,2021,990.4,-5.4
2020-09-18T06:22:30Z,Hagebro,2021,990.7,-5.1
2020-09-18T07:22:30Z,Hagebro,2021,990.8,-5.1
2020-09-18T08:22:30Z,Hagebro,2021,990.4,-5.4
2020-09-18T09:22:30Z,Hagebro,2021,990.1,-5.7
2020-09-18T10:22:30Z,Hagebro,2021,989.9,-5.9
2020-09-18T11:22:30Z,Hagebro,2021,989.9,-5.9
2020-09-18T12:22:30Z,Hagebro,2021,989.9,-5.9
2020-09-18T13:22:30Z,Hagebro,2021,989.9,-5.9
2020-09-18T14:22:30Z,Hagebro,2021,989.8,-5.9
2020-09-18T15:22:30Z,Hagebro,2021,989.8,-6
2020-09-18T16:22:30Z,Hagebro,2021,989.8,-6
2020-09-18T17:22:30Z,Hagebro,2021,989.7,-6.1
2020-09-18T18:22:30Z,Hagebro,2021,989.6,-6.2
2020-09-18T19:22:30Z,Hagebro,2021,989.6,-6.2
2020-09-18T20:22:30Z,Hagebro,2021,989.5,-6.3
2020-09-18T21:22:30Z,Hagebro,2021,989.4,-6.4
2020-09-18T22:22:30Z,Hagebro,2021,989.3,-6.5
2020-09-18T23:22:30Z,Hagebro,2021,989.2,-6.6
2020-09-19T00:22:30Z,Hagebro,2021,989.2,-6.7
2020-09-19T01:22:30Z,Hagebro,2021,989.1,-6.8
2020-09-19T02:22:30Z,Hagebro,2021,989.1,-6.8
2020-09-19T03:22:30Z,Hagebro,2021,989.1,-6.8
2020-09-19T04:22:30Z,Hagebro,2021,989,-6.9
2020-09-19T05:22:30Z,Hagebro,2021,989,-6.9
2020-09-19T06:22:30Z,Hagebro,2021,989,-6.9
2020-09-19T07:22:30Z,Hagebro,2021,989,-6.9
2020-09-19T08:22:30Z,Hagebro,2021,989.3,-6.7
2020-09-19T09:22:30Z,Hagebro,2021,989.3,-6.6
2020-09-19T10:22:30Z,Hagebro,2021,989.1,-6.8
2020-09-19T11:22:30Z,Hagebro,2021,988.9,-7
2020-09-19T12:22:30Z,Hagebro,2021,988.9,-7
2020-09-19T13:22:30Z,Hagebro,2021,988.8,-7.1
2020-09-19T14:22:30Z,Hagebro,2021,988.7,-7.2
2020-09-19T15:22:30Z,Hagebro,2021,988.6,-7.3
2020-09-19T16:22:30Z,Hagebro,2021,988.6,-7.4
2020-09-19T17:22:30Z,Hagebro,2021,988.5,-7.4
2020-09-19T18:22:30Z,Hagebro,2021,988.5,-7.4
2020-09-19T19:22:30Z,Hagebro,2021,988.4,-7.5
2020-09-19T20:22:30Z,Hagebro,2021,988.3,-7.6
2020-09-19T21:22:30Z,Hagebro,2021,988.2,-7.7
2020-09-19T22:22:30Z,Hagebro,2021,988.2,-7.8
2020-09-19T23:22:30Z,Hagebro,2021,988.1,-7.8
2020-09-20T00:22:30Z,Hagebro,2021,988,-8
2020-09-20T01:22:30Z,Hagebro,2021,988,-8
2020-09-20T02:22:30Z,Hagebro,2021,988,-8.1
2020-09-20T03:22:30Z,Hagebro,2021,987.9,-8.1
2020-09-20T04:22:30Z,Hagebro,2021,987.9,-8.1
2020-09-20T05:22:30Z,Hagebro,2021,988,-8
2020-09-20T06:22:30Z,Hagebro,2021,988.1,-7.9
2020-09-20T07:22:30Z,Hagebro,2021,987.9,-8.1
2020-09-20T08:22:30Z,Hagebro,2021,987.7,-8.3
2020-09-20T09:22:30Z,Hagebro,2021,987.6,-8.3
2020-09-20T10:22:30Z,Hagebro,2021,987.6,-8.4
2020-09-20T11:22:30Z,Hagebro,2021,987.5,-8.5
2020-09-20T12:22:30Z,Hagebro,2021,987.5,-8.5
2020-09-20T13:22:30Z,Hagebro,2021,987.5,-8.5
2020-09-20T14:22:30Z,Hagebro,2021,987.3,-8.7
2020-09-20T15:22:30Z,Hagebro,2021,987.3,-8.7
2020-09-20T16:22:30Z,Hagebro,2021,987.3,-8.7
2020-09-20T17:22:30Z,Hagebro,2021,987.3,-8.7
2020-09-20T18:22:30Z,Hagebro,2021,987.3,-8.7
2020-09-20T19:22:30Z,Hagebro,2021,987.2,-8.8
2020-09-20T20:22:30Z,Hagebro,2021,987.2,-8.8
2020-09-20T21:22:30Z,Hagebro,2021,987.2,-8.8
2020-09-20T22:22:30Z,Hagebro,2021,987.2,-8.8
2020-09-20T23:22:30Z,Hagebro,2021,987.2,-8.8
2020-09-21T00:22:30Z,Hagebro,2021,987.2,-8.9
2020-09-21T01:22:30Z,Hagebro,2021,987.1,-8.9
2020-09-21T02:22:30Z,Hagebro,2021,987.2,-8.8
2020-09-21T03:22:30Z,Hagebro,2021,987.4,-8.7
2020-09-21T04:22:30Z,Hagebro,2021,987.6,-8.5
2020-09-21T05:22:30Z,Hagebro,2021,987.7,-8.4
2020-09-21T06:22:30Z,Hagebro,2021,987.7,-8.5
2020-09-21T07:22:30Z,Hagebro,2021,987.6,-8.5
2020-09-21T08:22:30Z,Hagebro,2021,987.6,-8.5
2020-09-21T09:22:30Z,Hagebro,2021,987.8,-8.3
2020-09-21T10:22:30Z,Hagebro,2021,987.9,-8.2
2020-09-21T11:22:30Z,Hagebro,2021,987.8,-8.2
2020-09-21T12:22:30Z,Hagebro,2021,987.9,-8.2
2020-09-21T13:22:30Z,Hagebro,2021,987.8,-8.3
2020-09-21T14:22:30Z,Hagebro,2021,987.7,-8.4
2020-09-21T15:22:30Z,Hagebro,2021,987.6,-8.5
2020-09-21T16:22:30Z,Hagebro,2021,987.5,-8.6
2020-09-21T17:22:30Z,Hagebro,2021,987.4,-8.7
2020-09-21T18:22:30Z,Hagebro,2021,987.4,-8.8
2020-09-21T19:22:30Z,Hagebro,2021,987.3,-8.8
2020-09-21T20:22:30Z,Hagebro,2021,987.2,-9
2020-09-21T21:22:30Z,Hagebro,2021,987,-9
2020-09-21T22:22:30Z,Hagebro,2021,987,-9.1
2020-09-21T23:22:30Z,Hagebro,2021,987,-9.1
2020-09-22T00:22:30Z,Hagebro,2021,987.1,-9.1
2020-09-22T01:22:30Z,Hagebro,2021,987,-9.2
2020-09-22T02:22:30Z,Hagebro,2021,987,-9.2
2020-09-22T03:22:30Z,Hagebro,2021,987,-9.2
2020-09-22T04:22:30Z,Hagebro,2021,987,-9.2
2020-09-22T05:22:30Z,Hagebro,2021,987,-9.2
2020-09-22T06:22:30Z,Hagebro,2021,987,-9.2
2020-09-22T07:22:30Z,Hagebro,2021,987,-9.2
2020-09-22T08:22:30Z,Hagebro,2021,987.1,-9.2
2020-09-22T09:22:30Z,Hagebro,2021,987.2,-9
2020-09-22T10:22:30Z,Hagebro,2021,987.4,-8.8
2020-09-22T11:22:30Z,Hagebro,2021,987.3,-8.8
2020-09-22T12:22:30Z,Hagebro,2021,987.2,-9
2020-09-22T13:22:30Z,Hagebro,2021,987.2,-9
2020-09-22T14:22:30Z,Hagebro,2021,987.2,-9
2020-09-22T15:22:30Z,Hagebro,2021,987.3,-8.9
2020-09-22T16:22:30Z,Hagebro,2021,987.4,-8.8
2020-09-22T17:22:30Z,Hagebro,2021,987.5,-8.7
2020-09-22T18:22:30Z,Hagebro,2021,987.5,-8.7
2020-09-22T19:22:30Z,Hagebro,2021,987.4,-8.8
2020-09-22T20:22:30Z,Hagebro,2021,987.2,-9
2020-09-22T21:22:30Z,Hagebro,2021,986.9,-9.3
2020-09-22T22:22:30Z,Hagebro,2021,986.8,-9.4
2020-09-22T23:22:30Z,Hagebro,2021,986.7,-9.5
2020-09-23T00:22:30Z,Hagebro,2021,986.6,-9.8
2020-09-23T01:22:30Z,Hagebro,2021,986.5,-9.8
2020-09-23T02:22:30Z,Hagebro,2021,986.5,-9.8
2020-09-23T03:22:30Z,Hagebro,2021,986.6,-9.7
2020-09-23T04:22:30Z,Hagebro,2021,986.7,-9.6
2020-09-23T05:22:30Z,Hagebro,2021,987.4,-8.9
2020-09-23T06:22:30Z,Hagebro,2021,988.2,-8.2
2020-09-23T07:22:30Z,Hagebro,2021,988.5,-7.8
2020-09-23T08:22:30Z,Hagebro,2021,988.8,-7.5
2020-09-23T09:22:30Z,Hagebro,2021,989,-7.3
2020-09-23T10:22:30Z,Hagebro,2021,989.3,-7
2020-09-23T11:22:30Z,Hagebro,2021,989.5,-6.8
2020-09-23T12:22:30Z,Hagebro,2021,990.1,-6.2
2020-09-23T13:22:30Z,Hagebro,2021,990.7,-5.6
2020-09-23T14:22:30Z,Hagebro,2021,990.9,-5.4
2020-09-23T15:22:30Z,Hagebro,2021,991,-5.3
2020-09-23T16:22:30Z,Hagebro,2021,991.2,-5.1
2020-09-23T17:22:30Z,Hagebro,2021,991.3,-5
2020-09-23T18:22:30Z,Hagebro,2021,991.4,-4.9
2020-09-23T19:22:30Z,Hagebro,2021,991.7,-4.7
2020-09-23T20:22:30Z,Hagebro,2021,991.8,-4.5
2020-09-23T21:22:30Z,Hagebro,2021,991.8,-4.4
2020-09-23T22:22:30Z,Hagebro,2021,991.7,-4.6
2020-09-23T23:22:30Z,Hagebro,2021,991.7,-4.6
2020-09-24T00:22:30Z,Hagebro,2021,991.6,-4.9
2020-09-24T01:22:30Z,Hagebro,2021,991.4,-5.1
2020-09-24T02:22:30Z,Hagebro,2021,991.3,-5.2
2020-09-24T03:22:30Z,Hagebro,2021,991.1,-5.4
2020-09-24T04:22:30Z,Hagebro,2021,990.8,-5.7
2020-09-24T05:22:30Z,Hagebro,2021,991,-5.5
2020-09-24T06:22:30Z,Hagebro,2021,991.4,-5.1
2020-09-24T07:22:30Z,Hagebro,2021,991.1,-5.4
2020-09-24T08:22:30Z,Hagebro,2021,990.5,-5.9
2020-09-24T09:22:30Z,Hagebro,2021,990.4,-6.1
2020-09-24T10:22:30Z,Hagebro,2021,990.4,-6.1
2020-09-24T11:22:30Z,Hagebro,2021,990.1,-6.4
2020-09-24T12:22:30Z,Hagebro,2021,989.8,-6.7
2020-09-24T13:22:30Z,Hagebro,2021,989.7,-6.8
2020-09-24T14:22:30Z,Hagebro,2021,989.6,-6.9
2020-09-24T15:22:30Z,Hagebro,2021,989.5,-7
2020-09-24T16:22:30Z,Hagebro,2021,989.4,-7.1
2020-09-24T17:22:30Z,Hagebro,2021,989.3,-7.2
2020-09-24T18:22:30Z,Hagebro,2021,989.2,-7.3
2020-09-24T19:22:30Z,Hagebro,2021,989.1,-7.4
2020-09-24T20:22:30Z,Hagebro,2021,988.9,-7.6
2020-09-24T21:22:30Z,Hagebro,2021,988.7,-7.8
2020-09-24T22:22:30Z,Hagebro,2021,988.7,-7.8
2020-09-24T23:22:30Z,Hagebro,2021,988.7,-7.8
2020-09-25T00:22:30Z,Hagebro,2021,988.6,-8
2020-09-25T01:22:30Z,Hagebro,2021,988.6,-8
2020-09-25T02:22:30Z,Hagebro,2021,988.7,-7.9
2020-09-25T03:22:30Z,Hagebro,2021,988.7,-7.9
2020-09-25T04:22:30Z,Hagebro,2021,988.8,-7.8
2020-09-25T05:22:30Z,Hagebro,2021,989.3,-7.3
2020-09-25T06:22:30Z,Hagebro,2021,989.5,-7.1
2020-09-25T07:22:30Z,Hagebro,2021,989.3,-7.3
2020-09-25T08:22:30Z,Hagebro,2021,988.9,-7.7
2020-09-25T09:22:30Z,Hagebro,2021,988.7,-8
2020-09-25T10:22:30Z,Hagebro,2021,988.5,-8.1
2020-09-25T11:22:30Z,Hagebro,2021,988.4,-8.2
2020-09-25T12:22:30Z,Hagebro,2021,988.3,-8.2
2020-09-25T13:22:30Z,Hagebro,2021,988.3,-8.3
2020-09-25T14:22:30Z,Hagebro,2021,988.2,-8.4
2020-09-25T15:22:30Z,Hagebro,2021,988.1,-8.5
2020-09-25T16:22:30Z,Hagebro,2021,987.9,-8.6
2020-09-25T17:22:30Z,Hagebro,2021,987.8,-8.8
2020-09-25T18:22:30Z,Hagebro,2021,987.7,-8.9
2020-09-25T19:22:30Z,Hagebro,2021,987.6,-9
2020-09-25T20:22:30Z,Hagebro,2021,987.5,-9
2020-09-25T21:22:30Z,Hagebro,2021,987.4,-9.2
2020-09-25T22:22:30Z,Hagebro,2021,987.3,-9.4
2020-09-25T23:22:30Z,Hagebro,2021,987.2,-9.4
2020-09-26T00:22:30Z,Hagebro,2021,987.2,-9.6
2020-09-26T01:22:30Z,Hagebro,2021,987.1,-9.6
2020-09-26T02:22:30Z,Hagebro,2021,987.2,-9.6
2020-09-26T03:22:30Z,Hagebro,2021,987.3,-9.4
2020-09-26T04:22:30Z,Hagebro,2021,987.2,-9.5
2020-09-26T05:22:30Z,Hagebro,2021,987.4,-9.2
2020-09-26T06:22:30Z,Hagebro,2021,987.7,-8.9
2020-09-26T07:22:30Z,Hagebro,2021,987.5,-9.2
2020-09-26T08:22:30Z,Hagebro,2021,987.2,-9.5
2020-09-26T09:22:30Z,Hagebro,2021,987.1,-9.6
2020-09-26T10:22:30Z,Hagebro,2021,986.9,-9.8
2020-09-26T11:22:30Z,Hagebro,2021,986.8,-9.9
2020-09-26T12:22:30Z,Hagebro,2021,986.8,-9.9
2020-09-26T13:22:30Z,Hagebro,2021,986.8,-9.9
2020-09-26T14:22:30Z,Hagebro,2021,986.8,-10
2020-09-26T15:22:30Z,Hagebro,2021,986.7,-10
2020-09-26T16:22:30Z,Hagebro,2021,986.6,-10.1
2020-09-11T00:25:00Z,Hagebro,2022,988,-7
2020-09-11T01:25:00Z,Hagebro,2022,987.8,-7.2
2020-09-11T02:25:00Z,Hagebro,2022,987.7,-7.3
2020-09-11T03:25:00Z,Hagebro,2022,987.6,-7.4
2020-09-11T04:25:00Z,Hagebro,2022,987.4,-7.6
2020-09-11T05:25:00Z,Hagebro,2022,987.4,-7.6
2020-09-11T06:25:00Z,Hagebro,2022,987.6,-7.4
2020-09-11T07:25:00Z,Hagebro,2022,987.9,-7.1
2020-09-11T08:25:00Z,Hagebro,2022,987.9,-7.1
2020-09-11T09:25:00Z,Hagebro,2022,987.6,-7.4
2020-09-11T10:25:00Z,Hagebro,2022,987.3,-7.7
2020-09-11T11:25:00Z,Hagebro,2022,987.1,-8
2020-09-11T12:25:00Z,Hagebro,2022,986.9,-8.1
2020-09-11T13:25:00Z,Hagebro,2022,986.7,-8.3
2020-09-11T14:25:00Z,Hagebro,2022,986.5,-8.5
2020-09-11T15:25:00Z,Hagebro,2022,986.5,-8.5
2020-09-11T16:25:00Z,Hagebro,2022,986.7,-8.3
2020-09-11T17:25:00Z,Hagebro,2022,986.6,-8.4
2020-09-11T18:25:00Z,Hagebro,2022,986.5,-8.5
2020-09-11T19:25:00Z,Hagebro,2022,986.1,-8.9
2020-09-11T20:25:00Z,Hagebro,2022,986.1,-8.9
2020-09-11T21:25:00Z,Hagebro,2022,986.1,-8.9
2020-09-11T22:25:00Z,Hagebro,2022,986.1,-8.9
2020-09-11T23:25:00Z,Hagebro,2022,986.1,-8.9
2020-09-12T00:25:00Z,Hagebro,2022,985.9,-9.2
2020-09-12T01:25:00Z,Hagebro,2022,985.8,-9.2
2020-09-12T02:25:00Z,Hagebro,2022,985.7,-9.4
2020-09-12T03:25:00Z,Hagebro,2022,985.9,-9.2
2020-09-12T04:25:00Z,Hagebro,2022,985.9,-9.2
2020-09-12T05:25:00Z,Hagebro,2022,985.9,-9.2
2020-09-12T06:25:00Z,Hagebro,2022,986,-9.1
2020-09-12T07:25:00Z,Hagebro,2022,986.4,-8.7
2020-09-12T08:25:00Z,Hagebro,2022,986.4,-8.7
2020-09-12T09:25:00Z,Hagebro,2022,986.2,-8.9
2020-09-12T10:25:00Z,Hagebro,2022,986.1,-9
2020-09-12T11:25:00Z,Hagebro,2022,986,-9.1
2020-09-12T12:25:00Z,Hagebro,2022,985.8,-9.3
2020-09-12T13:25:00Z,Hagebro,2022,985.8,-9.3
2020-09-12T14:25:00Z,Hagebro,2022,985.9,-9.2
2020-09-12T15:25:00Z,Hagebro,2022,985.9,-9.2
2020-09-12T16:25:00Z,Hagebro,2022,986,-9.1
2020-09-12T17:25:00Z,Hagebro,2022,985.9,-9.2
2020-09-12T18:25:00Z,Hagebro,2022,986.1,-9
2020-09-12T19:25:00Z,Hagebro,2022,986.1,-9
2020-09-12T20:25:00Z,Hagebro,2022,986,-9.1
2020-09-12T21:25:00Z,Hagebro,2022,986.4,-8.7
2020-09-12T22:25:00Z,Hagebro,2022,988.1,-7
2020-09-12T23:25:00Z,Hagebro,2022,990.6,-4.5
2020-09-13T00:25:00Z,Hagebro,2022,992.2,-3
2020-09-13T01:25:00Z,Hagebro,2022,993.2,-2
2020-09-13T02:25:00Z,Hagebro,2022,994.3,-0.9
2020-09-13T03:25:00Z,Hagebro,2022,995.5,0.3
2020-09-13T04:25:00Z,Hagebro,2022,996.5,1.3
2020-09-13T05:25:00Z,Hagebro,2022,997.2,2
2020-09-13T06:25:00Z,Hagebro,2022,998.2,3
2020-09-13T07:25:00Z,Hagebro,2022,998.7,3.5
2020-09-13T08:25:00Z,Hagebro,2022,998.2,3
2020-09-13T09:25:00Z,Hagebro,2022,997.6,2.4
2020-09-13T10:25:00Z,Hagebro,2022,997.5,2.3
2020-09-13T11:25:00Z,Hagebro,2022,997.3,2.1
2020-09-13T12:25:00Z,Hagebro,2022,997.1,1.9
2020-09-13T13:25:00Z,Hagebro,2022,996.6,1.4
2020-09-13T14:25:00Z,Hagebro,2022,996.3,1
2020-09-13T15:25:00Z,Hagebro,2022,996.1,0.9
2020-09-13T16:25:00Z,Hagebro,2022,995.7,0.5
2020-09-13T17:25:00Z,Hagebro,2022,995.6,0.4
2020-09-13T18:25:00Z,Hagebro,2022,995.5,0.3
2020-09-13T19:25:00Z,Hagebro,2022,995.2,0.1
2020-09-13T20:25:00Z,Hagebro,2022,995.1,-0.1
2020-09-13T21:25:00Z,Hagebro,2022,994.6,-0.6
2020-09-13T22:25:00Z,Hagebro,2022,994.3,-0.9
2020-09-13T23:25:00Z,Hagebro,2022,994.2,-1.1
2020-09-14T00:25:00Z,Hagebro,2022,993.8,-1.6
2020-09-14T01:25:00Z,Hagebro,2022,993.5,-1.9
2020-09-14T02:25:00Z,Hagebro,2022,992.9,-2.4
2020-09-14T03:25:00Z,Hagebro,2022,992.7,-2.6
2020-09-14T04:25:00Z,Hagebro,2022,992.2,-3.1
2020-09-14T05:25:00Z,Hagebro,2022,991.8,-3.5
2020-09-14T06:25:00Z,Hagebro,2022,992,-3.3
2020-09-14T07:25:00Z,Hagebro,2022,991.7,-3.6
2020-09-14T08:25:00Z,Hagebro,2022,991.4,-3.9
2020-09-14T09:25:00Z,Hagebro,2022,991.6,-3.7
2020-09-14T10:25:00Z,Hagebro,2022,991.4,-3.9
2020-09-14T11:25:00Z,Hagebro,2022,991.3,-4
2020-09-14T12:25:00Z,Hagebro,2022,991.3,-4
2020-09-14T13:25:00Z,Hagebro,2022,990.5,-4.8
2020-09-14T14:25:00Z,Hagebro,2022,989.9,-5.4
2020-09-14T15:25:00Z,Hagebro,2022,989.5,-5.8
2020-09-14T16:25:00Z,Hagebro,2022,989.1,-6.2
2020-09-14T17:25:00Z,Hagebro,2022,988.7,-6.6
2020-09-14T18:25:00Z,Hagebro,2022,988.5,-6.8
2020-09-14T19:25:00Z,Hagebro,2022,988.5,-6.8
2020-09-14T20:25:00Z,Hagebro,2022,988.5,-6.8
2020-09-14T21:25:00Z,Hagebro,2022,988.5,-6.8
2020-09-14T22:25:00Z,Hagebro,2022,988.5,-6.8
2020-09-14T23:25:00Z,Hagebro,2022,988.5,-6.8
2020-09-15T00:25:00Z,Hagebro,2022,988.4,-7.1
2020-09-15T01:25:00Z,Hagebro,2022,988.5,-7
2020-09-15T02:25:00Z,Hagebro,2022,988.5,-7
2020-09-15T03:25:00Z,Hagebro,2022,988.8,-6.7
2020-09-15T04:25:00Z,Hagebro,2022,989.3,-6.2
2020-09-15T05:25:00Z,Hagebro,2022,989.6,-5.9
2020-09-15T06:25:00Z,Hagebro,2022,990.1,-5.4
2020-09-15T07:25:00Z,Hagebro,2022,990.8,-4.7
2020-09-15T08:25:00Z,Hagebro,2022,990.6,-4.9
2020-09-15T09:25:00Z,Hagebro,2022,990.5,-5
2020-09-15T10:25:00Z,Hagebro,2022,990.1,-5.4
2020-09-15T11:25:00Z,Hagebro,2022,989.6,-5.9
2020-09-15T12:25:00Z,Hagebro,2022,989.5,-6
2020-09-15T13:25:00Z,Hagebro,2022,988.8,-6.7
2020-09-15T14:25:00Z,Hagebro,2022,988.7,-6.8
2020-09-15T15:25:00Z,Hagebro,2022,988.6,-6.9
2020-09-15T16:25:00Z,Hagebro,2022,988.3,-7.2
2020-09-15T17:25:00Z,Hagebro,2022,988.2,-7.3
2020-09-15T18:25:00Z,Hagebro,2022,988,-7.5
2020-09-15T19:25:00Z,Hagebro,2022,987.8,-7.6
2020-09-15T20:25:00Z,Hagebro,2022,987.5,-8
2020-09-15T21:25:00Z,Hagebro,2022,987.3,-8.2
2020-09-15T22:25:00Z,Hagebro,2022,987.1,-8.4
2020-09-15T23:25:00Z,Hagebro,2022,987.1,-8.4
2020-09-16T00:25:00Z,Hagebro,2022,986.9,-8.6
2020-09-16T01:25:00Z,Hagebro,2022,986.9,-8.7
2020-09-16T02:25:00Z,Hagebro,2022,986.9,-8.7
2020-09-16T03:25:00Z,Hagebro,2022,987.4,-8.2
2020-09-16T04:25:00Z,Hagebro,2022,987.5,-8.1
2020-09-16T05:25:00Z,Hagebro,2022,987.8,-7.8
2020-09-16T06:25:00Z,Hagebro,2022,988.4,-7.2
2020-09-16T07:25:00Z,Hagebro,2022,988.3,-7.3
2020-09-16T08:25:00Z,Hagebro,2022,988.4,-7.2
2020-09-16T09:25:00Z,Hagebro,2022,988.2,-7.4
2020-09-16T10:25:00Z,Hagebro,2022,988.1,-7.5
2020-09-16T11:25:00Z,Hagebro,2022,988.2,-7.3
2020-09-16T12:25:00Z,Hagebro,2022,988.5,-7.1
2020-09-16T13:25:00Z,Hagebro,2022,988.4,-7.2
2020-09-16T14:25:00Z,Hagebro,2022,988.2,-7.3
2020-09-16T15:25:00Z,Hagebro,2022,988.1,-7.5
2020-09-16T16:25:00Z,Hagebro,2022,988.1,-7.5
2020-09-16T17:25:00Z,Hagebro,2022,988.1,-7.5
2020-09-16T18:25:00Z,Hagebro,2022,987.9,-7.7
2020-09-16T19:25:00Z,Hagebro,2022,987.9,-7.7
2020-09-16T20:25:00Z,Hagebro,2022,987.5,-8.2
2020-09-16T21:25:00Z,Hagebro,2022,987.2,-8.4
2020-09-16T22:25:00Z,Hagebro,2022,987.1,-8.5
2020-09-16T23:25:00Z,Hagebro,2022,986.8,-8.8
2020-09-17T00:25:00Z,Hagebro,2022,986.8,-8.9
2020-09-17T01:25:00Z,Hagebro,2022,986.5,-9.2
2020-09-17T02:25:00Z,Hagebro,2022,986.5,-9.2
2020-09-17T03:25:00Z,Hagebro,2022,986.3,-9.4
2020-09-17T04:25:00Z,Hagebro,2022,986.3,-9.4
2020-09-17T05:25:00Z,Hagebro,2022,986.4,-9.3
2020-09-17T06:25:00Z,Hagebro,2022,986.1,-9.6
2020-09-17T07:25:00Z,Hagebro,2022,986.4,-9.3
2020-09-17T08:25:00Z,Hagebro,2022,986.9,-8.8
2020-09-17T09:25:00Z,Hagebro,2022,986.7,-9
2020-09-17T10:25:00Z,Hagebro,2022,986.4,-9.3
2020-09-17T11:25:00Z,Hagebro,2022,986,-9.7
2020-09-17T12:25:00Z,Hagebro,2022,985.9,-9.8
2020-09-17T13:25:00Z,Hagebro,2022,985.9,-9.8
2020-09-17T14:25:00Z,Hagebro,2022,985.9,-9.8
2020-09-17T15:25:00Z,Hagebro,2022,985.8,-9.9
2020-09-17T16:25:00Z,Hagebro,2022,985.8,-9.9
2020-09-17T17:25:00Z,Hagebro,2022,985.7,-10
2020-09-17T18:25:00Z,Hagebro,2022,985.7,-10
2020-09-17T19:25:00Z,Hagebro,2022,985.8,-9.9
2020-09-17T20:25:00Z,Hagebro,2022,985.6,-10.1
2020-09-17T21:25:00Z,Hagebro,2022,985.5,-10.2
2020-09-17T22:25:00Z,Hagebro,2022,985.3,-10.4
2020-09-17T23:25:00Z,Hagebro,2022,985.3,-10.4
2020-09-18T00:25:00Z,Hagebro,2022,985.1,-10.7
2020-09-18T01:25:00Z,Hagebro,2022,984.9,-10.9
2020-09-18T02:25:00Z,Hagebro,2022,984.9,-10.9
2020-09-18T03:25:00Z,Hagebro,2022,984.8,-11
2020-09-18T04:25:00Z,Hagebro,2022,984.9,-10.9
2020-09-18T05:25:00Z,Hagebro,2022,985,-10.8
2020-09-18T06:25:00Z,Hagebro,2022,985.1,-10.7
2020-09-18T07:25:00Z,Hagebro,2022,985.6,-10.2
2020-09-18T08:25:00Z,Hagebro,2022,985.3,-10.4
2020-09-18T09:25:00Z,Hagebro,2022,985.1,-10.7
2020-09-18T10:25:00Z,Hagebro,2022,984.8,-11
2020-09-18T11:25:00Z,Hagebro,2022,984.8,-11
2020-09-18T12:25:00Z,Hagebro,2022,984.7,-11.1
2020-09-18T13:25:00Z,Hagebro,2022,984.8,-11
2020-09-18T14:25:00Z,Hagebro,2022,984.7,-11.1
2020-09-18T15:25:00Z,Hagebro,2022,984.7,-11.1
2020-09-18T16:25:00Z,Hagebro,2022,984.9,-10.9
2020-09-18T17:25:00Z,Hagebro,2022,985,-10.8
2020-09-18T18:25:00Z,Hagebro,2022,984.9,-10.9
2020-09-18T19:25:00Z,Hagebro,2022,985.3,-10.5
2020-09-18T20:25:00Z,Hagebro,2022,985.4,-10.4
2020-09-18T21:25:00Z,Hagebro,2022,985.6,-10.2
2020-09-18T22:25:00Z,Hagebro,2022,985.5,-10.3
2020-09-18T23:25:00Z,Hagebro,2022,985.2,-10.6
2020-09-19T00:25:00Z,Hagebro,2022,985,-10.9
2020-09-19T01:25:00Z,Hagebro,2022,985.1,-10.8
2020-09-19T02:25:00Z,Hagebro,2022,985,-10.9
2020-09-19T03:25:00Z,Hagebro,2022,985,-10.9
2020-09-19T04:25:00Z,Hagebro,2022,985,-10.9
2020-09-19T05:25:00Z,Hagebro,2022,985,-10.9
2020-09-19T06:25:00Z,Hagebro,2022,985.2,-10.7
2020-09-19T07:25:00Z,Hagebro,2022,985.2,-10.7
2020-09-19T08:25:00Z,Hagebro,2022,985.2,-10.7
2020-09-19T09:25:00Z,Hagebro,2022,984.7,-11.2
2020-09-19T10:25:00Z,Hagebro,2022,984.8,-11.1
2020-09-19T11:25:00Z,Hagebro,2022,984.7,-11.2
2020-09-19T12:25:00Z,Hagebro,2022,984.6,-11.3
2020-09-19T13:25:00Z,Hagebro,2022,984.5,-11.4
2020-09-19T14:25:00Z,Hagebro,2022,984.3,-11.6
2020-09-19T15:25:00Z,Hagebro,2022,984.5,-11.4
2020-09-19T16:25:00Z,Hagebro,2022,984.5,-11.4
2020-09-19T17:25:00Z,Hagebro,2022,984.5,-11.4
2020-09-19T18:25:00Z,Hagebro,2022,984.4,-11.5
2020-09-19T19:25:00Z,Hagebro,2022,984.5,-11.4
2020-09-19T20:25:00Z,Hagebro,2022,984.5,-11.4
2020-09-19T21:25:00Z,Hagebro,2022,984.5,-11.4
2020-09-19T22:25:00Z,Hagebro,2022,984.5,-11.4
2020-09-19T23:25:00Z,Hagebro,2022,984.5,-11.4
2020-09-20T00:25:00Z,Hagebro,2022,984.5,-11.5
2020-09-20T01:25:00Z,Hagebro,2022,984.4,-11.6
2020-09-20T02:25:00Z,Hagebro,2022,984.3,-11.7
2020-09-20T03:25:00Z,Hagebro,2022,984.1,-11.9
2020-09-20T04:25:00Z,Hagebro,2022,984.2,-11.8
2020-09-20T05:25:00Z,Hagebro,2022,984,-12
2020-09-20T06:25:00Z,Hagebro,2022,983.8,-12.2
2020-09-20T07:25:00Z,Hagebro,2022,983.8,-12.2
2020-09-20T08:25:00Z,Hagebro,2022,984,-12
2020-09-20T09:25:00Z,Hagebro,2022,984.1,-11.9
2020-09-20T10:25:00Z,Hagebro,2022,984.3,-11.7
2020-09-20T11:25:00Z,Hagebro,2022,984.5,-11.5
2020-09-20T12:25:00Z,Hagebro,2022,984.4,-11.6
2020-09-20T13:25:00Z,Hagebro,2022,984.7,-11.3
2020-09-20T14:25:00Z,Hagebro,2022,983.4,-12.6
2020-09-20T15:25:00Z,Hagebro,2022,983.2,-12.8
2020-09-20T16:25:00Z,Hagebro,2022,982.9,-13.1
2020-09-20T17:25:00Z,Hagebro,2022,983.1,-12.9
2020-09-20T18:25:00Z,Hagebro,2022,983,-13
2020-09-20T19:25:00Z,Hagebro,2022,983,-13
2020-09-20T20:25:00Z,Hagebro,2022,982.8,-13.2
2020-09-20T21:25:00Z,Hagebro,2022,982.7,-13.3
2020-09-20T22:25:00Z,Hagebro,2022,982.5,-13.5
2020-09-20T23:25:00Z,Hagebro,2022,982.3,-13.7
2020-09-21T00:25:00Z,Hagebro,2022,982.1,-14
2020-09-21T01:25:00Z,Hagebro,2022,981.9,-14.2
2020-09-21T02:25:00Z,Hagebro,2022,981.9,-14.1
2020-09-21T03:25:00Z,Hagebro,2022,981.9,-14.2
2020-09-21T04:25:00Z,Hagebro,2022,982,-14.1
2020-09-21T05:25:00Z,Hagebro,2022,982,-14.1
2020-09-21T06:25:00Z,Hagebro,2022,982,-14.1
2020-09-21T07:25:00Z,Hagebro,2022,982.3,-13.8
2020-09-21T08:25:00Z,Hagebro,2022,982.5,-13.6
2020-09-21T09:25:00Z,Hagebro,2022,982.7,-13.4
2020-09-21T10:25:00Z,Hagebro,2022,982.9,-13.2
2020-09-21T11:40:00Z,Hagebro,2022,982.9,-13.2
2020-09-21T12:25:00Z,Hagebro,2022,983,-13.1
2020-09-21T13:25:00Z,Hagebro,2022,983.1,-13
2020-09-21T14:25:00Z,Hagebro,2022,983.1,-13
2020-09-21T15:25:00Z,Hagebro,2022,983.1,-13
2020-09-21T16:25:00Z,Hagebro,2022,983.1,-13.1
2020-09-21T17:25:00Z,Hagebro,2022,982.9,-13.2
2020-09-21T18:25:00Z,Hagebro,2022,982.7,-13.4
2020-09-21T19:25:00Z,Hagebro,2022,982.4,-13.7
2020-09-21T20:25:00Z,Hagebro,2022,982.3,-13.8
2020-09-21T21:25:00Z,Hagebro,2022,982,-14.1
2020-09-21T22:25:00Z,Hagebro,2022,981.9,-14.2
2020-09-21T23:25:00Z,Hagebro,2022,981.8,-14.3
2020-09-22T00:25:00Z,Hagebro,2022,982.1,-14.1
2020-09-22T01:25:00Z,Hagebro,2022,981.9,-14.3
2020-09-22T02:25:00Z,Hagebro,2022,982.2,-14
2020-09-22T03:25:00Z,Hagebro,2022,982.1,-14.1
2020-09-22T04:25:00Z,Hagebro,2022,982,-14.2
2020-09-22T05:25:00Z,Hagebro,2022,982.1,-14.1
2020-09-22T06:25:00Z,Hagebro,2022,982.3,-13.9
2020-09-22T07:25:00Z,Hagebro,2022,982.7,-13.5
2020-09-22T08:25:00Z,Hagebro,2022,982.7,-13.6
2020-09-22T09:25:00Z,Hagebro,2022,982.6,-13.6
2020-09-22T10:25:00Z,Hagebro,2022,982.7,-13.5
2020-09-22T11:25:00Z,Hagebro,2022,982.6,-13.6
2020-09-22T12:25:00Z,Hagebro,2022,982.6,-13.5
2020-09-22T13:25:00Z,Hagebro,2022,982.7,-13.5
2020-09-22T14:25:00Z,Hagebro,2022,982.7,-13.5
2020-09-22T15:25:00Z,Hagebro,2022,982.7,-13.5
2020-09-22T16:25:00Z,Hagebro,2022,982.6,-13.6
2020-09-22T17:25:00Z,Hagebro,2022,982.7,-13.5
2020-09-22T18:25:00Z,Hagebro,2022,982.7,-13.6
2020-09-22T19:25:00Z,Hagebro,2022,982.7,-13.5
2020-09-22T20:25:00Z,Hagebro,2022,982.6,-13.6
2020-09-22T21:25:00Z,Hagebro,2022,982.4,-13.8
2020-09-22T22:25:00Z,Hagebro,2022,982.2,-14
2020-09-22T23:25:00Z,Hagebro,2022,982.1,-14.1
2020-09-23T00:25:00Z,Hagebro,2022,982.1,-14.2
2020-09-23T01:25:00Z,Hagebro,2022,982,-14.3
2020-09-23T02:25:00Z,Hagebro,2022,982.1,-14.2
2020-09-23T03:25:00Z,Hagebro,2022,982.2,-14.1
2020-09-23T04:25:00Z,Hagebro,2022,982.3,-14
2020-09-23T05:25:00Z,Hagebro,2022,982.4,-13.9
2020-09-23T06:25:00Z,Hagebro,2022,982.5,-13.8
2020-09-23T07:25:00Z,Hagebro,2022,982.6,-13.7
2020-09-23T08:25:00Z,Hagebro,2022,983,-13.3
2020-09-23T09:25:00Z,Hagebro,2022,983.4,-12.9
2020-09-23T10:25:00Z,Hagebro,2022,983.7,-12.6
2020-09-23T11:25:00Z,Hagebro,2022,983.7,-12.6
2020-09-23T12:25:00Z,Hagebro,2022,983.5,-12.8
2020-09-23T13:25:00Z,Hagebro,2022,983.4,-12.9
2020-09-23T14:25:00Z,Hagebro,2022,983.1,-13.2
2020-09-23T15:25:00Z,Hagebro,2022,983.1,-13.2
2020-09-23T16:25:00Z,Hagebro,2022,983.2,-13.1
2020-09-23T17:25:00Z,Hagebro,2022,983.3,-13
2020-09-23T18:25:00Z,Hagebro,2022,983.3,-13
2020-09-23T19:25:00Z,Hagebro,2022,983.3,-13
2020-09-23T20:25:00Z,Hagebro,2022,983.1,-13.2
2020-09-23T21:25:00Z,Hagebro,2022,983.1,-13.2
2020-09-23T22:25:00Z,Hagebro,2022,983,-13.4
2020-09-23T23:25:00Z,Hagebro,2022,982.7,-13.6
2020-09-24T00:25:00Z,Hagebro,2022,982.8,-13.7
2020-09-24T01:25:00Z,Hagebro,2022,982.7,-13.8
2020-09-24T02:25:00Z,Hagebro,2022,982.8,-13.7
2020-09-24T03:25:00Z,Hagebro,2022,982.9,-13.6
2020-09-24T04:25:00Z,Hagebro,2022,982.9,-13.6
2020-09-24T05:25:00Z,Hagebro,2022,982.9,-13.6
2020-09-24T06:25:00Z,Hagebro,2022,982.8,-13.7
2020-09-24T07:25:00Z,Hagebro,2022,982.9,-13.6
2020-09-24T08:25:00Z,Hagebro,2022,983,-13.5
2020-09-24T09:25:00Z,Hagebro,2022,982.9,-13.6
2020-09-24T10:25:00Z,Hagebro,2022,982.8,-13.7
2020-09-24T11:25:00Z,Hagebro,2022,982.8,-13.7
2020-09-24T12:25:00Z,Hagebro,2022,982.9,-13.6
2020-09-24T13:25:00Z,Hagebro,2022,982.8,-13.7
2020-09-24T14:25:00Z,Hagebro,2022,983,-13.5
2020-09-24T15:25:00Z,Hagebro,2022,982.9,-13.6
2020-09-24T16:25:00Z,Hagebro,2022,983,-13.5
2020-09-24T17:25:00Z,Hagebro,2022,982.9,-13.6
2020-09-24T18:25:00Z,Hagebro,2022,982.7,-13.8
2020-09-24T19:25:00Z,Hagebro,2022,982.7,-13.8
2020-09-24T20:25:00Z,Hagebro,2022,982.6,-14
2020-09-24T21:25:00Z,Hagebro,2022,982.5,-14
2020-09-24T22:25:00Z,Hagebro,2022,982.4,-14.1
2020-09-24T23:25:00Z,Hagebro,2022,982.4,-14.1
2020-09-25T00:25:00Z,Hagebro,2022,982.3,-14.3
2020-09-25T01:25:00Z,Hagebro,2022,982.3,-14.3
2020-09-25T02:25:00Z,Hagebro,2022,982.4,-14.2
2020-09-25T03:25:00Z,Hagebro,2022,982.6,-14
2020-09-25T04:25:00Z,Hagebro,2022,982.5,-14.1
2020-09-25T05:25:00Z,Hagebro,2022,982.6,-14
2020-09-25T06:25:00Z,Hagebro,2022,982.8,-13.9
2020-09-25T07:25:00Z,Hagebro,2022,982.8,-13.8
2020-09-25T08:25:00Z,Hagebro,2022,982.6,-14
2020-09-25T09:25:00Z,Hagebro,2022,982.5,-14.1
2020-09-25T10:25:00Z,Hagebro,2022,982.5,-14.1
2020-09-25T11:25:00Z,Hagebro,2022,982.5,-14.1
2020-09-25T12:25:00Z,Hagebro,2022,982.4,-14.2
2020-09-25T13:25:00Z,Hagebro,2022,982.6,-14
2020-09-25T14:25:00Z,Hagebro,2022,982.6,-14
2020-09-25T15:25:00Z,Hagebro,2022,982.7,-13.9
2020-09-25T16:25:00Z,Hagebro,2022,982.7,-13.9
2020-09-25T17:25:00Z,Hagebro,2022,982.8,-13.8
2020-09-25T18:25:00Z,Hagebro,2022,982.8,-13.8
2020-09-25T19:25:00Z,Hagebro,2022,982.7,-13.9
2020-09-25T20:25:00Z,Hagebro,2022,982.5,-14.1
2020-09-25T21:25:00Z,Hagebro,2022,982.4,-14.2
2020-09-25T22:25:00Z,Hagebro,2022,982.3,-14.2
2020-09-25T23:25:00Z,Hagebro,2022,982.4,-14.2
2020-09-26T00:25:00Z,Hagebro,2022,982.6,-14
2020-09-26T01:25:00Z,Hagebro,2022,982.8,-13.9
2020-09-26T02:25:00Z,Hagebro,2022,983.1,-13.6
2020-09-26T03:25:00Z,Hagebro,2022,983.3,-13.4
2020-09-26T04:25:00Z,Hagebro,2022,983.7,-13
2020-09-26T05:25:00Z,Hagebro,2022,983.9,-12.8
2020-09-26T06:25:00Z,Hagebro,2022,984.2,-12.5
2020-09-26T07:25:00Z,Hagebro,2022,984.5,-12.2
2020-09-26T08:25:00Z,Hagebro,2022,984.7,-12
2020-09-26T09:25:00Z,Hagebro,2022,984.9,-11.8
2020-09-26T10:25:00Z,Hagebro,2022,985.2,-11.5
2020-09-26T11:25:00Z,Hagebro,2022,985.6,-11.1
2020-09-26T12:25:00Z,Hagebro,2022,985.8,-10.8
2020-09-26T13:25:00Z,Hagebro,2022,986.1,-10.6
2020-09-26T14:25:00Z,Hagebro,2022,986.4,-10.3
2020-09-26T15:25:00Z,Hagebro,2022,986.6,-10.1
2020-09-26T16:25:00Z,Hagebro,2022,987.2,-9.5
2020-09-11T00:25:00Z,Hagebro,2023,994.3,-0.7
2020-09-11T01:25:00Z,Hagebro,2023,994.3,-0.7
2020-09-11T02:25:00Z,Hagebro,2023,994.3,-0.7
2020-09-11T03:25:00Z,Hagebro,2023,994.4,-0.6
2020-09-11T04:25:00Z,Hagebro,2023,994.5,-0.5
2020-09-11T05:25:00Z,Hagebro,2023,994.5,-0.5
2020-09-11T06:25:00Z,Hagebro,2023,994.3,-0.7
2020-09-11T07:25:00Z,Hagebro,2023,994.3,-0.7
2020-09-11T08:25:00Z,Hagebro,2023,994.5,-0.5
2020-09-11T09:25:00Z,Hagebro,2023,994.6,-0.4
2020-09-11T10:25:00Z,Hagebro,2023,994.7,-0.3
2020-09-11T11:25:00Z,Hagebro,2023,994.7,-0.2
2020-09-11T12:25:00Z,Hagebro,2023,994.8,-0.2
2020-09-11T13:25:00Z,Hagebro,2023,996,0.9
2020-09-11T14:25:00Z,Hagebro,2023,996.6,1.6
2020-09-11T15:25:00Z,Hagebro,2023,997.6,2.6
2020-09-11T16:25:00Z,Hagebro,2023,998.3,3.3
2020-09-11T17:25:00Z,Hagebro,2023,999.7,4.8
2020-09-11T18:25:00Z,Hagebro,2023,1000.8,5.8
2020-09-11T19:25:00Z,Hagebro,2023,1000.8,5.8
2020-09-11T20:25:00Z,Hagebro,2023,1000.5,5.5
2020-09-11T21:25:00Z,Hagebro,2023,1000.5,5.4
2020-09-11T22:25:00Z,Hagebro,2023,1000.6,5.6
2020-09-11T23:25:00Z,Hagebro,2023,1000.7,5.7
2020-09-12T00:25:00Z,Hagebro,2023,1000.5,5.4
2020-09-12T01:25:00Z,Hagebro,2023,1000.3,5.2
2020-09-12T02:25:00Z,Hagebro,2023,1000.3,5.2
2020-09-12T03:25:00Z,Hagebro,2023,1000.3,5.2
2020-09-12T04:25:00Z,Hagebro,2023,1000.4,5.3
2020-09-12T05:25:00Z,Hagebro,2023,1000.6,5.5
2020-09-12T06:25:00Z,Hagebro,2023,1000.7,5.6
2020-09-12T07:25:00Z,Hagebro,2023,1000.7,5.6
2020-09-12T08:25:00Z,Hagebro,2023,1000.5,5.4
2020-09-12T09:25:00Z,Hagebro,2023,1000.3,5.2
2020-09-12T10:25:00Z,Hagebro,2023,1000.2,5.1
2020-09-12T11:25:00Z,Hagebro,2023,1000,4.9
2020-09-12T12:25:00Z,Hagebro,2023,999.9,4.8
2020-09-12T13:25:00Z,Hagebro,2023,999.8,4.7
2020-09-12T14:25:00Z,Hagebro,2023,999.3,4.3
2020-09-12T15:25:00Z,Hagebro,2023,998.8,3.7
2020-09-12T16:25:00Z,Hagebro,2023,998.9,3.8
2020-09-12T17:25:00Z,Hagebro,2023,998.6,3.5
2020-09-12T18:25:00Z,Hagebro,2023,998.4,3.3
2020-09-12T19:25:00Z,Hagebro,2023,998.1,3
2020-09-12T20:25:00Z,Hagebro,2023,998,2.9
2020-09-12T21:25:00Z,Hagebro,2023,997.9,2.7
2020-09-12T22:25:00Z,Hagebro,2023,997.8,2.7
2020-09-12T23:25:00Z,Hagebro,2023,997.8,2.7
2020-09-13T00:25:00Z,Hagebro,2023,997.8,2.6
2020-09-13T01:25:00Z,Hagebro,2023,997.8,2.6
2020-09-13T02:25:00Z,Hagebro,2023,997.9,2.7
2020-09-13T03:25:00Z,Hagebro,2023,997.9,2.7
2020-09-13T04:25:00Z,Hagebro,2023,998,2.8
2020-09-13T05:25:00Z,Hagebro,2023,997.9,2.7
2020-09-13T06:25:00Z,Hagebro,2023,997.6,2.4
2020-09-13T07:25:00Z,Hagebro,2023,997.9,2.7
2020-09-13T08:25:00Z,Hagebro,2023,997.8,2.6
2020-09-13T09:25:00Z,Hagebro,2023,998,2.8
2020-09-13T10:25:00Z,Hagebro,2023,997.9,2.7
2020-09-13T11:25:00Z,Hagebro,2023,997.7,2.5
2020-09-13T12:25:00Z,Hagebro,2023,997.5,2.3
2020-09-13T13:25:00Z,Hagebro,2023,997.4,2.1
2020-09-13T14:25:00Z,Hagebro,2023,997.3,2.1
2020-09-13T15:25:00Z,Hagebro,2023,996.9,1.7
2020-09-13T16:25:00Z,Hagebro,2023,996.8,1.6
2020-09-13T17:25:00Z,Hagebro,2023,996.5,1.3
2020-09-13T18:25:00Z,Hagebro,2023,996.4,1.2
2020-09-13T19:25:00Z,Hagebro,2023,996.2,1
2020-09-13T20:25:00Z,Hagebro,2023,996.2,1
2020-09-13T21:25:00Z,Hagebro,2023,996,0.9
2020-09-13T22:25:00Z,Hagebro,2023,996,0.8
2020-09-13T23:25:00Z,Hagebro,2023,996,0.9
2020-09-14T00:25:00Z,Hagebro,2023,995.9,0.5
2020-09-14T01:25:00Z,Hagebro,2023,995.7,0.5
2020-09-14T02:25:00Z,Hagebro,2023,995.7,0.4
2020-09-14T03:25:00Z,Hagebro,2023,995.7,0.4
2020-09-14T04:25:00Z,Hagebro,2023,995.7,0.4
2020-09-14T05:25:00Z,Hagebro,2023,995.6,0.3
2020-09-14T06:25:00Z,Hagebro,2023,995.6,0.3
2020-09-14T07:25:00Z,Hagebro,2023,995.5,0.1
2020-09-14T08:25:00Z,Hagebro,2023,995.5,0.2
2020-09-14T09:25:00Z,Hagebro,2023,995.6,0.3
2020-09-14T10:25:00Z,Hagebro,2023,995.6,0.3
2020-09-14T11:25:00Z,Hagebro,2023,995.5,0.2
2020-09-14T12:25:00Z,Hagebro,2023,995.4,0.1
2020-09-14T13:25:00Z,Hagebro,2023,995.4,0.1
2020-09-14T14:25:00Z,Hagebro,2023,995.2,-0.1
2020-09-14T15:25:00Z,Hagebro,2023,995.3,0
2020-09-14T16:25:00Z,Hagebro,2023,995.2,-0.1
2020-09-14T17:25:00Z,Hagebro,2023,994.9,-0.4
2020-09-14T18:25:00Z,Hagebro,2023,995,-0.2
2020-09-14T19:25:00Z,Hagebro,2023,994.9,-0.4
2020-09-14T20:25:00Z,Hagebro,2023,994.9,-0.4
2020-09-14T21:25:00Z,Hagebro,2023,994.9,-0.4
2020-09-14T22:25:00Z,Hagebro,2023,994.9,-0.4
2020-09-14T23:25:00Z,Hagebro,2023,994.8,-0.5
2020-09-15T00:25:00Z,Hagebro,2023,994.8,-0.7
2020-09-15T01:25:00Z,Hagebro,2023,994.8,-0.7
2020-09-15T02:25:00Z,Hagebro,2023,995,-0.5
2020-09-15T03:25:00Z,Hagebro,2023,994.8,-0.7
2020-09-15T04:25:00Z,Hagebro,2023,994.8,-0.7
2020-09-15T05:25:00Z,Hagebro,2023,994.9,-0.6
2020-09-15T06:25:00Z,Hagebro,2023,995.1,-0.4
2020-09-15T07:25:00Z,Hagebro,2023,995.1,-0.4
2020-09-15T08:25:00Z,Hagebro,2023,994.7,-0.8
2020-09-15T09:25:00Z,Hagebro,2023,994.6,-0.9
2020-09-15T10:25:00Z,Hagebro,2023,994.5,-0.9
2020-09-15T11:25:00Z,Hagebro,2023,994.7,-0.8
2020-09-15T12:25:00Z,Hagebro,2023,994.4,-1
2020-09-15T13:25:00Z,Hagebro,2023,994.3,-1.2
2020-09-15T14:25:00Z,Hagebro,2023,994.3,-1.2
2020-09-15T15:25:00Z,Hagebro,2023,994.2,-1.3
2020-09-15T16:25:00Z,Hagebro,2023,994.2,-1.3
2020-09-15T17:25:00Z,Hagebro,2023,994.1,-1.4
2020-09-15T18:25:00Z,Hagebro,2023,994.1,-1.4
2020-09-15T19:25:00Z,Hagebro,2023,994.1,-1.4
2020-09-15T20:25:00Z,Hagebro,2023,994.1,-1.4
2020-09-15T21:25:00Z,Hagebro,2023,994,-1.5
2020-09-15T22:25:00Z,Hagebro,2023,993.9,-1.6
2020-09-15T23:25:00Z,Hagebro,2023,994,-1.5
2020-09-16T00:25:00Z,Hagebro,2023,993.8,-1.8
2020-09-16T01:25:00Z,Hagebro,2023,993.7,-1.9
2020-09-16T02:25:00Z,Hagebro,2023,993.8,-1.8
2020-09-16T03:25:00Z,Hagebro,2023,993.8,-1.8
2020-09-16T04:25:00Z,Hagebro,2023,993.8,-1.8
2020-09-16T05:25:00Z,Hagebro,2023,993.8,-1.8
2020-09-16T06:25:00Z,Hagebro,2023,993.9,-1.7
2020-09-16T07:25:00Z,Hagebro,2023,994,-1.7
2020-09-16T08:25:00Z,Hagebro,2023,994.1,-1.5
2020-09-16T09:25:00Z,Hagebro,2023,994.1,-1.5
2020-09-16T10:25:00Z,Hagebro,2023,994,-1.6
2020-09-16T11:25:00Z,Hagebro,2023,993.9,-1.7
2020-09-16T12:25:00Z,Hagebro,2023,993.9,-1.7
2020-09-16T13:25:00Z,Hagebro,2023,993.9,-1.8
2020-09-16T14:25:00Z,Hagebro,2023,993.8,-1.8
2020-09-16T15:25:00Z,Hagebro,2023,993.8,-1.8
2020-09-16T16:25:00Z,Hagebro,2023,993.8,-1.8
2020-09-16T17:25:00Z,Hagebro,2023,993.9,-1.7
2020-09-16T18:25:00Z,Hagebro,2023,993.9,-1.7
2020-09-16T19:25:00Z,Hagebro,2023,993.8,-1.8
2020-09-16T20:25:00Z,Hagebro,2023,993.8,-1.8
2020-09-16T21:25:00Z,Hagebro,2023,994,-1.6
2020-09-16T22:25:00Z,Hagebro,2023,994,-1.6
2020-09-16T23:25:00Z,Hagebro,2023,993.7,-1.9
2020-09-17T00:25:00Z,Hagebro,2023,993.8,-1.9
2020-09-17T01:25:00Z,Hagebro,2023,993.8,-1.9
2020-09-17T02:25:00Z,Hagebro,2023,993.8,-1.9
2020-09-17T03:25:00Z,Hagebro,2023,993.7,-2
2020-09-17T04:25:00Z,Hagebro,2023,993.8,-1.9
2020-09-17T05:25:00Z,Hagebro,2023,993.8,-2
2020-09-17T06:25:00Z,Hagebro,2023,993.7,-2.1
2020-09-17T07:25:00Z,Hagebro,2023,993.8,-1.9
2020-09-17T08:25:00Z,Hagebro,2023,993.9,-1.8
2020-09-17T09:25:00Z,Hagebro,2023,993.9,-1.8
2020-09-17T10:25:00Z,Hagebro,2023,993.9,-1.8
2020-09-17T11:25:00Z,Hagebro,2023,993.9,-1.8
2020-09-17T12:25:00Z,Hagebro,2023,993.8,-1.9
2020-09-17T13:25:00Z,Hagebro,2023,993.8,-1.9
2020-09-17T14:25:00Z,Hagebro,2023,993.7,-2
2020-09-17T15:25:00Z,Hagebro,2023,993.8,-1.9
2020-09-17T16:25:00Z,Hagebro,2023,993.8,-1.9
2020-09-17T17:25:00Z,Hagebro,2023,993.7,-2
2020-09-17T18:25:00Z,Hagebro,2023,993.8,-2
2020-09-17T19:25:00Z,Hagebro,2023,993.7,-2
2020-09-17T20:25:00Z,Hagebro,2023,993.6,-2.1
2020-09-17T21:25:00Z,Hagebro,2023,993.5,-2.1
2020-09-17T22:25:00Z,Hagebro,2023,993.7,-2
2020-09-17T23:25:00Z,Hagebro,2023,993.7,-2
2020-09-18T00:25:00Z,Hagebro,2023,993.7,-2.1
2020-09-18T01:25:00Z,Hagebro,2023,993.6,-2.2
2020-09-18T02:25:00Z,Hagebro,2023,993.7,-2.1
2020-09-18T03:25:00Z,Hagebro,2023,993.8,-2
2020-09-18T04:25:00Z,Hagebro,2023,993.9,-1.9
2020-09-18T05:25:00Z,Hagebro,2023,993.9,-1.9
2020-09-18T06:25:00Z,Hagebro,2023,994,-1.8
2020-09-18T07:25:00Z,Hagebro,2023,994.1,-1.7
2020-09-18T08:25:00Z,Hagebro,2023,994.1,-1.8
2020-09-18T09:25:00Z,Hagebro,2023,994,-1.8
2020-09-18T10:25:00Z,Hagebro,2023,994.1,-1.7
2020-09-18T11:25:00Z,Hagebro,2023,994.1,-1.7
2020-09-18T12:25:00Z,Hagebro,2023,994.2,-1.6
2020-09-18T13:25:00Z,Hagebro,2023,995.2,-0.6
2020-09-18T14:25:00Z,Hagebro,2023,996.4,0.6
2020-09-18T15:25:00Z,Hagebro,2023,996.5,0.7
2020-09-18T16:25:00Z,Hagebro,2023,996.5,0.7
2020-09-18T17:25:00Z,Hagebro,2023,996.5,0.7
2020-09-18T18:25:00Z,Hagebro,2023,996.7,0.9
2020-09-18T19:25:00Z,Hagebro,2023,996.8,1
2020-09-18T20:25:00Z,Hagebro,2023,996.7,0.9
2020-09-18T21:25:00Z,Hagebro,2023,996.9,1.1
2020-09-18T22:25:00Z,Hagebro,2023,997.1,1.3
2020-09-18T23:25:00Z,Hagebro,2023,997.2,1.4
2020-09-19T00:25:00Z,Hagebro,2023,997.4,1.5
2020-09-19T01:25:00Z,Hagebro,2023,997.6,1.7
2020-09-19T02:25:00Z,Hagebro,2023,997.8,1.9
2020-09-19T03:25:00Z,Hagebro,2023,998.2,2.3
2020-09-19T04:25:00Z,Hagebro,2023,998.5,2.5
2020-09-19T05:25:00Z,Hagebro,2023,998.9,2.9
2020-09-19T06:25:00Z,Hagebro,2023,999,3.1
2020-09-19T07:25:00Z,Hagebro,2023,999.4,3.5
2020-09-19T08:25:00Z,Hagebro,2023,1000.1,4.2
2020-09-19T09:25:00Z,Hagebro,2023,1000.6,4.7
2020-09-19T10:25:00Z,Hagebro,2023,1000.9,5
2020-09-19T11:25:00Z,Hagebro,2023,1001.4,5.5
2020-09-19T12:25:00Z,Hagebro,2023,1001.6,5.7
2020-09-19T13:25:00Z,Hagebro,2023,1001.8,5.9
2020-09-19T14:25:00Z,Hagebro,2023,1002.3,6.4
2020-09-19T15:25:00Z,Hagebro,2023,1003.5,7.6
2020-09-19T16:25:00Z,Hagebro,2023,1004.9,9
2020-09-19T17:25:00Z,Hagebro,2023,1006.6,10.7
2020-09-19T18:25:00Z,Hagebro,2023,1007.2,11.3
2020-09-19T19:25:00Z,Hagebro,2023,1008,12.1
2020-09-19T20:25:00Z,Hagebro,2023,1008.9,13.1
2020-09-19T21:25:00Z,Hagebro,2023,1009.9,14
2020-09-19T22:25:00Z,Hagebro,2023,1011.1,15.2
2020-09-19T23:25:00Z,Hagebro,2023,1012.2,16.2
2020-09-20T00:25:00Z,Hagebro,2023,1013,17
2020-09-20T01:25:00Z,Hagebro,2023,1013.9,17.9
2020-09-20T02:25:00Z,Hagebro,2023,1014.6,18.6
2020-09-20T03:25:00Z,Hagebro,2023,1015.4,19.4
2020-09-20T04:25:00Z,Hagebro,2023,1016.2,20.2
2020-09-20T05:25:00Z,Hagebro,2023,1016.9,20.8
2020-09-20T06:25:00Z,Hagebro,2023,1017.8,21.8
2020-09-20T07:25:00Z,Hagebro,2023,1018.7,22.7
2020-09-20T08:25:00Z,Hagebro,2023,1018.9,22.9
2020-09-20T09:25:00Z,Hagebro,2023,1019.1,23.1
2020-09-20T10:25:00Z,Hagebro,2023,1019.3,23.3
2020-09-20T11:25:00Z,Hagebro,2023,1019.4,23.4
2020-09-20T12:25:00Z,Hagebro,2023,1019.8,23.8
2020-09-20T13:25:00Z,Hagebro,2023,1019.8,23.8
2020-09-20T14:25:00Z,Hagebro,2023,1019.9,23.8
2020-09-20T15:25:00Z,Hagebro,2023,1020.3,24.3
2020-09-20T16:25:00Z,Hagebro,2023,1020.5,24.5
2020-09-20T17:25:00Z,Hagebro,2023,1020.4,24.5
2020-09-20T18:25:00Z,Hagebro,2023,1020.4,24.4
2020-09-20T19:25:00Z,Hagebro,2023,1020.5,24.5
2020-09-20T20:25:00Z,Hagebro,2023,1020.4,24.4
2020-09-20T21:25:00Z,Hagebro,2023,1020.1,24.1
2020-09-20T22:25:00Z,Hagebro,2023,1019.6,23.6
2020-09-20T23:25:00Z,Hagebro,2023,1019.1,23.1
2020-09-21T00:25:00Z,Hagebro,2023,1018.6,22.5
2020-09-21T01:25:00Z,Hagebro,2023,1018.2,22.1
2020-09-21T02:25:00Z,Hagebro,2023,1017.7,21.6
2020-09-21T03:25:00Z,Hagebro,2023,1017.2,21.1
2020-09-21T04:25:00Z,Hagebro,2023,1016.2,20.1
2020-09-21T05:25:00Z,Hagebro,2023,1015,18.9
2020-09-21T06:25:00Z,Hagebro,2023,1015,18.9
2020-09-21T07:25:00Z,Hagebro,2023,1014.9,18.8
2020-09-21T08:25:00Z,Hagebro,2023,1014.4,18.3
2020-09-21T09:25:00Z,Hagebro,2023,1013.4,17.3
2020-09-21T10:25:00Z,Hagebro,2023,1012.1,16
2020-09-21T11:25:00Z,Hagebro,2023,1011.6,15.5
2020-09-21T12:25:00Z,Hagebro,2023,1011.2,15.1
2020-09-21T13:25:00Z,Hagebro,2023,1010.7,14.6
2020-09-21T14:25:00Z,Hagebro,2023,1010.5,14.4
2020-09-21T15:25:00Z,Hagebro,2023,1010.3,14.2
2020-09-21T16:25:00Z,Hagebro,2023,1010.3,14.2
2020-09-21T17:25:00Z,Hagebro,2023,1010.1,14
2020-09-21T18:25:00Z,Hagebro,2023,1009.8,13.7
2020-09-21T19:25:00Z,Hagebro,2023,1010.6,14.5
2020-09-21T20:25:00Z,Hagebro,2023,1013,16.9
2020-09-21T21:25:00Z,Hagebro,2023,1013.7,17.6
2020-09-21T22:25:00Z,Hagebro,2023,1014.4,18.3
2020-09-21T23:25:00Z,Hagebro,2023,1016,19.9
2020-09-22T00:25:00Z,Hagebro,2023,1017.3,21
2020-09-22T01:25:00Z,Hagebro,2023,1018,21.8
2020-09-22T02:25:00Z,Hagebro,2023,1018.8,22.7
2020-09-22T03:25:00Z,Hagebro,2023,1019.6,23.4
2020-09-22T04:25:00Z,Hagebro,2023,1020.5,24.3
2020-09-22T05:25:00Z,Hagebro,2023,1021.5,25.3
2020-09-22T06:25:00Z,Hagebro,2023,1022.2,26
2020-09-22T07:25:00Z,Hagebro,2023,1022.9,26.7
2020-09-22T08:25:00Z,Hagebro,2023,1023.7,27.5
2020-09-22T09:25:00Z,Hagebro,2023,1024.2,28
2020-09-22T10:25:00Z,Hagebro,2023,1024.9,28.6
2020-09-22T11:25:00Z,Hagebro,2023,1025.3,29.1
2020-09-22T12:25:00Z,Hagebro,2023,1025.8,29.5
2020-09-22T13:25:00Z,Hagebro,2023,1026.3,30.1
2020-09-22T14:25:00Z,Hagebro,2023,1026.8,30.6
2020-09-22T15:25:00Z,Hagebro,2023,1027.4,31.2
2020-09-22T16:25:00Z,Hagebro,2023,1027.8,31.6
2020-09-22T17:25:00Z,Hagebro,2023,1028.1,31.9
2020-09-22T18:25:00Z,Hagebro,2023,1028.2,32
2020-09-22T19:25:00Z,Hagebro,2023,1028.4,32.2
2020-09-22T20:25:00Z,Hagebro,2023,1028.7,32.5
2020-09-22T21:25:00Z,Hagebro,2023,1028.7,32.5
2020-09-22T22:25:00Z,Hagebro,2023,1028.8,32.6
2020-09-22T23:25:00Z,Hagebro,2023,1028.9,32.7
2020-09-23T00:25:00Z,Hagebro,2023,1029,32.7
2020-09-23T01:25:00Z,Hagebro,2023,1029,32.7
2020-09-23T02:25:00Z,Hagebro,2023,1028.9,32.6
2020-09-23T03:25:00Z,Hagebro,2023,1028.8,32.5
2020-09-23T04:25:00Z,Hagebro,2023,1028.7,32.5
2020-09-23T05:25:00Z,Hagebro,2023,1028.7,32.4
2020-09-23T06:25:00Z,Hagebro,2023,1028.5,32.2
2020-09-23T07:25:00Z,Hagebro,2023,1028.1,31.8
2020-09-23T08:25:00Z,Hagebro,2023,1027.8,31.5
2020-09-23T09:25:00Z,Hagebro,2023,1027.6,31.4
2020-09-23T10:25:00Z,Hagebro,2023,1027.1,30.8
2020-09-23T11:25:00Z,Hagebro,2023,1026.7,30.3
2020-09-23T12:25:00Z,Hagebro,2023,1026.4,30.1
2020-09-23T13:25:00Z,Hagebro,2023,1025.7,29.4
2020-09-23T14:25:00Z,Hagebro,2023,1025.2,28.9
2020-09-23T15:25:00Z,Hagebro,2023,1024.5,28.2
2020-09-23T16:25:00Z,Hagebro,2023,1024,27.7
2020-09-23T17:25:00Z,Hagebro,2023,1023.4,27.1
2020-09-23T18:25:00Z,Hagebro,2023,1022.9,26.6
2020-09-23T19:25:00Z,Hagebro,2023,1022.2,26
2020-09-23T20:25:00Z,Hagebro,2023,1021.8,25.5
2020-09-23T21:25:00Z,Hagebro,2023,1021.2,24.9
2020-09-23T22:25:00Z,Hagebro,2023,1020.6,24.3
2020-09-23T23:25:00Z,Hagebro,2023,1020.3,24
2020-09-24T00:25:00Z,Hagebro,2023,1019.8,23.3
2020-09-24T01:25:00Z,Hagebro,2023,1019.4,22.9
2020-09-24T02:25:00Z,Hagebro,2023,1019.1,22.6
2020-09-24T03:25:00Z,Hagebro,2023,1018.8,22.3
2020-09-24T04:25:00Z,Hagebro,2023,1018.2,21.7
2020-09-24T05:25:00Z,Hagebro,2023,1018,21.5
2020-09-24T06:25:00Z,Hagebro,2023,1017.6,21
2020-09-24T07:25:00Z,Hagebro,2023,1017.3,20.8
2020-09-24T08:25:00Z,Hagebro,2023,1017,20.5
2020-09-24T09:25:00Z,Hagebro,2023,1016.7,20.2
2020-09-24T10:25:00Z,Hagebro,2023,1016.4,19.9
2020-09-24T11:25:00Z,Hagebro,2023,1016.1,19.6
2020-09-24T12:25:00Z,Hagebro,2023,1015.8,19.3
2020-09-24T13:25:00Z,Hagebro,2023,1015.4,19
2020-09-24T14:25:00Z,Hagebro,2023,1015.2,18.8
2020-09-24T15:25:00Z,Hagebro,2023,1015,18.5
2020-09-24T16:25:00Z,Hagebro,2023,1014.8,18.3
2020-09-24T17:25:00Z,Hagebro,2023,1014.4,17.9
2020-09-24T18:25:00Z,Hagebro,2023,1014.1,17.6
2020-09-24T19:25:00Z,Hagebro,2023,1014,17.5
2020-09-24T20:25:00Z,Hagebro,2023,1013.7,17.2
2020-09-24T21:25:00Z,Hagebro,2023,1013.6,17.1
2020-09-24T22:25:00Z,Hagebro,2023,1013.2,16.7
2020-09-24T23:25:00Z,Hagebro,2023,1013,16.5
2020-09-25T00:25:00Z,Hagebro,2023,1012.9,16.2
2020-09-25T01:25:00Z,Hagebro,2023,1012.6,16
2020-09-25T02:25:00Z,Hagebro,2023,1012.4,15.8
2020-09-25T03:25:00Z,Hagebro,2023,1012.3,15.7
2020-09-25T04:25:00Z,Hagebro,2023,1012,15.4
2020-09-25T05:25:00Z,Hagebro,2023,1011.7,15.2
2020-09-25T06:25:00Z,Hagebro,2023,1011.5,14.9
2020-09-25T07:25:00Z,Hagebro,2023,1011.4,14.7
2020-09-25T08:25:00Z,Hagebro,2023,1011.1,14.5
2020-09-25T09:25:00Z,Hagebro,2023,1010.8,14.2
2020-09-25T10:25:00Z,Hagebro,2023,1010.7,14.1
2020-09-25T11:25:00Z,Hagebro,2023,1010.6,14
2020-09-25T12:25:00Z,Hagebro,2023,1010.5,13.9
2020-09-25T13:25:00Z,Hagebro,2023,1010.2,13.6
2020-09-25T14:25:00Z,Hagebro,2023,1010,13.4
2020-09-25T15:25:00Z,Hagebro,2023,1009.7,13.1
2020-09-25T16:25:00Z,Hagebro,2023,1009.6,13
2020-09-25T17:25:00Z,Hagebro,2023,1009.4,12.8
2020-09-25T18:25:00Z,Hagebro,2023,1009.3,12.7
2020-09-25T19:25:00Z,Hagebro,2023,1009,12.4
2020-09-25T20:25:00Z,Hagebro,2023,1008.9,12.3
2020-09-25T21:25:00Z,Hagebro,2023,1008.7,12.1
2020-09-25T22:25:00Z,Hagebro,2023,1008.5,11.9
2020-09-25T23:25:00Z,Hagebro,2023,1008.4,11.8
2020-09-26T00:25:00Z,Hagebro,2023,1008.3,11.6
2020-09-26T01:25:00Z,Hagebro,2023,1008,11.3
2020-09-26T02:25:00Z,Hagebro,2023,1007.9,11.2
2020-09-26T03:25:00Z,Hagebro,2023,1007.9,11.2
2020-09-26T04:25:00Z,Hagebro,2023,1007.7,10.9
2020-09-26T05:25:00Z,Hagebro,2023,1007.5,10.8
2020-09-26T06:25:00Z,Hagebro,2023,1007.3,10.6
2020-09-26T07:25:00Z,Hagebro,2023,1007.1,10.3
2020-09-26T08:25:00Z,Hagebro,2023,1006.9,10.2
2020-09-26T09:25:00Z,Hagebro,2023,1006.8,10.1
2020-09-26T10:25:00Z,Hagebro,2023,1006.8,10.1
2020-09-26T11:25:00Z,Hagebro,2023,1006.5,9.8
2020-09-26T12:25:00Z,Hagebro,2023,1006.5,9.8
2020-09-26T13:25:00Z,Hagebro,2023,1006.3,9.6
2020-09-26T14:25:00Z,Hagebro,2023,1006,9.3
2020-09-26T15:25:00Z,Hagebro,2023,1005.9,9.2
2020-09-26T16:25:00Z,Hagebro,2023,1005.8,9.1
2020-09-11T00:25:00Z,Hagebro,2024,1009.1,14
2020-09-11T01:25:00Z,Hagebro,2024,1009.2,14.1
2020-09-11T02:25:00Z,Hagebro,2024,1009.3,14.1
2020-09-11T03:25:00Z,Hagebro,2024,1009.3,14.2
2020-09-11T04:25:00Z,Hagebro,2024,1009.4,14.3
2020-09-11T05:25:00Z,Hagebro,2024,1009.4,14.3
2020-09-11T06:25:00Z,Hagebro,2024,1009.4,14.3
2020-09-11T07:25:00Z,Hagebro,2024,1009.4,14.3
2020-09-11T08:25:00Z,Hagebro,2024,1009.6,14.5
2020-09-11T09:25:00Z,Hagebro,2024,1009.8,14.8
2020-09-11T10:25:00Z,Hagebro,2024,1010.1,15
2020-09-11T11:25:00Z,Hagebro,2024,1009.8,14.6
2020-09-11T12:25:00Z,Hagebro,2024,1009.4,14.2
2020-09-11T13:25:00Z,Hagebro,2024,1009.1,14.1
2020-09-11T14:25:00Z,Hagebro,2024,1009.1,14
2020-09-11T15:25:00Z,Hagebro,2024,1008.9,13.8
2020-09-11T16:25:00Z,Hagebro,2024,1008.8,13.7
2020-09-11T17:25:00Z,Hagebro,2024,1008.5,13.4
2020-09-11T18:25:00Z,Hagebro,2024,1008.2,13.1
2020-09-11T19:25:00Z,Hagebro,2024,1007.9,12.8
2020-09-11T20:25:00Z,Hagebro,2024,1007.6,12.5
2020-09-11T21:25:00Z,Hagebro,2024,1007.4,12.3
2020-09-11T22:25:00Z,Hagebro,2024,1007.1,12
2020-09-11T23:25:00Z,Hagebro,2024,1007,11.9
2020-09-12T00:25:00Z,Hagebro,2024,1007,11.8
2020-09-12T01:25:00Z,Hagebro,2024,1006.9,11.8
2020-09-12T02:25:00Z,Hagebro,2024,1006.9,11.7
2020-09-12T03:25:00Z,Hagebro,2024,1007,11.8
2020-09-12T04:25:00Z,Hagebro,2024,1007,11.8
2020-09-12T05:25:00Z,Hagebro,2024,1006.9,11.7
2020-09-12T06:25:00Z,Hagebro,2024,1007.2,12
2020-09-12T07:25:00Z,Hagebro,2024,1007.1,11.9
2020-09-12T08:25:00Z,Hagebro,2024,1006.9,11.7
2020-09-12T09:25:00Z,Hagebro,2024,1006.7,11.5
2020-09-12T10:25:00Z,Hagebro,2024,1006.4,11.2
2020-09-12T11:25:00Z,Hagebro,2024,1006.2,11
2020-09-12T12:25:00Z,Hagebro,2024,1005.9,10.7
2020-09-12T13:25:00Z,Hagebro,2024,1005.7,10.5
2020-09-12T14:25:00Z,Hagebro,2024,1005.6,10.4
2020-09-12T15:25:00Z,Hagebro,2024,1005.4,10.2
2020-09-12T16:25:00Z,Hagebro,2024,1005.3,10.2
2020-09-12T17:25:00Z,Hagebro,2024,1005.4,10.2
2020-09-12T18:25:00Z,Hagebro,2024,1005.2,10.1
2020-09-12T19:25:00Z,Hagebro,2024,1005.3,10.1
2020-09-12T20:25:00Z,Hagebro,2024,1005.1,9.9
2020-09-12T21:25:00Z,Hagebro,2024,1005.2,10
2020-09-12T22:25:00Z,Hagebro,2024,1005.2,10
2020-09-12T23:25:00Z,Hagebro,2024,1005.2,10
2020-09-13T00:25:00Z,Hagebro,2024,1005,9.7
2020-09-13T01:25:00Z,Hagebro,2024,1004.9,9.6
2020-09-13T02:25:00Z,Hagebro,2024,1004.8,9.5
2020-09-13T03:25:00Z,Hagebro,2024,1004.5,9.2
2020-09-13T04:25:00Z,Hagebro,2024,1004.2,8.9
2020-09-13T05:25:00Z,Hagebro,2024,1004.2,8.9
2020-09-13T06:25:00Z,Hagebro,2024,1004,8.8
2020-09-13T07:25:00Z,Hagebro,2024,1004,8.8
2020-09-13T08:25:00Z,Hagebro,2024,1004,8.7
2020-09-13T09:25:00Z,Hagebro,2024,1003.9,8.6
2020-09-13T10:25:00Z,Hagebro,2024,1004,8.7
2020-09-13T11:25:00Z,Hagebro,2024,1004,8.7
2020-09-13T12:25:00Z,Hagebro,2024,1003.9,8.6
2020-09-13T13:25:00Z,Hagebro,2024,1003.9,8.6
2020-09-13T14:25:00Z,Hagebro,2024,1003.8,8.5
2020-09-13T15:25:00Z,Hagebro,2024,1003.6,8.3
2020-09-13T16:25:00Z,Hagebro,2024,1003.5,8.2
2020-09-13T17:25:00Z,Hagebro,2024,1003.4,8.1
2020-09-13T18:25:00Z,Hagebro,2024,1003.3,8
2020-09-13T19:25:00Z,Hagebro,2024,1003,7.7
2020-09-13T20:25:00Z,Hagebro,2024,1003,7.7
2020-09-13T21:25:00Z,Hagebro,2024,1002.7,7.4
2020-09-13T22:25:00Z,Hagebro,2024,1002.6,7.3
2020-09-13T23:25:00Z,Hagebro,2024,1002.6,7.3
2020-09-14T00:25:00Z,Hagebro,2024,1002.4,7
2020-09-14T01:25:00Z,Hagebro,2024,1002.4,6.9
2020-09-14T02:25:00Z,Hagebro,2024,1002.2,6.7
2020-09-14T03:25:00Z,Hagebro,2024,1002.1,6.7
2020-09-14T04:25:00Z,Hagebro,2024,1002.3,6.8
2020-09-14T05:25:00Z,Hagebro,2024,1002.2,6.7
2020-09-14T06:25:00Z,Hagebro,2024,1002.1,6.6
2020-09-14T07:25:00Z,Hagebro,2024,1002.1,6.6
2020-09-14T08:25:00Z,Hagebro,2024,1002.3,6.8
2020-09-14T09:25:00Z,Hagebro,2024,1002.3,6.8
2020-09-14T10:25:00Z,Hagebro,2024,1002.2,6.7
2020-09-14T11:25:00Z,Hagebro,2024,1002.1,6.6
2020-09-14T12:25:00Z,Hagebro,2024,1001.9,6.4
2020-09-14T13:25:00Z,Hagebro,2024,1002,6.4
2020-09-14T14:25:00Z,Hagebro,2024,1001.9,6.4
2020-09-14T15:25:00Z,Hagebro,2024,1002,6.5
2020-09-14T16:25:00Z,Hagebro,2024,1002,6.5
2020-09-14T17:25:00Z,Hagebro,2024,1001.9,6.4
2020-09-14T18:25:00Z,Hagebro,2024,1002,6.4
2020-09-14T19:25:00Z,Hagebro,2024,1001.8,6.3
2020-09-14T20:25:00Z,Hagebro,2024,1001.6,6.1
2020-09-14T21:25:00Z,Hagebro,2024,1001.6,6.1
2020-09-14T22:25:00Z,Hagebro,2024,1001.5,6
2020-09-14T23:25:00Z,Hagebro,2024,1001.6,6.1
2020-09-15T00:25:00Z,Hagebro,2024,1001.5,5.9
2020-09-15T01:25:00Z,Hagebro,2024,1001.6,6
2020-09-15T02:25:00Z,Hagebro,2024,1001.4,5.8
2020-09-15T03:25:00Z,Hagebro,2024,1001.3,5.7
2020-09-15T04:25:00Z,Hagebro,2024,1001.3,5.7
2020-09-15T05:25:00Z,Hagebro,2024,1001.4,5.8
2020-09-15T06:25:00Z,Hagebro,2024,1001.4,5.8
2020-09-15T07:25:00Z,Hagebro,2024,1001.4,5.8
2020-09-15T08:25:00Z,Hagebro,2024,1001.3,5.7
2020-09-15T09:25:00Z,Hagebro,2024,1001.3,5.7
2020-09-15T10:25:00Z,Hagebro,2024,1001.3,5.7
2020-09-15T11:25:00Z,Hagebro,2024,1001.3,5.7
2020-09-15T12:25:00Z,Hagebro,2024,1001.3,5.7
2020-09-15T13:25:00Z,Hagebro,2024,1001.3,5.7
2020-09-15T14:25:00Z,Hagebro,2024,1001.3,5.7
2020-09-15T15:25:00Z,Hagebro,2024,1001.4,5.8
2020-09-15T16:25:00Z,Hagebro,2024,1001.5,5.9
2020-09-15T17:25:00Z,Hagebro,2024,1001.5,5.9
2020-09-15T18:25:00Z,Hagebro,2024,1001.3,5.7
2020-09-15T19:25:00Z,Hagebro,2024,1001.3,5.7
2020-09-15T20:25:00Z,Hagebro,2024,1001.3,5.7
2020-09-15T21:25:00Z,Hagebro,2024,1001.1,5.5
2020-09-15T22:25:00Z,Hagebro,2024,1001.2,5.6
2020-09-15T23:25:00Z,Hagebro,2024,1001.3,5.7
2020-09-16T00:25:00Z,Hagebro,2024,1001.4,5.7
2020-09-16T01:25:00Z,Hagebro,2024,1001.4,5.7
2020-09-16T02:25:00Z,Hagebro,2024,1001.4,5.7
2020-09-16T03:25:00Z,Hagebro,2024,1001.4,5.7
2020-09-16T04:25:00Z,Hagebro,2024,1001.5,5.8
2020-09-16T05:25:00Z,Hagebro,2024,1001.5,5.8
2020-09-16T06:25:00Z,Hagebro,2024,1001.5,5.8
2020-09-16T07:25:00Z,Hagebro,2024,1001.6,5.9
2020-09-16T08:25:00Z,Hagebro,2024,1001.5,5.9
2020-09-16T09:25:00Z,Hagebro,2024,1001.5,5.8
2020-09-16T10:25:00Z,Hagebro,2024,1001.8,6.1
2020-09-16T11:25:00Z,Hagebro,2024,1002.4,6.7
2020-09-16T12:25:00Z,Hagebro,2024,1001.9,6.2
2020-09-16T13:25:00Z,Hagebro,2024,1001.7,6
2020-09-16T14:25:00Z,Hagebro,2024,1001.5,5.8
2020-09-16T15:25:00Z,Hagebro,2024,1001.6,5.9
2020-09-16T16:25:00Z,Hagebro,2024,1001.6,5.9
2020-09-16T17:25:00Z,Hagebro,2024,1001.4,5.7
2020-09-16T18:25:00Z,Hagebro,2024,1001.3,5.6
2020-09-16T19:25:00Z,Hagebro,2024,1001.2,5.5
2020-09-16T20:25:00Z,Hagebro,2024,1001.2,5.6
2020-09-16T21:25:00Z,Hagebro,2024,1001.1,5.4
2020-09-16T22:25:00Z,Hagebro,2024,1001,5.3
2020-09-16T23:25:00Z,Hagebro,2024,1001,5.3
2020-09-17T00:25:00Z,Hagebro,2024,1001,5.2
2020-09-17T01:25:00Z,Hagebro,2024,1001,5.2
2020-09-17T02:25:00Z,Hagebro,2024,1000.9,5.1
2020-09-17T03:25:00Z,Hagebro,2024,1000.9,5.1
2020-09-17T04:25:00Z,Hagebro,2024,1000.9,5.1
2020-09-17T05:25:00Z,Hagebro,2024,1000.8,5
2020-09-17T06:25:00Z,Hagebro,2024,1001,5.2
2020-09-17T07:25:00Z,Hagebro,2024,1000.8,5
2020-09-17T08:25:00Z,Hagebro,2024,1000.6,4.9
2020-09-17T09:25:00Z,Hagebro,2024,1000.8,5
2020-09-17T10:25:00Z,Hagebro,2024,1000.8,5
2020-09-17T11:25:00Z,Hagebro,2024,1000.9,5.1
2020-09-17T12:25:00Z,Hagebro,2024,1001,5.2
2020-09-17T13:25:00Z,Hagebro,2024,1001.1,5.3
2020-09-17T14:25:00Z,Hagebro,2024,1001.1,5.3
2020-09-17T15:25:00Z,Hagebro,2024,1001.1,5.3
2020-09-17T16:25:00Z,Hagebro,2024,1001,5.2
2020-09-17T17:25:00Z,Hagebro,2024,1000.9,5.1
2020-09-17T18:25:00Z,Hagebro,2024,1000.7,4.9
2020-09-17T19:25:00Z,Hagebro,2024,1000.5,4.7
2020-09-17T20:25:00Z,Hagebro,2024,1000.5,4.7
2020-09-17T21:25:00Z,Hagebro,2024,1000.4,4.6
2020-09-17T22:25:00Z,Hagebro,2024,1000.3,4.5
2020-09-17T23:25:00Z,Hagebro,2024,1000.3,4.5
2020-09-18T00:25:00Z,Hagebro,2024,1000.3,4.4
2020-09-18T01:25:00Z,Hagebro,2024,1000.3,4.4
2020-09-18T02:25:00Z,Hagebro,2024,1000.2,4.3
2020-09-18T03:25:00Z,Hagebro,2024,1000.1,4.2
2020-09-18T04:25:00Z,Hagebro,2024,1000.1,4.2
2020-09-18T05:25:00Z,Hagebro,2024,1000.1,4.2
2020-09-18T06:25:00Z,Hagebro,2024,1000.1,4.2
2020-09-18T07:25:00Z,Hagebro,2024,1000,4.1
2020-09-18T08:25:00Z,Hagebro,2024,1000,4.1
2020-09-18T09:25:00Z,Hagebro,2024,1000,4.1
2020-09-18T10:10:00Z,Hagebro,2024,1000,4.1
2020-09-20T05:45:00Z,Hagebro,2024,999.2,3.1
2020-09-20T06:25:00Z,Hagebro,2024,999.3,3.2
2020-09-20T07:25:00Z,Hagebro,2024,999.2,3.1
2020-09-20T08:25:00Z,Hagebro,2024,999.2,3.1
2020-09-20T09:25:00Z,Hagebro,2024,999,2.9
2020-09-20T10:25:00Z,Hagebro,2024,998.9,2.8
2020-09-20T11:25:00Z,Hagebro,2024,998.9,2.8
2020-09-20T12:25:00Z,Hagebro,2024,998.9,2.9
2020-09-20T13:25:00Z,Hagebro,2024,999,2.9
2020-09-20T14:25:00Z,Hagebro,2024,999.1,2.9
2020-09-20T15:25:00Z,Hagebro,2024,999.1,3
2020-09-20T16:25:00Z,Hagebro,2024,999.1,3
2020-09-20T17:25:00Z,Hagebro,2024,999.1,3
2020-09-20T18:25:00Z,Hagebro,2024,998.9,2.8
2020-09-20T19:25:00Z,Hagebro,2024,998.9,2.8
2020-09-20T20:25:00Z,Hagebro,2024,998.8,2.7
2020-09-20T21:25:00Z,Hagebro,2024,998.8,2.6
2020-09-20T22:25:00Z,Hagebro,2024,998.8,2.7
2020-09-20T23:25:00Z,Hagebro,2024,998.9,2.8
2020-09-21T00:25:00Z,Hagebro,2024,999.1,2.9
2020-09-21T01:25:00Z,Hagebro,2024,999.2,3
2020-09-21T02:25:00Z,Hagebro,2024,999.2,3
2020-09-21T03:25:00Z,Hagebro,2024,999.3,3.1
2020-09-21T04:25:00Z,Hagebro,2024,999.2,3
2020-09-21T05:25:00Z,Hagebro,2024,999.1,2.9
2020-09-21T06:25:00Z,Hagebro,2024,999.1,2.9
2020-09-21T07:25:00Z,Hagebro,2024,998.9,2.7
2020-09-21T08:25:00Z,Hagebro,2024,998.9,2.6
2020-09-21T09:25:00Z,Hagebro,2024,998.8,2.6
2020-09-21T10:25:00Z,Hagebro,2024,998.8,2.6
2020-09-21T11:25:00Z,Hagebro,2024,998.9,2.7
2020-09-21T12:25:00Z,Hagebro,2024,998.8,2.6
2020-09-21T13:25:00Z,Hagebro,2024,998.9,2.7
2020-09-21T14:25:00Z,Hagebro,2024,999,2.8
2020-09-21T15:25:00Z,Hagebro,2024,998.9,2.7
2020-09-21T16:25:00Z,Hagebro,2024,999,2.8
2020-09-21T17:25:00Z,Hagebro,2024,998.9,2.6
2020-09-21T18:25:00Z,Hagebro,2024,998.9,2.7
2020-09-21T19:25:00Z,Hagebro,2024,998.9,2.7
2020-09-21T20:25:00Z,Hagebro,2024,998.7,2.5
2020-09-21T21:25:00Z,Hagebro,2024,998.5,2.3
2020-09-21T22:25:00Z,Hagebro,2024,998.5,2.3
2020-09-21T23:25:00Z,Hagebro,2024,998.6,2.4
2020-09-22T00:25:00Z,Hagebro,2024,998.5,2.2
2020-09-22T01:25:00Z,Hagebro,2024,998.5,2.2
2020-09-22T02:25:00Z,Hagebro,2024,998.5,2.2
2020-09-22T03:25:00Z,Hagebro,2024,998.6,2.3
2020-09-22T04:25:00Z,Hagebro,2024,998.6,2.3
2020-09-22T05:25:00Z,Hagebro,2024,998.4,2.1
2020-09-22T06:25:00Z,Hagebro,2024,998.3,2
2020-09-22T07:25:00Z,Hagebro,2024,998.3,2
2020-09-22T08:25:00Z,Hagebro,2024,998.3,2
2020-09-22T09:25:00Z,Hagebro,2024,998.3,2
2020-09-22T10:25:00Z,Hagebro,2024,998.4,2.1
2020-09-22T11:25:00Z,Hagebro,2024,998.4,2.1
2020-09-22T12:25:00Z,Hagebro,2024,998.5,2.2
2020-09-22T13:25:00Z,Hagebro,2024,998.6,2.3
2020-09-22T14:25:00Z,Hagebro,2024,998.5,2.2
2020-09-22T15:25:00Z,Hagebro,2024,998.5,2.2
2020-09-22T16:25:00Z,Hagebro,2024,998.5,2.2
2020-09-22T17:25:00Z,Hagebro,2024,998.5,2.2
2020-09-22T18:25:00Z,Hagebro,2024,998.5,2.2
2020-09-22T19:25:00Z,Hagebro,2024,998.3,2
2020-09-22T20:25:00Z,Hagebro,2024,998.2,1.9
2020-09-22T21:25:00Z,Hagebro,2024,998.2,1.9
2020-09-22T22:25:00Z,Hagebro,2024,998.4,2.1
2020-09-22T23:25:00Z,Hagebro,2024,998.4,2.1
2020-09-23T00:25:00Z,Hagebro,2024,998.4,1.9
2020-09-23T01:25:00Z,Hagebro,2024,998.3,1.8
2020-09-23T02:25:00Z,Hagebro,2024,998.2,1.7
2020-09-23T03:25:00Z,Hagebro,2024,998.3,1.8
2020-09-23T04:25:00Z,Hagebro,2024,998.3,1.8
2020-09-23T05:25:00Z,Hagebro,2024,998.2,1.7
2020-09-23T06:25:00Z,Hagebro,2024,998.1,1.6
2020-09-23T07:25:00Z,Hagebro,2024,998.2,1.7
2020-09-23T08:25:00Z,Hagebro,2024,998.3,1.8
2020-09-23T09:25:00Z,Hagebro,2024,998.3,1.8
2020-09-23T10:25:00Z,Hagebro,2024,998.3,1.8
2020-09-23T11:25:00Z,Hagebro,2024,998.4,1.9
2020-09-23T12:25:00Z,Hagebro,2024,998.5,2.1
2020-09-23T13:25:00Z,Hagebro,2024,998.4,1.9
2020-09-23T14:25:00Z,Hagebro,2024,998.5,2
2020-09-23T15:25:00Z,Hagebro,2024,998.3,1.8
2020-09-23T16:25:00Z,Hagebro,2024,998.3,1.8
2020-09-23T17:25:00Z,Hagebro,2024,998.2,1.8
2020-09-23T18:25:00Z,Hagebro,2024,998.1,1.6
2020-09-23T19:25:00Z,Hagebro,2024,998.2,1.7
2020-09-23T20:25:00Z,Hagebro,2024,998.1,1.6
2020-09-23T21:25:00Z,Hagebro,2024,998.2,1.7
2020-09-23T22:25:00Z,Hagebro,2024,998.2,1.7
2020-09-23T23:25:00Z,Hagebro,2024,998.3,1.8
2020-09-24T00:25:00Z,Hagebro,2024,998.2,1.7
2020-09-24T01:25:00Z,Hagebro,2024,998.4,1.8
2020-09-24T02:25:00Z,Hagebro,2024,998.5,1.9
2020-09-24T03:25:00Z,Hagebro,2024,998.5,1.9
2020-09-24T04:25:00Z,Hagebro,2024,998.5,1.9
2020-09-24T05:25:00Z,Hagebro,2024,998.4,1.8
2020-09-24T06:25:00Z,Hagebro,2024,998.5,1.9
2020-09-24T07:25:00Z,Hagebro,2024,998.5,1.9
2020-09-24T08:25:00Z,Hagebro,2024,998.9,2.3
2020-09-24T09:25:00Z,Hagebro,2024,999.1,2.6
2020-09-24T10:25:00Z,Hagebro,2024,999.2,2.6
2020-09-24T11:25:00Z,Hagebro,2024,999.1,2.5
2020-09-24T12:25:00Z,Hagebro,2024,999.3,2.7
2020-09-24T13:25:00Z,Hagebro,2024,999.2,2.6
2020-09-24T14:25:00Z,Hagebro,2024,999.5,2.9
2020-09-24T15:25:00Z,Hagebro,2024,999.5,2.9
2020-09-24T16:25:00Z,Hagebro,2024,999.5,2.9
2020-09-24T17:25:00Z,Hagebro,2024,999.7,3.1
2020-09-24T18:25:00Z,Hagebro,2024,1000,3.4
2020-09-24T19:25:00Z,Hagebro,2024,1000.1,3.5
2020-09-24T20:25:00Z,Hagebro,2024,1000.2,3.6
2020-09-24T21:25:00Z,Hagebro,2024,1000.3,3.7
2020-09-24T22:25:00Z,Hagebro,2024,1000.2,3.6
2020-09-24T23:25:00Z,Hagebro,2024,1000.2,3.6
2020-09-25T00:25:00Z,Hagebro,2024,1000.2,3.5
2020-09-25T01:25:00Z,Hagebro,2024,1000.1,3.4
2020-09-25T02:25:00Z,Hagebro,2024,1000,3.3
2020-09-25T03:25:00Z,Hagebro,2024,999.8,3.1
2020-09-25T04:25:00Z,Hagebro,2024,999.8,3.1
2020-09-25T05:25:00Z,Hagebro,2024,999.8,3.1
2020-09-25T06:25:00Z,Hagebro,2024,1000.1,3.4
2020-09-25T07:25:00Z,Hagebro,2024,1000.1,3.4
2020-09-25T08:25:00Z,Hagebro,2024,1000.1,3.4
2020-09-25T09:25:00Z,Hagebro,2024,1000.3,3.6
2020-09-25T10:25:00Z,Hagebro,2024,1000.6,3.9
2020-09-25T11:25:00Z,Hagebro,2024,1000.8,4.1
2020-09-25T12:25:00Z,Hagebro,2024,1000.9,4.2
2020-09-25T13:25:00Z,Hagebro,2024,1001,4.3
2020-09-25T14:25:00Z,Hagebro,2024,1001.1,4.3
2020-09-25T15:25:00Z,Hagebro,2024,1000.9,4.2
2020-09-25T16:25:00Z,Hagebro,2024,1000.9,4.2
2020-09-25T17:25:00Z,Hagebro,2024,1000.6,3.9
2020-09-25T18:25:00Z,Hagebro,2024,1000.3,3.6
2020-09-25T19:25:00Z,Hagebro,2024,1000,3.3
2020-09-25T20:25:00Z,Hagebro,2024,999.8,3.1
2020-09-25T21:25:00Z,Hagebro,2024,999.9,3.2
2020-09-25T22:25:00Z,Hagebro,2024,999.9,3.2
2020-09-25T23:25:00Z,Hagebro,2024,1000.1,3.4
2020-09-26T00:25:00Z,Hagebro,2024,999.9,3.1
2020-09-26T01:25:00Z,Hagebro,2024,999.9,3.1
2020-09-26T02:25:00Z,Hagebro,2024,999.8,3
2020-09-26T03:25:00Z,Hagebro,2024,999.7,2.9
2020-09-26T04:25:00Z,Hagebro,2024,999.6,2.8
2020-09-26T05:25:00Z,Hagebro,2024,999.5,2.8
2020-09-26T06:25:00Z,Hagebro,2024,999.7,2.9
2020-09-26T07:25:00Z,Hagebro,2024,999.7,2.9
2020-09-26T08:25:00Z,Hagebro,2024,999.5,2.7
2020-09-26T09:25:00Z,Hagebro,2024,999.5,2.7
2020-09-26T10:25:00Z,Hagebro,2024,999.5,2.8
2020-09-26T11:25:00Z,Hagebro,2024,999.6,2.8
2020-09-26T12:25:00Z,Hagebro,2024,999.6,2.8
2020-09-26T13:25:00Z,Hagebro,2024,999.6,2.8
2020-09-26T14:25:00Z,Hagebro,2024,1000,3.2
2020-09-26T15:25:00Z,Hagebro,2024,1000.2,3.4
2020-09-26T16:25:00Z,Hagebro,2024,1000.6,3.8
2020-09-11T00:25:00Z,Hagebro,2025,996.4,1.4
2020-09-11T01:25:00Z,Hagebro,2025,996.9,1.9
2020-09-11T02:25:00Z,Hagebro,2025,997.2,2.2
2020-09-11T03:25:00Z,Hagebro,2025,997.5,2.5
2020-09-11T04:25:00Z,Hagebro,2025,997.7,2.7
2020-09-11T05:25:00Z,Hagebro,2025,997.7,2.6
2020-09-11T06:25:00Z,Hagebro,2025,997.6,2.6
2020-09-11T07:25:00Z,Hagebro,2025,997.3,2.3
2020-09-11T08:25:00Z,Hagebro,2025,997.1,2.1
2020-09-11T09:25:00Z,Hagebro,2025,996.9,1.9
2020-09-11T10:25:00Z,Hagebro,2025,996.7,1.7
2020-09-11T11:25:00Z,Hagebro,2025,996.6,1.6
2020-09-11T12:25:00Z,Hagebro,2025,996.8,1.8
2020-09-11T13:25:00Z,Hagebro,2025,997.1,2.1
2020-09-11T14:25:00Z,Hagebro,2025,997.1,2.1
2020-09-11T15:25:00Z,Hagebro,2025,997,2
2020-09-11T16:25:00Z,Hagebro,2025,996.9,1.9
2020-09-11T17:25:00Z,Hagebro,2025,996.8,1.8
2020-09-11T18:25:00Z,Hagebro,2025,996.5,1.5
2020-09-11T19:25:00Z,Hagebro,2025,996.3,1.3
2020-09-11T20:25:00Z,Hagebro,2025,996.1,1.1
2020-09-11T21:25:00Z,Hagebro,2025,995.9,0.9
2020-09-11T22:25:00Z,Hagebro,2025,995.8,0.8
2020-09-11T23:25:00Z,Hagebro,2025,995.6,0.6
2020-09-12T00:25:00Z,Hagebro,2025,995.5,0.4
2020-09-12T01:25:00Z,Hagebro,2025,995.4,0.4
2020-09-12T02:25:00Z,Hagebro,2025,995.4,0.3
2020-09-12T03:25:00Z,Hagebro,2025,995.4,0.2
2020-09-12T04:25:00Z,Hagebro,2025,995.3,0.2
2020-09-12T05:25:00Z,Hagebro,2025,995.3,0.2
2020-09-12T06:25:00Z,Hagebro,2025,995.2,0.1
2020-09-12T07:25:00Z,Hagebro,2025,995.1,-0
2020-09-12T08:25:00Z,Hagebro,2025,995,-0.1
2020-09-12T09:25:00Z,Hagebro,2025,994.8,-0.3
2020-09-12T10:25:00Z,Hagebro,2025,994.5,-0.6
2020-09-12T11:25:00Z,Hagebro,2025,994.4,-0.7
2020-09-12T12:25:00Z,Hagebro,2025,994.1,-1
2020-09-12T13:25:00Z,Hagebro,2025,994,-1.1
2020-09-12T14:00:00Z,Hagebro,2025,994,-1.1
2020-09-12T15:25:00Z,Hagebro,2025,993.9,-1.2
2020-09-12T16:25:00Z,Hagebro,2025,993.7,-1.4
2020-09-12T17:25:00Z,Hagebro,2025,993.6,-1.5
2020-09-12T18:25:00Z,Hagebro,2025,993.5,-1.6
2020-09-12T19:25:00Z,Hagebro,2025,993.4,-1.7
2020-09-12T20:25:00Z,Hagebro,2025,993.5,-1.6
2020-09-12T21:25:00Z,Hagebro,2025,993.5,-1.6
2020-09-12T22:25:00Z,Hagebro,2025,993.8,-1.3
2020-09-12T23:25:00Z,Hagebro,2025,993.9,-1.2
2020-09-13T00:25:00Z,Hagebro,2025,993.9,-1.3
2020-09-13T01:25:00Z,Hagebro,2025,993.9,-1.3
2020-09-13T02:25:00Z,Hagebro,2025,994,-1.2
2020-09-13T03:25:00Z,Hagebro,2025,993.9,-1.3
2020-09-13T04:25:00Z,Hagebro,2025,993.9,-1.3
2020-09-13T05:25:00Z,Hagebro,2025,994,-1.2
2020-09-13T06:25:00Z,Hagebro,2025,994,-1.2
2020-09-13T07:25:00Z,Hagebro,2025,994,-1.2
2020-09-13T08:25:00Z,Hagebro,2025,993.9,-1.2
2020-09-13T09:25:00Z,Hagebro,2025,993.8,-1.4
2020-09-13T10:25:00Z,Hagebro,2025,993.6,-1.6
2020-09-13T11:25:00Z,Hagebro,2025,993.4,-1.8
2020-09-13T12:25:00Z,Hagebro,2025,993.2,-2
2020-09-13T13:25:00Z,Hagebro,2025,993.1,-2.1
2020-09-13T14:25:00Z,Hagebro,2025,993.2,-2
2020-09-13T15:25:00Z,Hagebro,2025,993.3,-1.9
2020-09-13T16:00:00Z,Hagebro,2025,993.4,-1.8
2020-09-13T17:25:00Z,Hagebro,2025,993.4,-1.8
2020-09-13T18:25:00Z,Hagebro,2025,993.5,-1.7
2020-09-13T19:25:00Z,Hagebro,2025,993.4,-1.8
2020-09-13T20:25:00Z,Hagebro,2025,993.3,-1.9
2020-09-13T21:25:00Z,Hagebro,2025,993.2,-2
2020-09-13T22:25:00Z,Hagebro,2025,993.3,-1.9
2020-09-13T23:25:00Z,Hagebro,2025,993.2,-2
2020-09-14T00:25:00Z,Hagebro,2025,993.1,-2.2
2020-09-14T01:25:00Z,Hagebro,2025,993.1,-2.2
2020-09-14T02:25:00Z,Hagebro,2025,993.1,-2.2
2020-09-14T03:25:00Z,Hagebro,2025,993,-2.3
2020-09-14T04:25:00Z,Hagebro,2025,993,-2.4
2020-09-14T05:25:00Z,Hagebro,2025,992.9,-2.4
2020-09-14T06:25:00Z,Hagebro,2025,992.9,-2.4
2020-09-14T07:25:00Z,Hagebro,2025,992.8,-2.5
2020-09-14T08:25:00Z,Hagebro,2025,992.8,-2.5
2020-09-14T09:25:00Z,Hagebro,2025,992.8,-2.5
2020-09-14T10:25:00Z,Hagebro,2025,992.8,-2.5
2020-09-14T11:25:00Z,Hagebro,2025,993.3,-2
2020-09-14T12:25:00Z,Hagebro,2025,993.3,-2
2020-09-14T13:25:00Z,Hagebro,2025,993.2,-2.1
2020-09-14T14:25:00Z,Hagebro,2025,993.1,-2.2
2020-09-14T15:25:00Z,Hagebro,2025,993.1,-2.2
2020-09-14T16:25:00Z,Hagebro,2025,993,-2.4
2020-09-14T17:25:00Z,Hagebro,2025,992.8,-2.5
2020-09-14T18:25:00Z,Hagebro,2025,992.8,-2.5
2020-09-14T19:25:00Z,Hagebro,2025,992.6,-2.7
2020-09-14T20:25:00Z,Hagebro,2025,992.5,-2.8
2020-09-14T21:25:00Z,Hagebro,2025,992.4,-2.9
2020-09-14T22:25:00Z,Hagebro,2025,992.4,-2.9
2020-09-14T23:25:00Z,Hagebro,2025,992.3,-3
2020-09-15T00:25:00Z,Hagebro,2025,992.3,-3.2
2020-09-15T01:25:00Z,Hagebro,2025,992.2,-3.3
2020-09-15T02:25:00Z,Hagebro,2025,992.1,-3.4
2020-09-15T03:25:00Z,Hagebro,2025,992,-3.5
2020-09-15T04:25:00Z,Hagebro,2025,992,-3.5
2020-09-15T05:25:00Z,Hagebro,2025,992,-3.5
2020-09-15T06:25:00Z,Hagebro,2025,992.1,-3.4
2020-09-15T07:25:00Z,Hagebro,2025,992.4,-3.1
2020-09-15T08:25:00Z,Hagebro,2025,992.5,-3
2020-09-15T09:25:00Z,Hagebro,2025,992.5,-3
2020-09-15T10:25:00Z,Hagebro,2025,992.8,-2.7
2020-09-15T11:25:00Z,Hagebro,2025,993.1,-2.4
2020-09-15T12:25:00Z,Hagebro,2025,993.3,-2.2
2020-09-15T13:25:00Z,Hagebro,2025,993.4,-2.1
2020-09-15T14:25:00Z,Hagebro,2025,994,-1.5
2020-09-15T15:25:00Z,Hagebro,2025,995.2,-0.3
2020-09-15T16:25:00Z,Hagebro,2025,995.9,0.4
2020-09-15T17:25:00Z,Hagebro,2025,996.2,0.7
2020-09-15T18:25:00Z,Hagebro,2025,997.1,1.6
2020-09-15T19:25:00Z,Hagebro,2025,999,3.5
2020-09-15T20:25:00Z,Hagebro,2025,1000.4,4.9
2020-09-15T21:25:00Z,Hagebro,2025,1000.9,5.4
2020-09-15T22:25:00Z,Hagebro,2025,1001.7,6.2
2020-09-15T23:25:00Z,Hagebro,2025,1002.5,7
2020-09-16T00:25:00Z,Hagebro,2025,1002.9,7.3
2020-09-16T01:25:00Z,Hagebro,2025,1003.3,7.7
2020-09-16T02:25:00Z,Hagebro,2025,1004.4,8.8
2020-09-16T03:25:00Z,Hagebro,2025,1005,9.4
2020-09-16T04:25:00Z,Hagebro,2025,1006.1,10.5
2020-09-16T05:25:00Z,Hagebro,2025,1006.6,11
2020-09-16T06:25:00Z,Hagebro,2025,1007.1,11.5
2020-09-16T07:25:00Z,Hagebro,2025,1007.9,12.3
2020-09-16T08:25:00Z,Hagebro,2025,1008.1,12.4
2020-09-16T09:25:00Z,Hagebro,2025,1008.4,12.8
2020-09-16T10:25:00Z,Hagebro,2025,1008.6,13
2020-09-16T11:25:00Z,Hagebro,2025,1008.8,13.2
2020-09-16T12:25:00Z,Hagebro,2025,1009.1,13.5
2020-09-16T13:25:00Z,Hagebro,2025,1009,13.4
2020-09-16T14:25:00Z,Hagebro,2025,1009.1,13.5
2020-09-16T15:25:00Z,Hagebro,2025,1008.9,13.3
2020-09-16T16:25:00Z,Hagebro,2025,1008.8,13.2
2020-09-16T17:25:00Z,Hagebro,2025,1008.4,12.8
2020-09-16T18:25:00Z,Hagebro,2025,1008,12.4
2020-09-16T19:25:00Z,Hagebro,2025,1007.4,11.8
2020-09-16T20:25:00Z,Hagebro,2025,1006.9,11.3
2020-09-16T21:25:00Z,Hagebro,2025,1006.4,10.8
2020-09-16T22:25:00Z,Hagebro,2025,1005.8,10.2
2020-09-16T23:25:00Z,Hagebro,2025,1005.4,9.8
2020-09-17T00:25:00Z,Hagebro,2025,1005.1,9.4
2020-09-17T01:25:00Z,Hagebro,2025,1004.6,8.9
2020-09-17T02:25:00Z,Hagebro,2025,1004.4,8.7
2020-09-17T03:25:00Z,Hagebro,2025,1004.2,8.5
2020-09-17T04:25:00Z,Hagebro,2025,1003.9,8.2
2020-09-17T05:25:00Z,Hagebro,2025,1003.6,8
2020-09-17T06:25:00Z,Hagebro,2025,1003.5,7.8
2020-09-17T07:25:00Z,Hagebro,2025,1003.5,7.8
2020-09-17T08:25:00Z,Hagebro,2025,1003.5,7.8
2020-09-17T09:25:00Z,Hagebro,2025,1003.5,7.8
2020-09-17T10:25:00Z,Hagebro,2025,1003.6,7.9
2020-09-17T11:25:00Z,Hagebro,2025,1003.7,8
2020-09-17T12:25:00Z,Hagebro,2025,1003.7,8
2020-09-17T13:25:00Z,Hagebro,2025,1003.5,7.8
2020-09-17T14:25:00Z,Hagebro,2025,1003.6,7.9
2020-09-17T15:25:00Z,Hagebro,2025,1003.6,7.9
2020-09-17T16:25:00Z,Hagebro,2025,1003.5,7.8
2020-09-17T17:25:00Z,Hagebro,2025,1003.2,7.6
2020-09-17T18:25:00Z,Hagebro,2025,1002.9,7.2
2020-09-17T19:25:00Z,Hagebro,2025,1002.6,6.9
2020-09-17T20:25:00Z,Hagebro,2025,1002.1,6.4
2020-09-17T21:25:00Z,Hagebro,2025,1001.7,6
2020-09-17T22:25:00Z,Hagebro,2025,1001.3,5.6
2020-09-17T23:25:00Z,Hagebro,2025,1001.1,5.4
2020-09-18T00:25:00Z,Hagebro,2025,1000.9,5.1
2020-09-18T01:25:00Z,Hagebro,2025,1000.7,4.9
2020-09-18T02:25:00Z,Hagebro,2025,1000.7,4.9
2020-09-18T03:25:00Z,Hagebro,2025,1000.7,4.9
2020-09-18T04:25:00Z,Hagebro,2025,1000.5,4.7
2020-09-18T05:25:00Z,Hagebro,2025,1000.5,4.7
2020-09-18T06:25:00Z,Hagebro,2025,1000.3,4.6
2020-09-18T07:25:00Z,Hagebro,2025,1000.3,4.4
2020-09-18T08:25:00Z,Hagebro,2025,1000.1,4.3
2020-09-18T09:25:00Z,Hagebro,2025,1000,4.2
2020-09-18T10:25:00Z,Hagebro,2025,999.9,4.1
2020-09-18T11:25:00Z,Hagebro,2025,999.8,4
2020-09-18T12:25:00Z,Hagebro,2025,999.6,3.8
2020-09-18T13:25:00Z,Hagebro,2025,999.6,3.8
2020-09-18T14:25:00Z,Hagebro,2025,999.3,3.5
2020-09-18T15:25:00Z,Hagebro,2025,999.3,3.5
2020-09-18T16:25:00Z,Hagebro,2025,999.1,3.3
2020-09-18T17:25:00Z,Hagebro,2025,998.7,2.9
2020-09-18T18:25:00Z,Hagebro,2025,998.3,2.5
2020-09-18T19:25:00Z,Hagebro,2025,998,2.2
2020-09-18T20:25:00Z,Hagebro,2025,997.8,2
2020-09-18T21:25:00Z,Hagebro,2025,997.4,1.6
2020-09-18T22:25:00Z,Hagebro,2025,997.3,1.5
2020-09-18T23:25:00Z,Hagebro,2025,997.2,1.4
2020-09-19T00:25:00Z,Hagebro,2025,997.1,1.2
2020-09-19T01:25:00Z,Hagebro,2025,997,1.1
2020-09-19T02:25:00Z,Hagebro,2025,996.7,0.9
2020-09-19T03:25:00Z,Hagebro,2025,996.6,0.8
2020-09-19T04:25:00Z,Hagebro,2025,996.4,0.5
2020-09-19T05:25:00Z,Hagebro,2025,996.4,0.5
2020-09-19T06:25:00Z,Hagebro,2025,996.4,0.5
2020-09-19T07:25:00Z,Hagebro,2025,996.3,0.4
2020-09-19T08:25:00Z,Hagebro,2025,996.2,0.4
2020-09-19T09:25:00Z,Hagebro,2025,996.2,0.3
2020-09-19T10:25:00Z,Hagebro,2025,996.1,0.2
2020-09-19T11:25:00Z,Hagebro,2025,996,0
2020-09-19T12:25:00Z,Hagebro,2025,995.9,-0
2020-09-19T13:25:00Z,Hagebro,2025,995.7,-0.2
2020-09-19T14:25:00Z,Hagebro,2025,995.6,-0.3
2020-09-19T15:25:00Z,Hagebro,2025,995.6,-0.3
2020-09-19T16:25:00Z,Hagebro,2025,995.5,-0.4
2020-09-19T17:25:00Z,Hagebro,2025,995.4,-0.5
2020-09-19T18:25:00Z,Hagebro,2025,995.3,-0.6
2020-09-19T19:25:00Z,Hagebro,2025,995.1,-0.8
2020-09-19T20:25:00Z,Hagebro,2025,995,-0.9
2020-09-19T21:25:00Z,Hagebro,2025,994.8,-1.1
2020-09-19T22:25:00Z,Hagebro,2025,994.9,-1
2020-09-19T23:25:00Z,Hagebro,2025,994.8,-1.1
2020-09-20T00:25:00Z,Hagebro,2025,994.8,-1.2
2020-09-20T01:25:00Z,Hagebro,2025,994.6,-1.4
2020-09-20T02:25:00Z,Hagebro,2025,994.6,-1.4
2020-09-20T03:25:00Z,Hagebro,2025,994.6,-1.4
2020-09-20T04:25:00Z,Hagebro,2025,994.6,-1.4
2020-09-20T05:25:00Z,Hagebro,2025,994.5,-1.4
2020-09-20T06:25:00Z,Hagebro,2025,994.6,-1.4
2020-09-20T07:25:00Z,Hagebro,2025,994.7,-1.4
2020-09-20T08:25:00Z,Hagebro,2025,994.7,-1.3
2020-09-20T09:25:00Z,Hagebro,2025,994.6,-1.4
2020-09-20T10:25:00Z,Hagebro,2025,994.5,-1.5
2020-09-20T11:25:00Z,Hagebro,2025,994.5,-1.5
2020-09-20T12:25:00Z,Hagebro,2025,994.5,-1.5
2020-09-20T13:25:00Z,Hagebro,2025,994.4,-1.7
2020-09-20T14:25:00Z,Hagebro,2025,994.3,-1.7
2020-09-20T15:25:00Z,Hagebro,2025,994.3,-1.7
2020-09-20T16:25:00Z,Hagebro,2025,994.1,-1.9
2020-09-20T17:25:00Z,Hagebro,2025,994.2,-1.8
2020-09-20T18:25:00Z,Hagebro,2025,994.1,-1.9
2020-09-20T19:25:00Z,Hagebro,2025,994,-2
2020-09-20T20:25:00Z,Hagebro,2025,994,-2
2020-09-20T21:25:00Z,Hagebro,2025,994.1,-1.9
2020-09-20T22:25:00Z,Hagebro,2025,994.2,-1.8
2020-09-20T23:25:00Z,Hagebro,2025,994.3,-1.7
2020-09-21T00:25:00Z,Hagebro,2025,994.4,-1.7
2020-09-21T01:25:00Z,Hagebro,2025,994.4,-1.7
2020-09-21T02:25:00Z,Hagebro,2025,995.2,-0.9
2020-09-21T03:25:00Z,Hagebro,2025,995.8,-0.3
2020-09-21T04:25:00Z,Hagebro,2025,996.1,0
2020-09-21T05:25:00Z,Hagebro,2025,996.5,0.4
2020-09-21T06:25:00Z,Hagebro,2025,996.7,0.7
2020-09-21T07:25:00Z,Hagebro,2025,997.3,1.2
2020-09-21T08:25:00Z,Hagebro,2025,997.6,1.5
2020-09-21T09:25:00Z,Hagebro,2025,997.7,1.6
2020-09-21T10:25:00Z,Hagebro,2025,997.8,1.7
2020-09-21T11:25:00Z,Hagebro,2025,997.7,1.6
2020-09-21T12:25:00Z,Hagebro,2025,997.6,1.5
2020-09-21T13:25:00Z,Hagebro,2025,997.6,1.4
2020-09-21T14:25:00Z,Hagebro,2025,997.5,1.4
2020-09-21T15:25:00Z,Hagebro,2025,997.3,1.2
2020-09-21T16:25:00Z,Hagebro,2025,997.1,1
2020-09-21T17:25:00Z,Hagebro,2025,996.8,0.7
2020-09-21T18:25:00Z,Hagebro,2025,996.4,0.3
2020-09-21T19:25:00Z,Hagebro,2025,996.1,0
2020-09-21T20:25:00Z,Hagebro,2025,995.9,-0.2
2020-09-21T21:25:00Z,Hagebro,2025,995.6,-0.5
2020-09-21T22:25:00Z,Hagebro,2025,995.3,-0.8
2020-09-21T23:25:00Z,Hagebro,2025,995.3,-0.8
2020-09-22T00:25:00Z,Hagebro,2025,995.2,-1
2020-09-22T01:25:00Z,Hagebro,2025,995,-1.2
2020-09-22T02:25:00Z,Hagebro,2025,994.9,-1.3
2020-09-22T03:25:00Z,Hagebro,2025,994.8,-1.4
2020-09-22T04:25:00Z,Hagebro,2025,994.6,-1.6
2020-09-22T05:25:00Z,Hagebro,2025,994.7,-1.5
2020-09-22T06:25:00Z,Hagebro,2025,994.7,-1.6
2020-09-22T07:25:00Z,Hagebro,2025,994.6,-1.6
2020-09-22T08:25:00Z,Hagebro,2025,994.8,-1.4
2020-09-22T09:25:00Z,Hagebro,2025,994.9,-1.3
2020-09-22T10:25:00Z,Hagebro,2025,995,-1.2
2020-09-22T11:25:00Z,Hagebro,2025,995,-1.2
2020-09-22T12:25:00Z,Hagebro,2025,995,-1.2
2020-09-22T13:25:00Z,Hagebro,2025,994.9,-1.3
2020-09-22T14:25:00Z,Hagebro,2025,994.9,-1.3
2020-09-22T15:25:00Z,Hagebro,2025,994.8,-1.4
2020-09-22T16:25:00Z,Hagebro,2025,994.7,-1.5
2020-09-22T17:25:00Z,Hagebro,2025,994.6,-1.6
2020-09-22T18:25:00Z,Hagebro,2025,994.6,-1.6
2020-09-22T19:25:00Z,Hagebro,2025,994.4,-1.8
2020-09-22T20:25:00Z,Hagebro,2025,994.3,-1.9
2020-09-22T21:25:00Z,Hagebro,2025,994.4,-1.8
2020-09-22T22:25:00Z,Hagebro,2025,994.4,-1.8
2020-09-22T23:25:00Z,Hagebro,2025,994.5,-1.7
2020-09-23T00:25:00Z,Hagebro,2025,994.4,-1.9
2020-09-23T01:25:00Z,Hagebro,2025,994.5,-1.8
2020-09-23T02:25:00Z,Hagebro,2025,994.4,-1.9
2020-09-23T03:25:00Z,Hagebro,2025,994.4,-2
2020-09-23T04:25:00Z,Hagebro,2025,994.3,-2
2020-09-23T05:25:00Z,Hagebro,2025,994.2,-2.1
2020-09-23T06:25:00Z,Hagebro,2025,994.3,-2
2020-09-23T07:25:00Z,Hagebro,2025,994.4,-2
2020-09-23T08:25:00Z,Hagebro,2025,994.4,-1.9
2020-09-23T09:25:00Z,Hagebro,2025,994.4,-1.8
2020-09-23T10:25:00Z,Hagebro,2025,994.4,-1.9
2020-09-23T11:25:00Z,Hagebro,2025,994.4,-1.9
2020-09-23T12:25:00Z,Hagebro,2025,994.3,-2
2020-09-23T13:25:00Z,Hagebro,2025,994.1,-2.1
2020-09-23T14:25:00Z,Hagebro,2025,993.9,-2.4
2020-09-23T15:25:00Z,Hagebro,2025,993.8,-2.5
2020-09-23T16:25:00Z,Hagebro,2025,993.6,-2.7
2020-09-23T17:25:00Z,Hagebro,2025,993.6,-2.7
2020-09-23T18:25:00Z,Hagebro,2025,993.5,-2.8
2020-09-23T19:25:00Z,Hagebro,2025,993.5,-2.8
2020-09-23T20:25:00Z,Hagebro,2025,993.4,-2.9
2020-09-23T21:25:00Z,Hagebro,2025,993.5,-2.8
2020-09-23T22:25:00Z,Hagebro,2025,993.5,-2.8
2020-09-23T23:25:00Z,Hagebro,2025,993.5,-2.8
2020-09-24T00:25:00Z,Hagebro,2025,993.5,-3
2020-09-24T01:25:00Z,Hagebro,2025,993.3,-3.2
2020-09-24T02:25:00Z,Hagebro,2025,993.2,-3.3
2020-09-24T03:25:00Z,Hagebro,2025,993.1,-3.4
2020-09-24T04:25:00Z,Hagebro,2025,993,-3.5
2020-09-24T05:25:00Z,Hagebro,2025,992.9,-3.6
2020-09-24T06:25:00Z,Hagebro,2025,992.9,-3.6
2020-09-24T07:25:00Z,Hagebro,2025,992.9,-3.6
2020-09-24T08:25:00Z,Hagebro,2025,992.9,-3.6
2020-09-24T09:25:00Z,Hagebro,2025,993,-3.5
2020-09-24T10:25:00Z,Hagebro,2025,993.2,-3.3
2020-09-24T11:25:00Z,Hagebro,2025,993.2,-3.3
2020-09-24T12:25:00Z,Hagebro,2025,993,-3.5
2020-09-24T13:25:00Z,Hagebro,2025,992.8,-3.7
2020-09-24T14:25:00Z,Hagebro,2025,992.7,-3.8
2020-09-24T15:25:00Z,Hagebro,2025,992.5,-4
2020-09-24T16:25:00Z,Hagebro,2025,992.5,-4
2020-09-24T17:25:00Z,Hagebro,2025,992.4,-4.1
2020-09-24T18:25:00Z,Hagebro,2025,992.5,-4
2020-09-24T19:25:00Z,Hagebro,2025,992.5,-4
2020-09-24T20:25:00Z,Hagebro,2025,992.5,-4
2020-09-24T21:25:00Z,Hagebro,2025,992.5,-4
2020-09-24T22:25:00Z,Hagebro,2025,992.4,-4.1
2020-09-24T23:25:00Z,Hagebro,2025,992.4,-4.1
2020-09-25T00:25:00Z,Hagebro,2025,992.4,-4.2
2020-09-25T01:25:00Z,Hagebro,2025,992.4,-4.2
2020-09-25T02:25:00Z,Hagebro,2025,992.3,-4.3
2020-09-25T03:25:00Z,Hagebro,2025,992.2,-4.4
2020-09-25T04:25:00Z,Hagebro,2025,992.3,-4.3
2020-09-25T05:25:00Z,Hagebro,2025,992.4,-4.2
2020-09-25T06:25:00Z,Hagebro,2025,992.5,-4.2
2020-09-25T07:25:00Z,Hagebro,2025,992.6,-4
2020-09-25T08:25:00Z,Hagebro,2025,992.6,-4
2020-09-25T09:25:00Z,Hagebro,2025,992.5,-4.1
2020-09-25T10:25:00Z,Hagebro,2025,992.5,-4
2020-09-25T11:25:00Z,Hagebro,2025,992.5,-4
2020-09-25T12:25:00Z,Hagebro,2025,992.5,-4.1
2020-09-25T13:25:00Z,Hagebro,2025,992.6,-4
2020-09-25T14:25:00Z,Hagebro,2025,992.5,-4.1
2020-09-25T15:25:00Z,Hagebro,2025,992.5,-4.2
2020-09-25T16:25:00Z,Hagebro,2025,992.3,-4.3
2020-09-25T17:25:00Z,Hagebro,2025,992.2,-4.4
2020-09-25T18:25:00Z,Hagebro,2025,992.2,-4.4
2020-09-25T19:25:00Z,Hagebro,2025,992.1,-4.5
2020-09-25T20:25:00Z,Hagebro,2025,992.1,-4.5
2020-09-25T21:25:00Z,Hagebro,2025,992.1,-4.6
2020-09-25T22:25:00Z,Hagebro,2025,991.9,-4.7
2020-09-25T23:25:00Z,Hagebro,2025,991.9,-4.7
2020-09-26T00:25:00Z,Hagebro,2025,991.9,-4.8
2020-09-26T01:25:00Z,Hagebro,2025,991.9,-4.8
2020-09-26T02:25:00Z,Hagebro,2025,991.9,-4.8
2020-09-26T03:25:00Z,Hagebro,2025,992,-4.7
2020-09-26T04:25:00Z,Hagebro,2025,992,-4.7
2020-09-26T05:25:00Z,Hagebro,2025,992.1,-4.6
2020-09-26T06:25:00Z,Hagebro,2025,992.1,-4.7
2020-09-26T07:25:00Z,Hagebro,2025,992,-4.7
2020-09-26T08:25:00Z,Hagebro,2025,992.1,-4.6
2020-09-26T09:25:00Z,Hagebro,2025,992.1,-4.6
2020-09-26T10:25:00Z,Hagebro,2025,992.2,-4.5
2020-09-26T11:25:00Z,Hagebro,2025,992.2,-4.5
2020-09-26T12:25:00Z,Hagebro,2025,992.1,-4.6
2020-09-26T13:25:00Z,Hagebro,2025,992.1,-4.6
2020-09-26T14:00:00Z,Hagebro,2025,992.1,-4.6
2020-09-26T15:25:00Z,Hagebro,2025,991.9,-4.8
2020-09-26T16:25:00Z,Hagebro,2025,991.8,-4.9
2020-09-11T00:25:00Z,Hagebro,2026,992.5,-2.5
2020-09-11T01:25:00Z,Hagebro,2026,992.5,-2.5
2020-09-11T02:25:00Z,Hagebro,2026,992.4,-2.6
2020-09-11T03:25:00Z,Hagebro,2026,992.4,-2.6
2020-09-11T04:25:00Z,Hagebro,2026,992.3,-2.7
2020-09-11T05:25:00Z,Hagebro,2026,992.2,-2.8
2020-09-11T06:25:00Z,Hagebro,2026,992.4,-2.6
2020-09-11T07:25:00Z,Hagebro,2026,992.5,-2.6
2020-09-11T08:25:00Z,Hagebro,2026,992.4,-2.6
2020-09-11T09:25:00Z,Hagebro,2026,992.4,-2.6
2020-09-11T10:25:00Z,Hagebro,2026,992.4,-2.6
2020-09-11T11:25:00Z,Hagebro,2026,992.3,-2.7
2020-09-11T12:25:00Z,Hagebro,2026,992.2,-2.8
2020-09-11T13:25:00Z,Hagebro,2026,992.2,-2.8
2020-09-11T14:25:00Z,Hagebro,2026,992.2,-2.8
2020-09-11T15:25:00Z,Hagebro,2026,992.2,-2.8
2020-09-11T16:25:00Z,Hagebro,2026,992.3,-2.7
2020-09-11T17:25:00Z,Hagebro,2026,992.4,-2.6
2020-09-11T18:25:00Z,Hagebro,2026,992.5,-2.5
2020-09-11T19:25:00Z,Hagebro,2026,992.6,-2.4
2020-09-11T20:25:00Z,Hagebro,2026,992.6,-2.4
2020-09-11T21:25:00Z,Hagebro,2026,992.7,-2.4
2020-09-11T22:25:00Z,Hagebro,2026,992.7,-2.3
2020-09-11T23:25:00Z,Hagebro,2026,992.8,-2.2
2020-09-12T00:25:00Z,Hagebro,2026,992.7,-2.4
2020-09-12T01:25:00Z,Hagebro,2026,992.8,-2.3
2020-09-12T02:25:00Z,Hagebro,2026,992.8,-2.2
2020-09-12T03:25:00Z,Hagebro,2026,992.9,-2.2
2020-09-12T04:25:00Z,Hagebro,2026,993,-2.2
2020-09-12T05:25:00Z,Hagebro,2026,993,-2.1
2020-09-12T06:25:00Z,Hagebro,2026,993.2,-1.9
2020-09-12T07:25:00Z,Hagebro,2026,993.3,-1.8
2020-09-12T08:25:00Z,Hagebro,2026,993.3,-1.8
2020-09-12T09:25:00Z,Hagebro,2026,993.2,-1.9
2020-09-12T10:25:00Z,Hagebro,2026,993.1,-2
2020-09-12T11:00:00Z,Hagebro,2026,993.1,-2
2020-09-12T12:30:00Z,Hagebro,2026,993,-2.1
2020-09-12T13:25:00Z,Hagebro,2026,992.9,-2.2
2020-09-12T14:25:00Z,Hagebro,2026,992.7,-2.4
2020-09-12T15:25:00Z,Hagebro,2026,992.5,-2.6
2020-09-12T16:25:00Z,Hagebro,2026,992.5,-2.6
2020-09-12T17:25:00Z,Hagebro,2026,992.6,-2.5
2020-09-12T18:25:00Z,Hagebro,2026,992.9,-2.2
2020-09-12T19:25:00Z,Hagebro,2026,992.9,-2.2
2020-09-12T20:25:00Z,Hagebro,2026,993,-2.1
2020-09-12T21:25:00Z,Hagebro,2026,993,-2.1
2020-09-12T22:25:00Z,Hagebro,2026,993.1,-2
2020-09-12T23:25:00Z,Hagebro,2026,993.2,-1.8
2020-09-13T00:25:00Z,Hagebro,2026,993.3,-1.9
2020-09-13T01:25:00Z,Hagebro,2026,993.4,-1.8
2020-09-13T02:25:00Z,Hagebro,2026,993.5,-1.7
2020-09-13T03:25:00Z,Hagebro,2026,993.6,-1.6
2020-09-13T04:25:00Z,Hagebro,2026,993.7,-1.5
2020-09-13T05:25:00Z,Hagebro,2026,993.9,-1.3
2020-09-13T06:25:00Z,Hagebro,2026,994.2,-1
2020-09-13T07:25:00Z,Hagebro,2026,994.3,-0.9
2020-09-13T08:25:00Z,Hagebro,2026,994.3,-0.9
2020-09-13T09:25:00Z,Hagebro,2026,994.3,-0.9
2020-09-13T10:25:00Z,Hagebro,2026,994.3,-0.9
2020-09-13T11:25:00Z,Hagebro,2026,994.2,-0.9
2020-09-13T12:25:00Z,Hagebro,2026,994.2,-1
2020-09-13T13:25:00Z,Hagebro,2026,994,-1.2
2020-09-13T14:25:00Z,Hagebro,2026,993.9,-1.3
2020-09-13T15:25:00Z,Hagebro,2026,993.8,-1.4
2020-09-13T16:25:00Z,Hagebro,2026,993.7,-1.5
2020-09-13T17:25:00Z,Hagebro,2026,993.6,-1.7
2020-09-13T18:25:00Z,Hagebro,2026,993.3,-1.9
2020-09-13T19:25:00Z,Hagebro,2026,993.3,-1.9
2020-09-13T20:25:00Z,Hagebro,2026,993.1,-2.1
2020-09-13T21:25:00Z,Hagebro,2026,993,-2.2
2020-09-13T22:25:00Z,Hagebro,2026,992.8,-2.4
2020-09-13T23:25:00Z,Hagebro,2026,992.8,-2.4
2020-09-14T00:25:00Z,Hagebro,2026,992.7,-2.6
2020-09-14T01:25:00Z,Hagebro,2026,992.6,-2.7
2020-09-14T02:25:00Z,Hagebro,2026,992.5,-2.8
2020-09-14T03:25:00Z,Hagebro,2026,992.5,-2.9
2020-09-14T04:25:00Z,Hagebro,2026,992.4,-2.9
2020-09-14T05:25:00Z,Hagebro,2026,992.4,-2.9
2020-09-14T06:25:00Z,Hagebro,2026,992.5,-2.8
2020-09-14T07:25:00Z,Hagebro,2026,992.5,-2.8
2020-09-14T08:25:00Z,Hagebro,2026,992.5,-2.8
2020-09-14T09:25:00Z,Hagebro,2026,992.4,-2.9
2020-09-14T10:25:00Z,Hagebro,2026,992.4,-2.9
2020-09-14T11:25:00Z,Hagebro,2026,992.5,-2.8
2020-09-14T12:25:00Z,Hagebro,2026,992.3,-3
2020-09-14T13:25:00Z,Hagebro,2026,992.2,-3.1
2020-09-14T14:25:00Z,Hagebro,2026,992,-3.3
2020-09-14T15:25:00Z,Hagebro,2026,991.9,-3.4
2020-09-14T16:25:00Z,Hagebro,2026,991.8,-3.5
2020-09-14T17:25:00Z,Hagebro,2026,991.7,-3.6
2020-09-14T18:25:00Z,Hagebro,2026,991.6,-3.7
2020-09-14T19:25:00Z,Hagebro,2026,991.7,-3.6
2020-09-14T20:25:00Z,Hagebro,2026,991.6,-3.7
2020-09-14T21:25:00Z,Hagebro,2026,991.6,-3.7
2020-09-14T22:25:00Z,Hagebro,2026,991.6,-3.7
2020-09-14T23:25:00Z,Hagebro,2026,991.6,-3.7
2020-09-15T00:25:00Z,Hagebro,2026,991.7,-3.8
2020-09-15T01:25:00Z,Hagebro,2026,991.6,-3.9
2020-09-15T02:25:00Z,Hagebro,2026,991.7,-3.8
2020-09-15T03:25:00Z,Hagebro,2026,991.8,-3.7
2020-09-15T04:25:00Z,Hagebro,2026,991.7,-3.8
2020-09-15T05:25:00Z,Hagebro,2026,991.7,-3.8
2020-09-15T06:25:00Z,Hagebro,2026,991.8,-3.7
2020-09-15T07:25:00Z,Hagebro,2026,991.9,-3.6
2020-09-15T08:25:00Z,Hagebro,2026,991.8,-3.7
2020-09-15T09:25:00Z,Hagebro,2026,991.7,-3.8
2020-09-15T10:25:00Z,Hagebro,2026,991.9,-3.6
2020-09-15T11:25:00Z,Hagebro,2026,991.9,-3.6
2020-09-15T12:25:00Z,Hagebro,2026,991.9,-3.6
2020-09-15T13:25:00Z,Hagebro,2026,991.9,-3.6
2020-09-15T14:25:00Z,Hagebro,2026,992,-3.5
2020-09-15T15:25:00Z,Hagebro,2026,992.1,-3.4
2020-09-15T16:25:00Z,Hagebro,2026,992.2,-3.3
2020-09-15T17:00:00Z,Hagebro,2026,992.2,-3.3
2020-09-15T18:30:00Z,Hagebro,2026,992.5,-3
2020-09-15T19:25:00Z,Hagebro,2026,992.7,-2.8
2020-09-15T20:25:00Z,Hagebro,2026,992.8,-2.7
2020-09-15T21:25:00Z,Hagebro,2026,993,-2.5
2020-09-15T22:25:00Z,Hagebro,2026,993.1,-2.4
2020-09-15T23:25:00Z,Hagebro,2026,993.2,-2.3
2020-09-16T00:25:00Z,Hagebro,2026,993.2,-2.4
2020-09-16T01:25:00Z,Hagebro,2026,993.3,-2.3
2020-09-16T02:25:00Z,Hagebro,2026,993.5,-2.1
2020-09-16T03:25:00Z,Hagebro,2026,993.6,-2
2020-09-16T04:25:00Z,Hagebro,2026,993.8,-1.8
2020-09-16T05:25:00Z,Hagebro,2026,994,-1.6
2020-09-16T06:25:00Z,Hagebro,2026,994.3,-1.3
2020-09-16T07:25:00Z,Hagebro,2026,994.6,-1
2020-09-16T08:25:00Z,Hagebro,2026,994.9,-0.7
2020-09-16T09:25:00Z,Hagebro,2026,995.1,-0.5
2020-09-16T10:25:00Z,Hagebro,2026,995.2,-0.4
2020-09-16T11:25:00Z,Hagebro,2026,995.1,-0.5
2020-09-16T12:25:00Z,Hagebro,2026,995,-0.6
2020-09-16T13:25:00Z,Hagebro,2026,995,-0.6
2020-09-16T14:00:00Z,Hagebro,2026,994.8,-0.8
2020-09-16T15:30:00Z,Hagebro,2026,994.8,-0.8
2020-09-16T16:25:00Z,Hagebro,2026,994.7,-0.9
2020-09-16T17:25:00Z,Hagebro,2026,994.5,-1.1
2020-09-16T18:25:00Z,Hagebro,2026,994.4,-1.2
2020-09-16T19:25:00Z,Hagebro,2026,994.3,-1.3
2020-09-16T20:00:00Z,Hagebro,2026,994.1,-1.5
2020-09-16T21:30:00Z,Hagebro,2026,994,-1.6
2020-09-16T22:25:00Z,Hagebro,2026,993.8,-1.8
2020-09-16T23:25:00Z,Hagebro,2026,993.8,-1.8
2020-09-17T00:25:00Z,Hagebro,2026,993.7,-2
2020-09-17T01:25:00Z,Hagebro,2026,993.7,-2
2020-09-17T02:25:00Z,Hagebro,2026,993.9,-1.8
2020-09-17T03:25:00Z,Hagebro,2026,993.9,-1.8
2020-09-17T04:25:00Z,Hagebro,2026,993.9,-1.8
2020-09-17T05:25:00Z,Hagebro,2026,993.8,-1.9
2020-09-17T06:25:00Z,Hagebro,2026,994,-1.7
2020-09-17T07:25:00Z,Hagebro,2026,994.1,-1.6
2020-09-17T08:25:00Z,Hagebro,2026,994,-1.7
2020-09-17T09:25:00Z,Hagebro,2026,993.9,-1.8
2020-09-17T10:25:00Z,Hagebro,2026,993.7,-2
2020-09-17T11:25:00Z,Hagebro,2026,993.6,-2.1
2020-09-17T12:00:00Z,Hagebro,2026,993.6,-2.1
2020-09-17T14:30:00Z,Hagebro,2026,993.7,-2
2020-09-17T15:25:00Z,Hagebro,2026,993.7,-2
2020-09-17T16:25:00Z,Hagebro,2026,993.8,-2
2020-09-17T17:25:00Z,Hagebro,2026,993.8,-1.9
2020-09-17T18:25:00Z,Hagebro,2026,994.1,-1.6
2020-09-17T19:25:00Z,Hagebro,2026,994.2,-1.6
2020-09-17T20:25:00Z,Hagebro,2026,994.1,-1.6
2020-09-17T21:25:00Z,Hagebro,2026,994.2,-1.5
2020-09-17T22:25:00Z,Hagebro,2026,994.2,-1.5
2020-09-17T23:25:00Z,Hagebro,2026,994.2,-1.4
2020-09-18T00:25:00Z,Hagebro,2026,994.4,-1.4
2020-09-18T01:25:00Z,Hagebro,2026,994.4,-1.4
2020-09-18T02:25:00Z,Hagebro,2026,994.5,-1.3
2020-09-18T03:25:00Z,Hagebro,2026,994.7,-1.1
2020-09-18T04:25:00Z,Hagebro,2026,994.9,-0.9
2020-09-18T05:25:00Z,Hagebro,2026,995.2,-0.6
2020-09-18T06:25:00Z,Hagebro,2026,995.6,-0.2
2020-09-18T07:25:00Z,Hagebro,2026,995.8,0
2020-09-18T08:25:00Z,Hagebro,2026,996.4,0.6
2020-09-18T09:25:00Z,Hagebro,2026,996.7,0.9
2020-09-18T10:25:00Z,Hagebro,2026,997,1.2
2020-09-18T11:25:00Z,Hagebro,2026,997.2,1.4
2020-09-18T12:25:00Z,Hagebro,2026,997.3,1.6
2020-09-18T13:25:00Z,Hagebro,2026,997.4,1.6
2020-09-18T14:25:00Z,Hagebro,2026,997.4,1.6
2020-09-18T15:25:00Z,Hagebro,2026,997.4,1.6
2020-09-18T16:25:00Z,Hagebro,2026,997.3,1.5
2020-09-18T17:25:00Z,Hagebro,2026,997.2,1.4
2020-09-18T18:25:00Z,Hagebro,2026,997.2,1.4
2020-09-18T19:25:00Z,Hagebro,2026,997.1,1.3
2020-09-18T20:25:00Z,Hagebro,2026,997,1.2
2020-09-18T21:25:00Z,Hagebro,2026,996.9,1.1
2020-09-18T22:25:00Z,Hagebro,2026,996.9,1.1
2020-09-18T23:25:00Z,Hagebro,2026,996.8,1
2020-09-19T00:25:00Z,Hagebro,2026,996.5,0.7
2020-09-19T01:25:00Z,Hagebro,2026,996.6,0.7
2020-09-19T02:25:00Z,Hagebro,2026,996.4,0.5
2020-09-19T03:25:00Z,Hagebro,2026,996.3,0.4
2020-09-19T04:25:00Z,Hagebro,2026,996.4,0.5
2020-09-19T05:25:00Z,Hagebro,2026,996.4,0.5
2020-09-19T06:25:00Z,Hagebro,2026,996.3,0.4
2020-09-19T07:25:00Z,Hagebro,2026,996.3,0.4
2020-09-19T08:25:00Z,Hagebro,2026,996.3,0.4
2020-09-19T09:25:00Z,Hagebro,2026,996.5,0.6
2020-09-19T10:25:00Z,Hagebro,2026,996.6,0.7
2020-09-19T11:25:00Z,Hagebro,2026,996.5,0.6
2020-09-19T12:25:00Z,Hagebro,2026,996.4,0.5
2020-09-19T13:25:00Z,Hagebro,2026,996.4,0.5
2020-09-19T14:25:00Z,Hagebro,2026,996.3,0.4
2020-09-19T15:25:00Z,Hagebro,2026,996.2,0.3
2020-09-19T16:25:00Z,Hagebro,2026,996.3,0.4
2020-09-19T17:25:00Z,Hagebro,2026,996.3,0.4
2020-09-19T18:25:00Z,Hagebro,2026,996.3,0.4
2020-09-19T19:25:00Z,Hagebro,2026,996.2,0.3
2020-09-19T20:25:00Z,Hagebro,2026,996.4,0.5
2020-09-19T21:25:00Z,Hagebro,2026,996.3,0.4
2020-09-19T22:25:00Z,Hagebro,2026,996.4,0.5
2020-09-19T23:25:00Z,Hagebro,2026,996.3,0.4
2020-09-20T00:25:00Z,Hagebro,2026,996.2,0.2
2020-09-20T01:25:00Z,Hagebro,2026,996.2,0.2
2020-09-20T02:25:00Z,Hagebro,2026,996.2,0.2
2020-09-20T03:25:00Z,Hagebro,2026,996.2,0.2
2020-09-20T04:25:00Z,Hagebro,2026,996.2,0.2
2020-09-20T05:25:00Z,Hagebro,2026,996.2,0.2
2020-09-20T06:25:00Z,Hagebro,2026,996.3,0.3
2020-09-20T07:25:00Z,Hagebro,2026,996.4,0.4
2020-09-20T08:25:00Z,Hagebro,2026,996.6,0.6
2020-09-20T09:25:00Z,Hagebro,2026,996.8,0.8
2020-09-20T10:25:00Z,Hagebro,2026,997.1,1.1
2020-09-20T11:25:00Z,Hagebro,2026,996.9,0.9
2020-09-20T12:25:00Z,Hagebro,2026,996.8,0.8
2020-09-20T13:25:00Z,Hagebro,2026,996.8,0.8
2020-09-20T14:25:00Z,Hagebro,2026,997.1,1.1
2020-09-20T15:25:00Z,Hagebro,2026,997.3,1.3
2020-09-20T16:25:00Z,Hagebro,2026,997.4,1.4
2020-09-20T17:25:00Z,Hagebro,2026,997.5,1.5
2020-09-20T18:25:00Z,Hagebro,2026,997.7,1.7
2020-09-20T19:25:00Z,Hagebro,2026,997.9,1.9
2020-09-20T20:25:00Z,Hagebro,2026,998,2
2020-09-20T21:25:00Z,Hagebro,2026,998.2,2.2
2020-09-20T22:25:00Z,Hagebro,2026,998.6,2.6
2020-09-20T23:25:00Z,Hagebro,2026,998.7,2.7
2020-09-21T00:25:00Z,Hagebro,2026,998.9,2.8
2020-09-21T01:25:00Z,Hagebro,2026,999.1,3
2020-09-21T02:25:00Z,Hagebro,2026,999.3,3.2
2020-09-21T03:25:00Z,Hagebro,2026,999.6,3.5
2020-09-21T04:25:00Z,Hagebro,2026,999.8,3.7
2020-09-21T05:25:00Z,Hagebro,2026,1000.2,4.1
2020-09-21T06:25:00Z,Hagebro,2026,1000.3,4.2
2020-09-21T07:25:00Z,Hagebro,2026,1000.4,4.3
2020-09-21T08:25:00Z,Hagebro,2026,1000.3,4.2
2020-09-21T09:25:00Z,Hagebro,2026,1000.4,4.3
2020-09-21T10:25:00Z,Hagebro,2026,1000.4,4.3
2020-09-21T11:25:00Z,Hagebro,2026,1000.3,4.2
2020-09-21T12:25:00Z,Hagebro,2026,1000.1,4
2020-09-21T13:25:00Z,Hagebro,2026,1000,3.9
2020-09-21T14:25:00Z,Hagebro,2026,999.9,3.8
2020-09-21T15:25:00Z,Hagebro,2026,999.7,3.6
2020-09-21T16:25:00Z,Hagebro,2026,999.5,3.4
2020-09-21T17:25:00Z,Hagebro,2026,999.4,3.3
2020-09-21T18:25:00Z,Hagebro,2026,999.1,3
2020-09-21T19:25:00Z,Hagebro,2026,998.7,2.6
2020-09-21T20:25:00Z,Hagebro,2026,998.6,2.5
2020-09-21T21:25:00Z,Hagebro,2026,998.3,2.2
2020-09-21T22:25:00Z,Hagebro,2026,998,1.9
2020-09-21T23:25:00Z,Hagebro,2026,997.8,1.7
2020-09-22T00:25:00Z,Hagebro,2026,997.5,1.3
2020-09-22T01:25:00Z,Hagebro,2026,997.2,1
2020-09-22T02:25:00Z,Hagebro,2026,997,0.8
2020-09-22T03:25:00Z,Hagebro,2026,996.8,0.6
2020-09-22T04:25:00Z,Hagebro,2026,996.6,0.4
2020-09-22T05:25:00Z,Hagebro,2026,996.5,0.4
2020-09-22T06:25:00Z,Hagebro,2026,996.7,0.5
2020-09-22T07:25:00Z,Hagebro,2026,996.9,0.7
2020-09-22T08:25:00Z,Hagebro,2026,996.7,0.5
2020-09-22T09:25:00Z,Hagebro,2026,996.7,0.5
2020-09-22T10:25:00Z,Hagebro,2026,996.6,0.4
2020-09-22T11:25:00Z,Hagebro,2026,996.5,0.3
2020-09-22T12:25:00Z,Hagebro,2026,996.5,0.3
2020-09-22T13:25:00Z,Hagebro,2026,996.4,0.1
2020-09-22T14:25:00Z,Hagebro,2026,996.4,0.1
2020-09-22T15:25:00Z,Hagebro,2026,996.3,0.1
2020-09-22T16:25:00Z,Hagebro,2026,996.4,0.1
2020-09-22T17:25:00Z,Hagebro,2026,996.3,0.1
2020-09-22T18:25:00Z,Hagebro,2026,996.2,-0
2020-09-22T19:00:00Z,Hagebro,2026,996.2,0
2020-09-22T20:30:00Z,Hagebro,2026,996.1,-0.1
2020-09-22T21:25:00Z,Hagebro,2026,996.1,-0.1
2020-09-22T22:25:00Z,Hagebro,2026,995.9,-0.3
2020-09-22T23:25:00Z,Hagebro,2026,995.9,-0.3
2020-09-23T00:25:00Z,Hagebro,2026,995.7,-0.6
2020-09-23T01:25:00Z,Hagebro,2026,995.6,-0.7
2020-09-23T02:25:00Z,Hagebro,2026,995.6,-0.8
2020-09-23T03:25:00Z,Hagebro,2026,995.5,-0.8
2020-09-23T04:25:00Z,Hagebro,2026,995.4,-0.9
2020-09-23T05:25:00Z,Hagebro,2026,995.3,-1
2020-09-23T06:25:00Z,Hagebro,2026,995.4,-0.9
2020-09-23T07:25:00Z,Hagebro,2026,995.5,-0.8
2020-09-23T08:25:00Z,Hagebro,2026,995.5,-0.8
2020-09-23T09:25:00Z,Hagebro,2026,995.4,-0.9
2020-09-23T10:25:00Z,Hagebro,2026,995.3,-1
2020-09-23T11:00:00Z,Hagebro,2026,995.3,-1
2020-09-23T12:30:00Z,Hagebro,2026,995.1,-1.2
2020-09-23T13:25:00Z,Hagebro,2026,995.1,-1.2
2020-09-23T14:25:00Z,Hagebro,2026,995.1,-1.2
2020-09-23T15:25:00Z,Hagebro,2026,995.3,-1
2020-09-23T16:25:00Z,Hagebro,2026,995.2,-1.1
2020-09-23T17:25:00Z,Hagebro,2026,995.3,-1
2020-09-23T18:25:00Z,Hagebro,2026,995.6,-0.7
2020-09-23T19:25:00Z,Hagebro,2026,995.7,-0.6
2020-09-23T20:25:00Z,Hagebro,2026,995.8,-0.5
2020-09-23T21:25:00Z,Hagebro,2026,995.9,-0.4
2020-09-23T22:25:00Z,Hagebro,2026,996,-0.2
2020-09-23T23:25:00Z,Hagebro,2026,996.1,-0.2
2020-09-24T00:25:00Z,Hagebro,2026,996.2,-0.3
2020-09-24T01:25:00Z,Hagebro,2026,996.2,-0.2
2020-09-24T02:25:00Z,Hagebro,2026,996.3,-0.2
2020-09-24T03:25:00Z,Hagebro,2026,996.2,-0.2
2020-09-24T04:25:00Z,Hagebro,2026,996.3,-0.2
2020-09-24T05:25:00Z,Hagebro,2026,996.4,-0.1
2020-09-24T06:25:00Z,Hagebro,2026,996.9,0.4
2020-09-24T07:25:00Z,Hagebro,2026,997,0.5
2020-09-24T08:25:00Z,Hagebro,2026,997.1,0.5
2020-09-24T09:25:00Z,Hagebro,2026,997,0.5
2020-09-24T10:25:00Z,Hagebro,2026,997.1,0.6
2020-09-24T11:25:00Z,Hagebro,2026,997.1,0.7
2020-09-24T12:25:00Z,Hagebro,2026,997.2,0.7
2020-09-24T13:25:00Z,Hagebro,2026,997.3,0.8
2020-09-24T14:25:00Z,Hagebro,2026,997.3,0.8
2020-09-24T15:00:00Z,Hagebro,2026,997.2,0.7
2020-09-24T16:30:00Z,Hagebro,2026,997.3,0.8
2020-09-24T17:25:00Z,Hagebro,2026,997.3,0.8
2020-09-24T18:25:00Z,Hagebro,2026,997.2,0.7
2020-09-24T19:25:00Z,Hagebro,2026,997.3,0.8
2020-09-24T20:25:00Z,Hagebro,2026,997.2,0.7
2020-09-24T21:25:00Z,Hagebro,2026,997,0.5
2020-09-24T22:25:00Z,Hagebro,2026,996.9,0.4
2020-09-24T23:25:00Z,Hagebro,2026,996.8,0.3
2020-09-25T00:25:00Z,Hagebro,2026,996.6,0
2020-09-25T01:25:00Z,Hagebro,2026,996.5,-0.1
2020-09-25T02:25:00Z,Hagebro,2026,996.3,-0.3
2020-09-25T03:25:00Z,Hagebro,2026,996.3,-0.3
2020-09-25T04:25:00Z,Hagebro,2026,996.1,-0.5
2020-09-25T05:25:00Z,Hagebro,2026,996.1,-0.5
2020-09-25T06:25:00Z,Hagebro,2026,996.1,-0.5
2020-09-25T07:25:00Z,Hagebro,2026,996.3,-0.3
2020-09-25T08:25:00Z,Hagebro,2026,996.3,-0.3
2020-09-25T09:25:00Z,Hagebro,2026,996.3,-0.3
2020-09-25T10:25:00Z,Hagebro,2026,996.3,-0.3
2020-09-25T11:25:00Z,Hagebro,2026,996.3,-0.3
2020-09-25T12:25:00Z,Hagebro,2026,996.2,-0.4
2020-09-25T13:25:00Z,Hagebro,2026,996,-0.6
2020-09-25T14:25:00Z,Hagebro,2026,996,-0.6
2020-09-25T15:25:00Z,Hagebro,2026,995.9,-0.7
2020-09-25T16:25:00Z,Hagebro,2026,995.9,-0.7
2020-09-25T17:25:00Z,Hagebro,2026,995.9,-0.7
2020-09-25T18:25:00Z,Hagebro,2026,995.9,-0.7
2020-09-25T19:25:00Z,Hagebro,2026,995.9,-0.8
2020-09-25T20:25:00Z,Hagebro,2026,995.7,-0.9
2020-09-25T21:25:00Z,Hagebro,2026,995.7,-0.9
2020-09-25T22:25:00Z,Hagebro,2026,995.5,-1.1
2020-09-25T23:25:00Z,Hagebro,2026,995.5,-1.1
2020-09-26T00:25:00Z,Hagebro,2026,995.4,-1.3
2020-09-26T01:25:00Z,Hagebro,2026,995.5,-1.2
2020-09-26T02:25:00Z,Hagebro,2026,995.4,-1.3
2020-09-26T03:25:00Z,Hagebro,2026,995.5,-1.2
2020-09-26T04:25:00Z,Hagebro,2026,995.4,-1.3
2020-09-26T05:25:00Z,Hagebro,2026,995.4,-1.3
2020-09-26T06:25:00Z,Hagebro,2026,995.4,-1.3
2020-09-26T07:25:00Z,Hagebro,2026,995.6,-1
2020-09-26T08:25:00Z,Hagebro,2026,995.8,-0.9
2020-09-26T09:25:00Z,Hagebro,2026,995.6,-1
2020-09-26T10:25:00Z,Hagebro,2026,995.5,-1.2
2020-09-26T11:00:00Z,Hagebro,2026,995.4,-1.3
2020-09-26T12:30:00Z,Hagebro,2026,995.3,-1.4
2020-09-26T13:25:00Z,Hagebro,2026,995.1,-1.6
2020-09-26T14:25:00Z,Hagebro,2026,995.1,-1.6
2020-09-26T15:25:00Z,Hagebro,2026,995.2,-1.5
2020-09-26T16:25:00Z,Hagebro,2026,995.1,-1.6
2020-09-26T17:00:00Z,Hagebro,2026,995,-1.7
2020-09-11T00:22:30Z,Karup By,2018,2848.2,-2.8
2020-09-11T01:22:30Z,Karup By,2018,2847.9,-3.1
2020-09-11T02:22:30Z,Karup By,2018,2847.9,-3.1
2020-09-11T03:22:30Z,Karup By,2018,2848,-3
2020-09-11T04:22:30Z,Karup By,2018,2847.9,-3.1
2020-09-11T05:22:30Z,Karup By,2018,2847.8,-3.2
2020-09-11T06:22:30Z,Karup By,2018,2848.3,-2.7
2020-09-11T07:22:30Z,Karup By,2018,2848.4,-2.6
2020-09-11T08:22:30Z,Karup By,2018,2848.4,-2.6
2020-09-11T09:22:30Z,Karup By,2018,2848.7,-2.3
2020-09-11T10:22:30Z,Karup By,2018,2848.9,-2.1
2020-09-11T11:22:30Z,Karup By,2018,2849.2,-1.8
2020-09-11T12:22:30Z,Karup By,2018,2849.5,-1.4
2020-09-11T13:22:30Z,Karup By,2018,2849.7,-1.3
2020-09-11T14:22:30Z,Karup By,2018,2850,-1
2020-09-11T15:22:30Z,Karup By,2018,2850,-1
2020-09-11T16:22:30Z,Karup By,2018,2850.1,-0.9
2020-09-11T17:22:30Z,Karup By,2018,2850,-1
2020-09-11T18:22:30Z,Karup By,2018,2850.3,-0.7
2020-09-11T19:22:30Z,Karup By,2018,2849.9,-1.1
2020-09-11T20:22:30Z,Karup By,2018,2849.7,-1.3
2020-09-11T21:22:30Z,Karup By,2018,2849.5,-1.5
2020-09-11T22:22:30Z,Karup By,2018,2849.3,-1.7
2020-09-11T23:22:30Z,Karup By,2018,2849,-2
2020-09-12T00:22:30Z,Karup By,2018,2848.8,-2.3
2020-09-12T01:22:30Z,Karup By,2018,2848.7,-2.4
2020-09-12T02:22:30Z,Karup By,2018,2848.6,-2.5
2020-09-12T03:22:30Z,Karup By,2018,2848.5,-2.6
2020-09-12T04:22:30Z,Karup By,2018,2848.3,-2.8
2020-09-12T05:22:30Z,Karup By,2018,2848.3,-2.8
2020-09-12T06:22:30Z,Karup By,2018,2848.2,-2.9
2020-09-12T07:22:30Z,Karup By,2018,2848.2,-2.9
2020-09-12T08:22:30Z,Karup By,2018,2848,-3
2020-09-12T09:22:30Z,Karup By,2018,2847.7,-3.4
2020-09-12T10:22:30Z,Karup By,2018,2846.4,-4.7
2020-09-12T11:22:30Z,Karup By,2018,2847.2,-3.9
2020-09-12T12:22:30Z,Karup By,2018,2847.3,-3.8
2020-09-12T13:22:30Z,Karup By,2018,2847.5,-3.6
2020-09-12T14:22:30Z,Karup By,2018,2848.1,-3
2020-09-12T15:22:30Z,Karup By,2018,2849.7,-1.4
2020-09-12T16:22:30Z,Karup By,2018,2851.1,0
2020-09-12T17:22:30Z,Karup By,2018,2852.2,1
2020-09-12T18:22:30Z,Karup By,2018,2852.4,1.3
2020-09-12T19:22:30Z,Karup By,2018,2852,0.9
2020-09-12T20:22:30Z,Karup By,2018,2851,-0.1
2020-09-12T21:22:30Z,Karup By,2018,2850,-1.1
2020-09-12T22:22:30Z,Karup By,2018,2849.1,-2
2020-09-12T23:22:30Z,Karup By,2018,2848.4,-2.7
2020-09-13T00:22:30Z,Karup By,2018,2847.8,-3.4
2020-09-13T01:22:30Z,Karup By,2018,2847.5,-3.7
2020-09-13T02:22:30Z,Karup By,2018,2847.1,-4
2020-09-13T03:22:30Z,Karup By,2018,2846.9,-4.3
2020-09-13T04:22:30Z,Karup By,2018,2846.8,-4.4
2020-09-13T05:22:30Z,Karup By,2018,2847.3,-3.9
2020-09-13T06:22:30Z,Karup By,2018,2846.8,-4.4
2020-09-13T07:22:30Z,Karup By,2018,2846.3,-4.9
2020-09-13T08:22:30Z,Karup By,2018,2846.1,-5.1
2020-09-13T09:22:30Z,Karup By,2018,2846,-5.2
2020-09-13T10:22:30Z,Karup By,2018,2846,-5.1
2020-09-13T11:22:30Z,Karup By,2018,2846,-5.2
2020-09-13T12:22:30Z,Karup By,2018,2846,-5.2
2020-09-13T13:22:30Z,Karup By,2018,2845.9,-5.3
2020-09-13T14:22:30Z,Karup By,2018,2845.8,-5.4
2020-09-13T15:22:30Z,Karup By,2018,2845.8,-5.4
2020-09-13T16:22:30Z,Karup By,2018,2845.5,-5.8
2020-09-13T17:22:30Z,Karup By,2018,2845.3,-5.9
2020-09-13T18:22:30Z,Karup By,2018,2845.1,-6.1
2020-09-13T19:22:30Z,Karup By,2018,2845.1,-6.1
2020-09-13T20:22:30Z,Karup By,2018,2845.1,-6.2
2020-09-13T21:22:30Z,Karup By,2018,2845,-6.2
2020-09-13T22:22:30Z,Karup By,2018,2845,-6.2
2020-09-13T23:22:30Z,Karup By,2018,2844.9,-6.3
2020-09-14T00:22:30Z,Karup By,2018,2844.9,-6.3
2020-09-14T01:22:30Z,Karup By,2018,2845,-6.2
2020-09-14T02:22:30Z,Karup By,2018,2845,-6.2
2020-09-14T03:22:30Z,Karup By,2018,2844.8,-6.3
2020-09-14T04:22:30Z,Karup By,2018,2844.9,-6.3
2020-09-14T05:22:30Z,Karup By,2018,2844.6,-6.6
2020-09-14T06:22:30Z,Karup By,2018,2844.5,-6.7
2020-09-14T07:22:30Z,Karup By,2018,2844.4,-6.8
2020-09-14T08:22:30Z,Karup By,2018,2844.6,-6.6
2020-09-14T09:22:30Z,Karup By,2018,2844.5,-6.7
2020-09-14T10:22:30Z,Karup By,2018,2844.5,-6.8
2020-09-14T11:22:30Z,Karup By,2018,2844.5,-6.7
2020-09-14T12:22:30Z,Karup By,2018,2844.5,-6.7
2020-09-14T13:22:30Z,Karup By,2018,2844.4,-6.8
2020-09-14T14:22:30Z,Karup By,2018,2844.6,-6.6
2020-09-14T15:22:30Z,Karup By,2018,2844.9,-6.3
2020-09-14T16:22:30Z,Karup By,2018,2844.9,-6.3
2020-09-14T17:22:30Z,Karup By,2018,2844.6,-6.6
2020-09-14T18:22:30Z,Karup By,2018,2844.5,-6.7
2020-09-14T19:22:30Z,Karup By,2018,2844.4,-6.8
2020-09-14T20:22:30Z,Karup By,2018,2844.3,-6.9
2020-09-14T21:22:30Z,Karup By,2018,2844.6,-6.6
2020-09-14T22:22:30Z,Karup By,2018,2844.8,-6.4
2020-09-14T23:22:30Z,Karup By,2018,2845,-6.2
2020-09-15T00:22:30Z,Karup By,2018,2845.2,-6.1
2020-09-15T01:22:30Z,Karup By,2018,2845.4,-5.9
2020-09-15T02:22:30Z,Karup By,2018,2845.8,-5.6
2020-09-15T03:22:30Z,Karup By,2018,2846.4,-4.9
2020-09-15T04:22:30Z,Karup By,2018,2846.8,-4.5
2020-09-15T05:22:30Z,Karup By,2018,2847.1,-4.2
2020-09-15T06:22:30Z,Karup By,2018,2847.4,-3.9
2020-09-15T07:22:30Z,Karup By,2018,2847.7,-3.6
2020-09-15T08:22:30Z,Karup By,2018,2848,-3.3
2020-09-15T09:22:30Z,Karup By,2018,2847.5,-3.8
2020-09-15T10:22:30Z,Karup By,2018,2846.7,-4.7
2020-09-15T11:22:30Z,Karup By,2018,2846.5,-4.8
2020-09-15T12:22:30Z,Karup By,2018,2846.7,-4.6
2020-09-15T13:22:30Z,Karup By,2018,2846.6,-4.7
2020-09-15T14:22:30Z,Karup By,2018,2846.5,-4.8
2020-09-15T15:22:30Z,Karup By,2018,2846.4,-4.9
2020-09-15T16:22:30Z,Karup By,2018,2846.2,-5
2020-09-15T17:22:30Z,Karup By,2018,2846.2,-5.1
2020-09-15T18:22:30Z,Karup By,2018,2846.1,-5.2
2020-09-15T19:22:30Z,Karup By,2018,2845.9,-5.4
2020-09-15T20:22:30Z,Karup By,2018,2845.9,-5.4
2020-09-15T21:22:30Z,Karup By,2018,2845.8,-5.5
2020-09-15T22:22:30Z,Karup By,2018,2845.7,-5.6
2020-09-15T23:22:30Z,Karup By,2018,2845.8,-5.6
2020-09-16T00:22:30Z,Karup By,2018,2845.7,-5.7
2020-09-16T01:22:30Z,Karup By,2018,2845.7,-5.7
2020-09-16T02:22:30Z,Karup By,2018,2845.6,-5.8
2020-09-16T03:22:30Z,Karup By,2018,2845.8,-5.6
2020-09-16T04:22:30Z,Karup By,2018,2845.7,-5.7
2020-09-16T05:22:30Z,Karup By,2018,2845.6,-5.8
2020-09-16T06:22:30Z,Karup By,2018,2845.6,-5.8
2020-09-16T07:22:30Z,Karup By,2018,2845.7,-5.7
2020-09-16T08:22:30Z,Karup By,2018,2845.7,-5.7
2020-09-16T09:22:30Z,Karup By,2018,2845.7,-5.7
2020-09-16T10:22:30Z,Karup By,2018,2845.6,-5.8
2020-09-16T11:22:30Z,Karup By,2018,2845.7,-5.8
2020-09-16T12:22:30Z,Karup By,2018,2845.5,-5.9
2020-09-16T13:22:30Z,Karup By,2018,2845.6,-5.8
2020-09-16T14:22:30Z,Karup By,2018,2845.7,-5.7
2020-09-16T15:22:30Z,Karup By,2018,2845.6,-5.8
2020-09-16T16:22:30Z,Karup By,2018,2845.5,-5.8
2020-09-16T17:22:30Z,Karup By,2018,2845.5,-5.9
2020-09-16T18:22:30Z,Karup By,2018,2845.5,-5.9
2020-09-16T19:22:30Z,Karup By,2018,2845.5,-5.9
2020-09-16T20:22:30Z,Karup By,2018,2846,-5.4
2020-09-16T21:22:30Z,Karup By,2018,2846.3,-5.1
2020-09-16T22:22:30Z,Karup By,2018,2846.3,-5.1
2020-09-16T23:22:30Z,Karup By,2018,2846.3,-5.1
2020-09-17T00:22:30Z,Karup By,2018,2846.4,-5.1
2020-09-17T01:22:30Z,Karup By,2018,2846.2,-5.3
2020-09-17T02:22:30Z,Karup By,2018,2846,-5.5
2020-09-17T03:22:30Z,Karup By,2018,2846.2,-5.3
2020-09-17T04:22:30Z,Karup By,2018,2846.3,-5.2
2020-09-17T05:22:30Z,Karup By,2018,2845.7,-5.8
2020-09-17T06:22:30Z,Karup By,2018,2845.4,-6.1
2020-09-17T07:22:30Z,Karup By,2018,2845.2,-6.2
2020-09-17T08:22:30Z,Karup By,2018,2845.2,-6.2
2020-09-17T09:22:30Z,Karup By,2018,2845.1,-6.3
2020-09-17T10:22:30Z,Karup By,2018,2845.1,-6.4
2020-09-17T11:22:30Z,Karup By,2018,2844.8,-6.7
2020-09-17T12:22:30Z,Karup By,2018,2844.8,-6.8
2020-09-17T13:22:30Z,Karup By,2018,2844.8,-6.7
2020-09-17T14:22:30Z,Karup By,2018,2844.6,-6.9
2020-09-17T15:22:30Z,Karup By,2018,2844.5,-7
2020-09-17T16:22:30Z,Karup By,2018,2844.4,-7.1
2020-09-17T17:22:30Z,Karup By,2018,2844.2,-7.3
2020-09-17T18:22:30Z,Karup By,2018,2844.2,-7.3
2020-09-17T19:22:30Z,Karup By,2018,2844.2,-7.3
2020-09-17T20:22:30Z,Karup By,2018,2844.2,-7.3
2020-09-17T21:22:30Z,Karup By,2018,2844.2,-7.3
2020-09-17T22:22:30Z,Karup By,2018,2844.4,-7.1
2020-09-17T23:22:30Z,Karup By,2018,2844.3,-7.2
2020-09-18T00:22:30Z,Karup By,2018,2844.2,-7.3
2020-09-18T01:22:30Z,Karup By,2018,2844.3,-7.2
2020-09-18T02:22:30Z,Karup By,2018,2844.1,-7.4
2020-09-18T03:22:30Z,Karup By,2018,2844.3,-7.2
2020-09-18T04:22:30Z,Karup By,2018,2844.4,-7.1
2020-09-18T05:22:30Z,Karup By,2018,2844,-7.6
2020-09-18T06:22:30Z,Karup By,2018,2843.6,-7.9
2020-09-18T07:22:30Z,Karup By,2018,2843.6,-7.9
2020-09-18T08:22:30Z,Karup By,2018,2843.8,-7.7
2020-09-18T09:22:30Z,Karup By,2018,2843.7,-7.8
2020-09-18T10:22:30Z,Karup By,2018,2843.3,-8.2
2020-09-18T11:22:30Z,Karup By,2018,2843.4,-8.1
2020-09-18T12:22:30Z,Karup By,2018,2843.4,-8.1
2020-09-18T13:22:30Z,Karup By,2018,2843.3,-8.2
2020-09-18T14:22:30Z,Karup By,2018,2843.1,-8.4
2020-09-18T15:22:30Z,Karup By,2018,2843.1,-8.5
2020-09-18T16:22:30Z,Karup By,2018,2843,-8.5
2020-09-18T17:22:30Z,Karup By,2018,2842.8,-8.6
2020-09-18T18:22:30Z,Karup By,2018,2842.5,-8.9
2020-09-18T19:22:30Z,Karup By,2018,2842.4,-9.1
2020-09-18T20:22:30Z,Karup By,2018,2842.5,-9
2020-09-18T21:22:30Z,Karup By,2018,2842.5,-9
2020-09-18T22:22:30Z,Karup By,2018,2842.5,-8.9
2020-09-18T23:22:30Z,Karup By,2018,2842.6,-8.9
2020-09-19T00:22:30Z,Karup By,2018,2842.5,-9.1
2020-09-19T01:22:30Z,Karup By,2018,2842.6,-9
2020-09-19T02:22:30Z,Karup By,2018,2842.6,-9.1
2020-09-19T03:22:30Z,Karup By,2018,2842.6,-8.9
2020-09-19T04:22:30Z,Karup By,2018,2842.7,-8.9
2020-09-19T05:22:30Z,Karup By,2018,2842.7,-8.9
2020-09-19T06:22:30Z,Karup By,2018,2842.5,-9.1
2020-09-19T07:22:30Z,Karup By,2018,2842.5,-9
2020-09-19T08:22:30Z,Karup By,2018,2842.5,-9.1
2020-09-19T09:22:30Z,Karup By,2018,2842.6,-9
2020-09-19T10:22:30Z,Karup By,2018,2842.4,-9.2
2020-09-19T11:22:30Z,Karup By,2018,2842.4,-9.2
2020-09-19T12:22:30Z,Karup By,2018,2842.2,-9.4
2020-09-19T13:22:30Z,Karup By,2018,2842,-9.5
2020-09-19T14:22:30Z,Karup By,2018,2842.1,-9.5
2020-09-19T15:22:30Z,Karup By,2018,2842,-9.6
2020-09-19T16:22:30Z,Karup By,2018,2841.8,-9.8
2020-09-19T17:22:30Z,Karup By,2018,2841.8,-9.8
2020-09-19T18:22:30Z,Karup By,2018,2841.8,-9.8
2020-09-19T19:22:30Z,Karup By,2018,2841.8,-9.8
2020-09-19T20:22:30Z,Karup By,2018,2841.8,-9.8
2020-09-19T21:22:30Z,Karup By,2018,2841.9,-9.7
2020-09-19T22:22:30Z,Karup By,2018,2842.2,-9.5
2020-09-19T23:22:30Z,Karup By,2018,2842.2,-9.4
2020-09-20T00:22:30Z,Karup By,2018,2842.1,-9.5
2020-09-20T01:22:30Z,Karup By,2018,2842.4,-9.2
2020-09-20T02:22:30Z,Karup By,2018,2842.5,-9.1
2020-09-20T03:22:30Z,Karup By,2018,2842.5,-9.1
2020-09-20T04:22:30Z,Karup By,2018,2842.4,-9.2
2020-09-20T05:22:30Z,Karup By,2018,2842.2,-9.4
2020-09-20T06:22:30Z,Karup By,2018,2842.1,-9.5
2020-09-20T07:22:30Z,Karup By,2018,2842.1,-9.5
2020-09-20T08:22:30Z,Karup By,2018,2841.9,-9.7
2020-09-20T09:22:30Z,Karup By,2018,2841.7,-9.9
2020-09-20T10:22:30Z,Karup By,2018,2841.7,-10
2020-09-20T11:22:30Z,Karup By,2018,2840.8,-10.8
2020-09-20T12:22:30Z,Karup By,2018,2840.5,-11.1
2020-09-20T13:22:30Z,Karup By,2018,2840.7,-10.9
2020-09-20T14:22:30Z,Karup By,2018,2841.1,-10.5
2020-09-20T15:22:30Z,Karup By,2018,2841.4,-10.2
2020-09-20T16:22:30Z,Karup By,2018,2841.8,-9.8
2020-09-20T17:22:30Z,Karup By,2018,2841.9,-9.8
2020-09-20T18:22:30Z,Karup By,2018,2842.2,-9.4
2020-09-20T19:22:30Z,Karup By,2018,2843.3,-8.3
2020-09-20T20:22:30Z,Karup By,2018,2843.8,-7.8
2020-09-20T21:22:30Z,Karup By,2018,2843.9,-7.7
2020-09-20T22:22:30Z,Karup By,2018,2844.1,-7.4
2020-09-20T23:22:30Z,Karup By,2018,2844.4,-7.2
2020-09-21T00:22:30Z,Karup By,2018,2844.4,-7.3
2020-09-21T01:22:30Z,Karup By,2018,2844.5,-7.2
2020-09-21T02:22:30Z,Karup By,2018,2844.4,-7.3
2020-09-21T03:22:30Z,Karup By,2018,2844.4,-7.3
2020-09-21T04:22:30Z,Karup By,2018,2843.5,-8.2
2020-09-21T05:22:30Z,Karup By,2018,2843.4,-8.3
2020-09-21T06:22:30Z,Karup By,2018,2844.3,-7.4
2020-09-21T07:22:30Z,Karup By,2018,2844.6,-7.1
2020-09-21T08:22:30Z,Karup By,2018,2845.1,-6.7
2020-09-21T09:22:30Z,Karup By,2018,2845.6,-6.1
2020-09-21T10:22:30Z,Karup By,2018,2845.5,-6.2
2020-09-21T11:22:30Z,Karup By,2018,2845.7,-6
2020-09-21T12:22:30Z,Karup By,2018,2845.8,-5.9
2020-09-21T13:22:30Z,Karup By,2018,2846.3,-5.4
2020-09-21T14:22:30Z,Karup By,2018,2846.5,-5.2
2020-09-21T15:22:30Z,Karup By,2018,2846.5,-5.2
2020-09-21T16:22:30Z,Karup By,2018,2846.6,-5.1
2020-09-21T17:22:30Z,Karup By,2018,2846.5,-5.2
2020-09-21T18:22:30Z,Karup By,2018,2846.8,-4.9
2020-09-21T19:22:30Z,Karup By,2018,2846.8,-4.9
2020-09-21T20:22:30Z,Karup By,2018,2847,-4.7
2020-09-21T21:22:30Z,Karup By,2018,2847.2,-4.6
2020-09-21T22:22:30Z,Karup By,2018,2847.2,-4.6
2020-09-21T23:22:30Z,Karup By,2018,2847.3,-4.4
2020-09-22T00:22:30Z,Karup By,2018,2847.3,-4.4
2020-09-22T01:22:30Z,Karup By,2018,2847.3,-4.4
2020-09-22T02:22:30Z,Karup By,2018,2847.2,-4.5
2020-09-22T03:22:30Z,Karup By,2018,2847.1,-4.6
2020-09-22T04:22:30Z,Karup By,2018,2847.1,-4.6
2020-09-22T05:22:30Z,Karup By,2018,2847.1,-4.6
2020-09-22T06:22:30Z,Karup By,2018,2847.1,-4.6
2020-09-22T07:22:30Z,Karup By,2018,2847.3,-4.4
2020-09-22T08:22:30Z,Karup By,2018,2847.6,-4
2020-09-22T09:22:30Z,Karup By,2018,2847.6,-4.2
2020-09-22T10:22:30Z,Karup By,2018,2847.7,-4
2020-09-22T11:22:30Z,Karup By,2018,2847.5,-4.2
2020-09-22T12:22:30Z,Karup By,2018,2847.5,-4.2
2020-09-22T13:22:30Z,Karup By,2018,2847.2,-4.5
2020-09-22T14:22:30Z,Karup By,2018,2847.2,-4.5
2020-09-22T15:22:30Z,Karup By,2018,2846.9,-4.8
2020-09-22T16:22:30Z,Karup By,2018,2847.2,-4.5
2020-09-22T17:22:30Z,Karup By,2018,2847.5,-4.2
2020-09-22T18:22:30Z,Karup By,2018,2847.6,-4.1
2020-09-22T19:22:30Z,Karup By,2018,2847.5,-4.2
2020-09-22T20:22:30Z,Karup By,2018,2847.6,-4.2
2020-09-22T21:22:30Z,Karup By,2018,2847.6,-4.1
2020-09-22T22:22:30Z,Karup By,2018,2847.6,-4.1
2020-09-22T23:22:30Z,Karup By,2018,2847.7,-4
2020-09-23T00:22:30Z,Karup By,2018,2847.7,-4
2020-09-23T01:22:30Z,Karup By,2018,2847.7,-4
2020-09-23T02:22:30Z,Karup By,2018,2847.6,-4.1
2020-09-23T03:22:30Z,Karup By,2018,2847.4,-4.3
2020-09-23T04:22:30Z,Karup By,2018,2847.4,-4.3
2020-09-23T05:22:30Z,Karup By,2018,2847.2,-4.5
2020-09-23T06:22:30Z,Karup By,2018,2846.8,-4.9
2020-09-23T07:22:30Z,Karup By,2018,2845.3,-6.4
2020-09-23T08:22:30Z,Karup By,2018,2844.1,-7.6
2020-09-23T09:22:30Z,Karup By,2018,2843.4,-8.3
2020-09-23T10:22:30Z,Karup By,2018,2843.5,-8.2
2020-09-23T11:22:30Z,Karup By,2018,2844.1,-7.6
2020-09-23T12:22:30Z,Karup By,2018,2844.9,-6.8
2020-09-23T13:22:30Z,Karup By,2018,2845.4,-6.3
2020-09-23T14:22:30Z,Karup By,2018,2845.5,-6.2
2020-09-23T15:22:30Z,Karup By,2018,2845.6,-6
2020-09-23T16:22:30Z,Karup By,2018,2845.7,-6
2020-09-23T17:22:30Z,Karup By,2018,2845.6,-6.1
2020-09-23T18:22:30Z,Karup By,2018,2845.5,-6.2
2020-09-23T19:22:30Z,Karup By,2018,2845.3,-6.4
2020-09-23T20:22:30Z,Karup By,2018,2845.2,-6.5
2020-09-23T21:22:30Z,Karup By,2018,2845.4,-6.3
2020-09-23T22:22:30Z,Karup By,2018,2845.4,-6.3
2020-09-23T23:22:30Z,Karup By,2018,2845.5,-6.2
2020-09-24T00:22:30Z,Karup By,2018,2845.4,-6.4
2020-09-24T01:22:30Z,Karup By,2018,2845.3,-6.5
2020-09-24T02:22:30Z,Karup By,2018,2845.2,-6.6
2020-09-24T03:22:30Z,Karup By,2018,2845.2,-6.6
2020-09-24T04:22:30Z,Karup By,2018,2845.2,-6.6
2020-09-24T05:22:30Z,Karup By,2018,2845.2,-6.6
2020-09-24T06:22:30Z,Karup By,2018,2845.1,-6.8
2020-09-24T07:22:30Z,Karup By,2018,2845.1,-6.8
2020-09-24T08:22:30Z,Karup By,2018,2845,-6.8
2020-09-24T09:22:30Z,Karup By,2018,2845,-6.9
2020-09-24T10:22:30Z,Karup By,2018,2844.7,-7
2020-09-24T11:22:30Z,Karup By,2018,2844.5,-7.3
2020-09-24T12:22:30Z,Karup By,2018,2844.4,-7.4
2020-09-24T13:22:30Z,Karup By,2018,2844.5,-7.3
2020-09-24T14:22:30Z,Karup By,2018,2844.5,-7.3
2020-09-24T15:22:30Z,Karup By,2018,2844.6,-7.2
2020-09-24T16:22:30Z,Karup By,2018,2844.6,-7.2
2020-09-24T17:22:30Z,Karup By,2018,2844.5,-7.3
2020-09-24T18:22:30Z,Karup By,2018,2844.3,-7.5
2020-09-24T19:22:30Z,Karup By,2018,2844.2,-7.6
2020-09-24T20:22:30Z,Karup By,2018,2844.1,-7.8
2020-09-24T21:22:30Z,Karup By,2018,2844.1,-7.7
2020-09-24T22:22:30Z,Karup By,2018,2844.1,-7.7
2020-09-24T23:22:30Z,Karup By,2018,2843.9,-7.9
2020-09-25T00:22:30Z,Karup By,2018,2843.9,-7.9
2020-09-25T01:22:30Z,Karup By,2018,2843.8,-8
2020-09-25T02:22:30Z,Karup By,2018,2843.7,-8.2
2020-09-25T03:22:30Z,Karup By,2018,2843.5,-8.2
2020-09-25T04:22:30Z,Karup By,2018,2843.5,-8.3
2020-09-25T05:22:30Z,Karup By,2018,2843.3,-8.5
2020-09-25T06:22:30Z,Karup By,2018,2843.1,-8.7
2020-09-25T07:22:30Z,Karup By,2018,2843.1,-8.6
2020-09-25T08:22:30Z,Karup By,2018,2843,-8.8
2020-09-25T09:22:30Z,Karup By,2018,2842.9,-8.9
2020-09-25T10:22:30Z,Karup By,2018,2842.9,-8.9
2020-09-25T11:22:30Z,Karup By,2018,2843.4,-8.4
2020-09-25T12:22:30Z,Karup By,2018,2842.9,-8.9
2020-09-25T13:22:30Z,Karup By,2018,2842.5,-9.3
2020-09-25T14:22:30Z,Karup By,2018,2842.3,-9.5
2020-09-25T15:22:30Z,Karup By,2018,2842.4,-9.4
2020-09-25T16:22:30Z,Karup By,2018,2842.4,-9.4
2020-09-25T17:22:30Z,Karup By,2018,2842.4,-9.3
2020-09-25T18:22:30Z,Karup By,2018,2842.3,-9.5
2020-09-25T19:22:30Z,Karup By,2018,2842.3,-9.5
2020-09-25T20:22:30Z,Karup By,2018,2842.4,-9.4
2020-09-25T21:22:30Z,Karup By,2018,2842.5,-9.3
2020-09-25T22:22:30Z,Karup By,2018,2842.3,-9.4
2020-09-25T23:22:30Z,Karup By,2018,2842.5,-9.3
2020-09-26T00:22:30Z,Karup By,2018,2842.4,-9.4
2020-09-26T01:22:30Z,Karup By,2018,2842.5,-9.3
2020-09-26T02:22:30Z,Karup By,2018,2842.3,-9.5
2020-09-26T03:22:30Z,Karup By,2018,2842.2,-9.6
2020-09-26T04:22:30Z,Karup By,2018,2842.4,-9.4
2020-09-26T05:22:30Z,Karup By,2018,2842.4,-9.4
2020-09-26T06:22:30Z,Karup By,2018,2842.6,-9.2
2020-09-26T07:22:30Z,Karup By,2018,2842.6,-9.2
2020-09-26T08:22:30Z,Karup By,2018,2842.3,-9.4
2020-09-26T09:22:30Z,Karup By,2018,2842.3,-9.5
2020-09-26T10:22:30Z,Karup By,2018,2842.3,-9.5
2020-09-26T11:22:30Z,Karup By,2018,2842.3,-9.5
2020-09-26T12:22:30Z,Karup By,2018,2842.1,-9.7
2020-09-26T13:22:30Z,Karup By,2018,2842.1,-9.8
2020-09-11T00:22:30Z,Karup By,2020,2836.3,-14.8
2020-09-11T01:22:30Z,Karup By,2020,2836.3,-14.8
2020-09-11T02:22:30Z,Karup By,2020,2836.4,-14.7
2020-09-11T03:22:30Z,Karup By,2020,2836.4,-14.7
2020-09-11T04:22:30Z,Karup By,2020,2836.4,-14.7
2020-09-11T05:22:30Z,Karup By,2020,2836.3,-14.8
2020-09-11T06:22:30Z,Karup By,2020,2836.1,-15
2020-09-11T07:22:30Z,Karup By,2020,2836.2,-14.9
2020-09-11T08:22:30Z,Karup By,2020,2836.3,-14.8
2020-09-11T09:22:30Z,Karup By,2020,2836.2,-14.8
2020-09-11T10:22:30Z,Karup By,2020,2836.2,-14.8
2020-09-11T11:22:30Z,Karup By,2020,2836.3,-14.8
2020-09-11T12:22:30Z,Karup By,2020,2836.4,-14.7
2020-09-11T13:22:30Z,Karup By,2020,2836.5,-14.5
2020-09-11T14:22:30Z,Karup By,2020,2836.4,-14.7
2020-09-11T15:22:30Z,Karup By,2020,2836.3,-14.8
2020-09-11T16:22:30Z,Karup By,2020,2836.3,-14.8
2020-09-11T17:22:30Z,Karup By,2020,2836.3,-14.8
2020-09-11T18:22:30Z,Karup By,2020,2836.1,-15
2020-09-11T19:22:30Z,Karup By,2020,2835.9,-15.2
2020-09-11T20:22:30Z,Karup By,2020,2835.8,-15.3
2020-09-11T21:22:30Z,Karup By,2020,2835.8,-15.3
2020-09-11T22:22:30Z,Karup By,2020,2835.8,-15.3
2020-09-11T23:22:30Z,Karup By,2020,2835.9,-15.2
2020-09-12T00:22:30Z,Karup By,2020,2836.1,-15.1
2020-09-12T01:22:30Z,Karup By,2020,2836.1,-15.1
2020-09-12T02:22:30Z,Karup By,2020,2836,-15.2
2020-09-12T03:22:30Z,Karup By,2020,2836.1,-15.1
2020-09-12T04:22:30Z,Karup By,2020,2836.1,-15
2020-09-12T05:22:30Z,Karup By,2020,2836.2,-15
2020-09-12T06:22:30Z,Karup By,2020,2836.3,-14.9
2020-09-12T07:22:30Z,Karup By,2020,2836.4,-14.8
2020-09-12T08:22:30Z,Karup By,2020,2836.9,-14.3
2020-09-12T09:22:30Z,Karup By,2020,2837.7,-13.5
2020-09-12T10:22:30Z,Karup By,2020,2838.8,-12.3
2020-09-12T11:22:30Z,Karup By,2020,2838.7,-12.5
2020-09-12T12:22:30Z,Karup By,2020,2838.7,-12.5
2020-09-12T13:22:30Z,Karup By,2020,2839.1,-12.1
2020-09-12T14:22:30Z,Karup By,2020,2839.5,-11.8
2020-09-12T15:22:30Z,Karup By,2020,2839.7,-11.6
2020-09-12T16:22:30Z,Karup By,2020,2840,-11.2
2020-09-12T17:22:30Z,Karup By,2020,2840.1,-11.1
2020-09-12T18:22:30Z,Karup By,2020,2840.1,-11.1
2020-09-12T19:22:30Z,Karup By,2020,2839.9,-11.3
2020-09-12T20:22:30Z,Karup By,2020,2839.6,-11.6
2020-09-12T21:22:30Z,Karup By,2020,2839.4,-11.8
2020-09-12T22:22:30Z,Karup By,2020,2839.1,-12
2020-09-12T23:22:30Z,Karup By,2020,2838.9,-12.3
2020-09-13T00:22:30Z,Karup By,2020,2838.7,-12.5
2020-09-13T01:22:30Z,Karup By,2020,2838.5,-12.7
2020-09-13T02:22:30Z,Karup By,2020,2838.5,-12.7
2020-09-13T03:22:30Z,Karup By,2020,2838.4,-12.8
2020-09-13T04:22:30Z,Karup By,2020,2837.9,-13.3
2020-09-13T05:22:30Z,Karup By,2020,2837.4,-13.9
2020-09-13T06:22:30Z,Karup By,2020,2837.5,-13.7
2020-09-13T07:22:30Z,Karup By,2020,2837.4,-13.8
2020-09-13T08:22:30Z,Karup By,2020,2837.4,-13.8
2020-09-13T09:22:30Z,Karup By,2020,2837.3,-13.9
2020-09-13T10:22:30Z,Karup By,2020,2837.2,-14.1
2020-09-13T11:22:30Z,Karup By,2020,2837.2,-14
2020-09-13T12:22:30Z,Karup By,2020,2837.2,-14
2020-09-13T13:22:30Z,Karup By,2020,2837.1,-14.1
2020-09-13T14:22:30Z,Karup By,2020,2837.2,-14
2020-09-13T15:22:30Z,Karup By,2020,2837.2,-14
2020-09-13T16:22:30Z,Karup By,2020,2837.2,-14
2020-09-13T17:22:30Z,Karup By,2020,2837.3,-13.9
2020-09-13T18:22:30Z,Karup By,2020,2837.3,-13.9
2020-09-13T19:22:30Z,Karup By,2020,2837.2,-14
2020-09-13T20:22:30Z,Karup By,2020,2837.1,-14.1
2020-09-13T21:22:30Z,Karup By,2020,2837,-14.2
2020-09-13T22:22:30Z,Karup By,2020,2837,-14.2
2020-09-13T23:22:30Z,Karup By,2020,2837,-14.2
2020-09-14T00:22:30Z,Karup By,2020,2837,-14.3
2020-09-14T01:22:30Z,Karup By,2020,2836.9,-14.4
2020-09-14T02:22:30Z,Karup By,2020,2837,-14.3
2020-09-14T03:22:30Z,Karup By,2020,2836.9,-14.4
2020-09-14T04:22:30Z,Karup By,2020,2836.9,-14.4
2020-09-14T05:22:30Z,Karup By,2020,2836.8,-14.5
2020-09-14T06:22:30Z,Karup By,2020,2836.8,-14.5
2020-09-14T07:22:30Z,Karup By,2020,2837.4,-13.9
2020-09-14T08:22:30Z,Karup By,2020,2837.2,-14.1
2020-09-14T09:22:30Z,Karup By,2020,2836.8,-14.4
2020-09-14T10:22:30Z,Karup By,2020,2836.9,-14.4
2020-09-14T11:22:30Z,Karup By,2020,2837.4,-13.9
2020-09-14T12:22:30Z,Karup By,2020,2838.1,-13.2
2020-09-14T13:22:30Z,Karup By,2020,2839.1,-12.2
2020-09-14T14:22:30Z,Karup By,2020,2839.4,-11.9
2020-09-14T15:22:30Z,Karup By,2020,2838.6,-12.7
2020-09-14T16:22:30Z,Karup By,2020,2838,-13.3
2020-09-14T17:22:30Z,Karup By,2020,2837.7,-13.7
2020-09-14T18:22:30Z,Karup By,2020,2837.2,-14.1
2020-09-14T19:22:30Z,Karup By,2020,2837.1,-14.2
2020-09-14T20:22:30Z,Karup By,2020,2836.8,-14.5
2020-09-14T21:22:30Z,Karup By,2020,2836.8,-14.5
2020-09-14T22:22:30Z,Karup By,2020,2836.6,-14.7
2020-09-14T23:22:30Z,Karup By,2020,2836.6,-14.8
2020-09-15T00:22:30Z,Karup By,2020,2836.5,-14.9
2020-09-15T01:22:30Z,Karup By,2020,2836.5,-14.9
2020-09-15T02:22:30Z,Karup By,2020,2836.4,-15
2020-09-15T03:22:30Z,Karup By,2020,2836.4,-14.9
2020-09-15T04:22:30Z,Karup By,2020,2836.4,-15
2020-09-15T05:22:30Z,Karup By,2020,2836.3,-15.1
2020-09-15T06:22:30Z,Karup By,2020,2836.2,-15.2
2020-09-15T07:22:30Z,Karup By,2020,2836.1,-15.3
2020-09-15T08:22:30Z,Karup By,2020,2836.4,-15
2020-09-15T09:22:30Z,Karup By,2020,2836.3,-15.1
2020-09-15T10:22:30Z,Karup By,2020,2836,-15.4
2020-09-15T11:22:30Z,Karup By,2020,2836.1,-15.3
2020-09-15T12:22:30Z,Karup By,2020,2836.3,-15.2
2020-09-15T13:22:30Z,Karup By,2020,2836.5,-14.8
2020-09-15T14:22:30Z,Karup By,2020,2836.7,-14.6
2020-09-15T15:22:30Z,Karup By,2020,2836.7,-14.7
2020-09-15T16:22:30Z,Karup By,2020,2836.6,-14.8
2020-09-15T17:22:30Z,Karup By,2020,2836.4,-15
2020-09-15T18:22:30Z,Karup By,2020,2836.2,-15.2
2020-09-15T19:22:30Z,Karup By,2020,2835.9,-15.5
2020-09-15T20:22:30Z,Karup By,2020,2836,-15.4
2020-09-15T21:22:30Z,Karup By,2020,2836,-15.3
2020-09-15T22:22:30Z,Karup By,2020,2836,-15.4
2020-09-15T23:22:30Z,Karup By,2020,2836,-15.4
2020-09-16T00:22:30Z,Karup By,2020,2836,-15.5
2020-09-16T01:22:30Z,Karup By,2020,2835.9,-15.6
2020-09-16T02:22:30Z,Karup By,2020,2836,-15.5
2020-09-16T03:22:30Z,Karup By,2020,2835.9,-15.6
2020-09-16T04:22:30Z,Karup By,2020,2835.8,-15.7
2020-09-16T05:22:30Z,Karup By,2020,2835.8,-15.7
2020-09-16T06:22:30Z,Karup By,2020,2835.9,-15.6
2020-09-16T07:22:30Z,Karup By,2020,2835.8,-15.7
2020-09-16T08:22:30Z,Karup By,2020,2836,-15.5
2020-09-16T09:22:30Z,Karup By,2020,2836,-15.5
2020-09-16T10:22:30Z,Karup By,2020,2836.2,-15.3
2020-09-16T11:22:30Z,Karup By,2020,2836.3,-15.2
2020-09-16T12:22:30Z,Karup By,2020,2836.3,-15.2
2020-09-16T13:22:30Z,Karup By,2020,2836.3,-15.2
2020-09-16T14:22:30Z,Karup By,2020,2836.3,-15.2
2020-09-16T15:22:30Z,Karup By,2020,2836.4,-15.2
2020-09-16T16:22:30Z,Karup By,2020,2836.5,-15
2020-09-16T17:22:30Z,Karup By,2020,2836.3,-15.2
2020-09-16T18:22:30Z,Karup By,2020,2835.8,-15.7
2020-09-16T19:22:30Z,Karup By,2020,2835.6,-15.9
2020-09-16T20:22:30Z,Karup By,2020,2835.4,-16.1
2020-09-16T21:22:30Z,Karup By,2020,2835.3,-16.2
2020-09-16T22:22:30Z,Karup By,2020,2835.5,-16
2020-09-16T23:22:30Z,Karup By,2020,2835.5,-16
2020-09-17T00:22:30Z,Karup By,2020,2835.4,-16.1
2020-09-17T01:22:30Z,Karup By,2020,2835.4,-16.1
2020-09-17T02:22:30Z,Karup By,2020,2835.5,-16
2020-09-17T03:22:30Z,Karup By,2020,2835.5,-16
2020-09-17T04:22:30Z,Karup By,2020,2835.4,-16.1
2020-09-17T05:22:30Z,Karup By,2020,2835.5,-16
2020-09-17T06:22:30Z,Karup By,2020,2835.7,-15.8
2020-09-17T07:22:30Z,Karup By,2020,2835.4,-16.1
2020-09-17T08:22:30Z,Karup By,2020,2835.1,-16.4
2020-09-17T09:22:30Z,Karup By,2020,2835.2,-16.4
2020-09-17T10:22:30Z,Karup By,2020,2835.3,-16.2
2020-09-17T11:22:30Z,Karup By,2020,2835.4,-16.1
2020-09-17T12:22:30Z,Karup By,2020,2835.3,-16.2
2020-09-17T13:22:30Z,Karup By,2020,2835.3,-16.2
2020-09-17T14:22:30Z,Karup By,2020,2835.4,-16.2
2020-09-17T15:22:30Z,Karup By,2020,2835.3,-16.2
2020-09-17T16:22:30Z,Karup By,2020,2835.3,-16.2
2020-09-17T17:22:30Z,Karup By,2020,2835.3,-16.2
2020-09-17T18:22:30Z,Karup By,2020,2835.4,-16.1
2020-09-17T19:22:30Z,Karup By,2020,2835.3,-16.2
2020-09-17T20:22:30Z,Karup By,2020,2835,-16.6
2020-09-17T21:22:30Z,Karup By,2020,2834.9,-16.6
2020-09-17T22:22:30Z,Karup By,2020,2835.1,-16.4
2020-09-17T23:22:30Z,Karup By,2020,2835.1,-16.4
2020-09-18T00:22:30Z,Karup By,2020,2835,-16.6
2020-09-18T01:22:30Z,Karup By,2020,2835,-16.6
2020-09-18T02:22:30Z,Karup By,2020,2835.1,-16.5
2020-09-18T03:22:30Z,Karup By,2020,2835.2,-16.4
2020-09-18T04:22:30Z,Karup By,2020,2835.1,-16.5
2020-09-18T05:22:30Z,Karup By,2020,2835.1,-16.5
2020-09-18T06:22:30Z,Karup By,2020,2835.6,-16
2020-09-18T07:22:30Z,Karup By,2020,2835.4,-16.2
2020-09-18T08:22:30Z,Karup By,2020,2835.1,-16.6
2020-09-18T09:22:30Z,Karup By,2020,2835,-16.6
2020-09-18T10:22:30Z,Karup By,2020,2835.2,-16.4
2020-09-18T11:22:30Z,Karup By,2020,2835.3,-16.3
2020-09-18T12:22:30Z,Karup By,2020,2835.2,-16.4
2020-09-18T13:22:30Z,Karup By,2020,2834.9,-16.7
2020-09-18T14:22:30Z,Karup By,2020,2835,-16.6
2020-09-18T15:22:30Z,Karup By,2020,2835.1,-16.5
2020-09-18T16:22:30Z,Karup By,2020,2835.2,-16.4
2020-09-18T17:22:30Z,Karup By,2020,2835.2,-16.4
2020-09-18T18:22:30Z,Karup By,2020,2835.2,-16.4
2020-09-18T19:22:30Z,Karup By,2020,2834.9,-16.7
2020-09-18T20:22:30Z,Karup By,2020,2834.8,-16.8
2020-09-18T21:22:30Z,Karup By,2020,2835,-16.6
2020-09-18T22:22:30Z,Karup By,2020,2835,-16.6
2020-09-18T23:22:30Z,Karup By,2020,2835.2,-16.4
2020-09-19T00:22:30Z,Karup By,2020,2834.9,-16.7
2020-09-19T01:22:30Z,Karup By,2020,2834.9,-16.7
2020-09-19T02:22:30Z,Karup By,2020,2835,-16.6
2020-09-19T03:22:30Z,Karup By,2020,2835.1,-16.5
2020-09-19T04:22:30Z,Karup By,2020,2835.1,-16.6
2020-09-19T05:22:30Z,Karup By,2020,2835.2,-16.4
2020-09-19T06:22:30Z,Karup By,2020,2835,-16.6
2020-09-19T07:22:30Z,Karup By,2020,2835.2,-16.4
2020-09-19T08:22:30Z,Karup By,2020,2835.3,-16.3
2020-09-19T09:22:30Z,Karup By,2020,2835.4,-16.2
2020-09-19T10:22:30Z,Karup By,2020,2835,-16.6
2020-09-19T11:22:30Z,Karup By,2020,2835.1,-16.5
2020-09-19T12:22:30Z,Karup By,2020,2835.4,-16.2
2020-09-19T13:22:30Z,Karup By,2020,2835.4,-16.2
2020-09-19T14:22:30Z,Karup By,2020,2835.2,-16.4
2020-09-19T15:22:30Z,Karup By,2020,2835.2,-16.4
2020-09-19T16:22:30Z,Karup By,2020,2835.4,-16.2
2020-09-19T17:22:30Z,Karup By,2020,2835.5,-16.1
2020-09-19T18:22:30Z,Karup By,2020,2835.6,-16
2020-09-19T19:22:30Z,Karup By,2020,2835.5,-16.1
2020-09-19T20:22:30Z,Karup By,2020,2835.3,-16.2
2020-09-19T21:22:30Z,Karup By,2020,2835.5,-16.1
2020-09-19T22:22:30Z,Karup By,2020,2835.5,-16.1
2020-09-19T23:22:30Z,Karup By,2020,2835.6,-16
2020-09-20T00:22:30Z,Karup By,2020,2835.6,-16.1
2020-09-20T01:22:30Z,Karup By,2020,2835.3,-16.4
2020-09-20T02:22:30Z,Karup By,2020,2835.4,-16.2
2020-09-20T03:22:30Z,Karup By,2020,2835.6,-16.1
2020-09-20T04:22:30Z,Karup By,2020,2835.6,-16.1
2020-09-20T05:22:30Z,Karup By,2020,2835.7,-16
2020-09-20T06:22:30Z,Karup By,2020,2835.8,-15.9
2020-09-20T07:22:30Z,Karup By,2020,2836,-15.7
2020-09-20T08:22:30Z,Karup By,2020,2835.7,-16
2020-09-20T09:22:30Z,Karup By,2020,2835.5,-16.2
2020-09-20T10:22:30Z,Karup By,2020,2835.4,-16.3
2020-09-20T11:22:30Z,Karup By,2020,2835.6,-16.1
2020-09-20T12:22:30Z,Karup By,2020,2835.8,-16
2020-09-20T13:22:30Z,Karup By,2020,2835.9,-15.8
2020-09-20T14:22:30Z,Karup By,2020,2835.9,-15.8
2020-09-20T15:22:30Z,Karup By,2020,2835.6,-16.1
2020-09-20T16:22:30Z,Karup By,2020,2835.9,-15.8
2020-09-20T17:22:30Z,Karup By,2020,2835.9,-15.8
2020-09-20T18:22:30Z,Karup By,2020,2835.9,-15.8
2020-09-20T19:22:30Z,Karup By,2020,2835.9,-15.8
2020-09-20T20:22:30Z,Karup By,2020,2835.7,-16
2020-09-20T21:22:30Z,Karup By,2020,2835.6,-16
2020-09-20T22:22:30Z,Karup By,2020,2835.8,-16
2020-09-20T23:22:30Z,Karup By,2020,2835.9,-15.8
2020-09-21T00:22:30Z,Karup By,2020,2835.8,-15.9
2020-09-21T01:22:30Z,Karup By,2020,2835.8,-15.8
2020-09-21T02:22:30Z,Karup By,2020,2835.9,-15.8
2020-09-21T03:22:30Z,Karup By,2020,2836,-15.7
2020-09-21T04:22:30Z,Karup By,2020,2835.9,-15.8
2020-09-21T05:22:30Z,Karup By,2020,2836,-15.7
2020-09-21T06:22:30Z,Karup By,2020,2836.3,-15.4
2020-09-21T07:22:30Z,Karup By,2020,2836.2,-15.5
2020-09-21T08:22:30Z,Karup By,2020,2835.6,-16.1
2020-09-21T09:22:30Z,Karup By,2020,2835.7,-16
2020-09-21T10:22:30Z,Karup By,2020,2835.8,-15.9
2020-09-21T11:22:30Z,Karup By,2020,2836,-15.7
2020-09-21T12:22:30Z,Karup By,2020,2836.1,-15.6
2020-09-21T13:22:30Z,Karup By,2020,2836.1,-15.6
2020-09-21T14:22:30Z,Karup By,2020,2836.1,-15.6
2020-09-21T15:22:30Z,Karup By,2020,2836.5,-15.2
2020-09-21T16:22:30Z,Karup By,2020,2836.4,-15.3
2020-09-21T17:22:30Z,Karup By,2020,2836.3,-15.4
2020-09-21T18:22:30Z,Karup By,2020,2836.2,-15.5
2020-09-21T19:22:30Z,Karup By,2020,2835.9,-15.8
2020-09-21T20:22:30Z,Karup By,2020,2835.8,-15.9
2020-09-21T21:22:30Z,Karup By,2020,2835.8,-15.9
2020-09-21T22:22:30Z,Karup By,2020,2835.8,-16
2020-09-21T23:22:30Z,Karup By,2020,2835.7,-16
2020-09-22T00:22:30Z,Karup By,2020,2835.8,-16
2020-09-22T01:22:30Z,Karup By,2020,2835.8,-15.9
2020-09-22T02:22:30Z,Karup By,2020,2835.8,-15.9
2020-09-22T03:22:30Z,Karup By,2020,2835.9,-15.8
2020-09-22T04:22:30Z,Karup By,2020,2835.6,-16.1
2020-09-22T05:22:30Z,Karup By,2020,2835.7,-16
2020-09-22T06:22:30Z,Karup By,2020,2835.9,-15.8
2020-09-22T07:22:30Z,Karup By,2020,2835.9,-15.8
2020-09-22T08:22:30Z,Karup By,2020,2835.6,-16.1
2020-09-22T09:22:30Z,Karup By,2020,2835.6,-16.1
2020-09-22T10:22:30Z,Karup By,2020,2835.7,-16
2020-09-22T11:22:30Z,Karup By,2020,2836,-15.7
2020-09-22T12:22:30Z,Karup By,2020,2836.1,-15.6
2020-09-22T13:22:30Z,Karup By,2020,2835.9,-15.8
2020-09-22T14:22:30Z,Karup By,2020,2835.9,-15.8
2020-09-22T15:22:30Z,Karup By,2020,2835.9,-15.9
2020-09-22T16:22:30Z,Karup By,2020,2835.9,-15.8
2020-09-22T17:22:30Z,Karup By,2020,2836,-15.7
2020-09-22T18:22:30Z,Karup By,2020,2835.9,-15.8
2020-09-22T19:22:30Z,Karup By,2020,2835.6,-16.1
2020-09-22T20:22:30Z,Karup By,2020,2835.4,-16.3
2020-09-22T21:22:30Z,Karup By,2020,2835.4,-16.3
2020-09-22T22:22:30Z,Karup By,2020,2835.5,-16.2
2020-09-22T23:22:30Z,Karup By,2020,2835.7,-16
2020-09-23T00:22:30Z,Karup By,2020,2835.6,-16.2
2020-09-23T01:22:30Z,Karup By,2020,2835.5,-16.3
2020-09-23T02:22:30Z,Karup By,2020,2835.6,-16.2
2020-09-23T03:22:30Z,Karup By,2020,2835.7,-16.1
2020-09-23T04:22:30Z,Karup By,2020,2835.9,-15.9
2020-09-23T05:22:30Z,Karup By,2020,2836.1,-15.7
2020-09-23T06:22:30Z,Karup By,2020,2836.4,-15.3
2020-09-23T07:22:30Z,Karup By,2020,2836.1,-15.7
2020-09-23T08:22:30Z,Karup By,2020,2835.5,-16.3
2020-09-23T09:22:30Z,Karup By,2020,2835.4,-16.4
2020-09-23T10:22:30Z,Karup By,2020,2835.7,-16.1
2020-09-23T11:22:30Z,Karup By,2020,2836.1,-15.7
2020-09-23T12:22:30Z,Karup By,2020,2836.4,-15.4
2020-09-23T13:22:30Z,Karup By,2020,2836.5,-15.3
2020-09-23T14:22:30Z,Karup By,2020,2836.5,-15.3
2020-09-23T15:22:30Z,Karup By,2020,2836.6,-15.2
2020-09-23T16:22:30Z,Karup By,2020,2836.6,-15.2
2020-09-23T17:22:30Z,Karup By,2020,2836.7,-15.1
2020-09-23T18:22:30Z,Karup By,2020,2836.6,-15.2
2020-09-23T19:22:30Z,Karup By,2020,2836.6,-15.2
2020-09-23T20:22:30Z,Karup By,2020,2836.7,-15.1
2020-09-23T21:22:30Z,Karup By,2020,2836.6,-15.2
2020-09-23T22:22:30Z,Karup By,2020,2836.3,-15.5
2020-09-23T23:22:30Z,Karup By,2020,2836.1,-15.7
2020-09-24T00:22:30Z,Karup By,2020,2836.4,-15.4
2020-09-24T01:22:30Z,Karup By,2020,2836.6,-15.2
2020-09-24T02:22:30Z,Karup By,2020,2836.5,-15.3
2020-09-24T03:22:30Z,Karup By,2020,2836.5,-15.3
2020-09-24T04:22:30Z,Karup By,2020,2836.7,-15.1
2020-09-24T05:22:30Z,Karup By,2020,2837,-14.8
2020-09-24T06:22:30Z,Karup By,2020,2837.2,-14.6
2020-09-24T07:22:30Z,Karup By,2020,2837.5,-14.3
2020-09-24T08:22:30Z,Karup By,2020,2837.7,-14.1
2020-09-24T09:22:30Z,Karup By,2020,2837.9,-13.9
2020-09-24T10:22:30Z,Karup By,2020,2838,-13.9
2020-09-24T11:22:30Z,Karup By,2020,2837.9,-13.9
2020-09-24T12:22:30Z,Karup By,2020,2837.6,-14.2
2020-09-24T13:22:30Z,Karup By,2020,2837.6,-14.2
2020-09-24T14:22:30Z,Karup By,2020,2837.4,-14.4
2020-09-24T15:22:30Z,Karup By,2020,2837.2,-14.6
2020-09-24T16:22:30Z,Karup By,2020,2837,-14.8
2020-09-24T17:22:30Z,Karup By,2020,2837.1,-14.7
2020-09-24T18:22:30Z,Karup By,2020,2837.5,-14.3
2020-09-24T19:22:30Z,Karup By,2020,2838.2,-13.7
2020-09-24T20:22:30Z,Karup By,2020,2838.4,-13.5
2020-09-24T21:22:30Z,Karup By,2020,2838.4,-13.4
2020-09-24T22:22:30Z,Karup By,2020,2838.7,-13.2
2020-09-24T23:22:30Z,Karup By,2020,2838.9,-12.9
2020-09-25T00:22:30Z,Karup By,2020,2838.8,-13
2020-09-25T01:22:30Z,Karup By,2020,2838.3,-13.5
2020-09-25T02:22:30Z,Karup By,2020,2838.1,-13.7
2020-09-25T03:22:30Z,Karup By,2020,2838.2,-13.6
2020-09-25T04:22:30Z,Karup By,2020,2838.1,-13.7
2020-09-25T05:22:30Z,Karup By,2020,2837.6,-14.2
2020-09-25T06:22:30Z,Karup By,2020,2837.2,-14.6
2020-09-25T07:22:30Z,Karup By,2020,2837.2,-14.6
2020-09-25T08:22:30Z,Karup By,2020,2837.4,-14.3
2020-09-25T09:22:30Z,Karup By,2020,2837.2,-14.6
2020-09-25T10:22:30Z,Karup By,2020,2837.4,-14.4
2020-09-25T11:22:30Z,Karup By,2020,2837.7,-14.1
2020-09-25T12:22:30Z,Karup By,2020,2837.9,-13.9
2020-09-25T13:22:30Z,Karup By,2020,2837.9,-13.9
2020-09-25T14:22:30Z,Karup By,2020,2837.9,-13.9
2020-09-25T15:22:30Z,Karup By,2020,2838,-13.8
2020-09-25T16:22:30Z,Karup By,2020,2838,-13.9
2020-09-25T17:22:30Z,Karup By,2020,2837.9,-13.9
2020-09-25T18:22:30Z,Karup By,2020,2837.8,-14.1
2020-09-25T19:22:30Z,Karup By,2020,2837.6,-14.2
2020-09-25T20:22:30Z,Karup By,2020,2837.8,-14
2020-09-25T21:22:30Z,Karup By,2020,2837.9,-13.9
2020-09-25T22:22:30Z,Karup By,2020,2838,-13.8
2020-09-25T23:22:30Z,Karup By,2020,2838,-13.9
2020-09-26T00:22:30Z,Karup By,2020,2837.9,-14
2020-09-26T01:22:30Z,Karup By,2020,2837.7,-14.1
2020-09-26T02:22:30Z,Karup By,2020,2837.7,-14.1
2020-09-26T03:22:30Z,Karup By,2020,2837.7,-14.1
2020-09-26T04:22:30Z,Karup By,2020,2837.7,-14.1
2020-09-26T05:22:30Z,Karup By,2020,2837.8,-14
2020-09-26T06:22:30Z,Karup By,2020,2837.7,-14.1
2020-09-26T07:22:30Z,Karup By,2020,2838.1,-13.7
2020-09-26T08:22:30Z,Karup By,2020,2838.3,-13.6
2020-09-26T09:22:30Z,Karup By,2020,2837.8,-14
2020-09-26T10:22:30Z,Karup By,2020,2837.4,-14.4
2020-09-26T11:22:30Z,Karup By,2020,2837.1,-14.7
2020-09-26T12:22:30Z,Karup By,2020,2837.2,-14.6
2020-09-26T13:22:30Z,Karup By,2020,2837.4,-14.4
2020-09-11T00:22:30Z,Karup By,2021,2846.9,-4.1
2020-09-11T01:22:30Z,Karup By,2021,2846.9,-4
2020-09-11T02:22:30Z,Karup By,2021,2847.2,-3.8
2020-09-11T03:22:30Z,Karup By,2021,2847.5,-3.5
2020-09-11T04:22:30Z,Karup By,2021,2849.1,-2
2020-09-11T05:22:30Z,Karup By,2021,2850.3,-0.6
2020-09-11T06:22:30Z,Karup By,2021,2850.6,-0.4
2020-09-11T07:22:30Z,Karup By,2021,2851.1,0.1
2020-09-11T08:22:30Z,Karup By,2021,2851.2,0.2
2020-09-11T09:22:30Z,Karup By,2021,2851.1,0.1
2020-09-11T10:22:30Z,Karup By,2021,2850.8,-0.2
2020-09-11T11:22:30Z,Karup By,2021,2850.9,-0.1
2020-09-11T12:22:30Z,Karup By,2021,2851.1,0
2020-09-11T13:22:30Z,Karup By,2021,2851.7,0.7
2020-09-11T14:22:30Z,Karup By,2021,2852.8,1.8
2020-09-11T15:22:30Z,Karup By,2021,2854,2.9
2020-09-11T16:22:30Z,Karup By,2021,2854,3
2020-09-11T17:22:30Z,Karup By,2021,2853.6,2.6
2020-09-11T18:22:30Z,Karup By,2021,2852,1
2020-09-11T19:22:30Z,Karup By,2021,2851.1,0
2020-09-11T20:22:30Z,Karup By,2021,2850.9,-0.1
2020-09-11T21:22:30Z,Karup By,2021,2850.9,-0.1
2020-09-11T22:22:30Z,Karup By,2021,2851.1,0
2020-09-11T23:22:30Z,Karup By,2021,2851.3,0.2
2020-09-12T00:22:30Z,Karup By,2021,2851.4,0.3
2020-09-12T01:22:30Z,Karup By,2021,2851.5,0.5
2020-09-12T02:22:30Z,Karup By,2021,2851.9,0.8
2020-09-12T03:22:30Z,Karup By,2021,2852,0.9
2020-09-12T04:22:30Z,Karup By,2021,2852.3,1.2
2020-09-12T05:22:30Z,Karup By,2021,2852.7,1.6
2020-09-12T06:22:30Z,Karup By,2021,2853.1,2
2020-09-12T07:22:30Z,Karup By,2021,2853.5,2.4
2020-09-12T08:22:30Z,Karup By,2021,2853.5,2.4
2020-09-12T09:22:30Z,Karup By,2021,2852.7,1.6
2020-09-12T10:22:30Z,Karup By,2021,2852.9,1.8
2020-09-12T11:22:30Z,Karup By,2021,2853.3,2.2
2020-09-12T12:22:30Z,Karup By,2021,2853.9,2.8
2020-09-12T13:22:30Z,Karup By,2021,2854.6,3.5
2020-09-12T14:22:30Z,Karup By,2021,2854.7,3.6
2020-09-12T15:22:30Z,Karup By,2021,2854.7,3.6
2020-09-12T16:22:30Z,Karup By,2021,2854.8,3.8
2020-09-12T17:22:30Z,Karup By,2021,2855,4
2020-09-12T18:22:30Z,Karup By,2021,2855.1,4
2020-09-12T19:22:30Z,Karup By,2021,2855.2,4.1
2020-09-12T20:22:30Z,Karup By,2021,2855.2,4.1
2020-09-12T21:22:30Z,Karup By,2021,2854.8,3.7
2020-09-12T22:22:30Z,Karup By,2021,2854.7,3.6
2020-09-12T23:22:30Z,Karup By,2021,2854.6,3.5
2020-09-13T00:22:30Z,Karup By,2021,2854.6,3.4
2020-09-13T01:22:30Z,Karup By,2021,2854.5,3.4
2020-09-13T02:22:30Z,Karup By,2021,2854.4,3.2
2020-09-13T03:22:30Z,Karup By,2021,2854.3,3.1
2020-09-13T04:22:30Z,Karup By,2021,2854.3,3
2020-09-13T05:22:30Z,Karup By,2021,2854.1,2.9
2020-09-13T06:22:30Z,Karup By,2021,2854.1,2.9
2020-09-13T07:22:30Z,Karup By,2021,2853.5,2.4
2020-09-13T08:22:30Z,Karup By,2021,2853.3,2.1
2020-09-13T09:22:30Z,Karup By,2021,2853.2,2
2020-09-13T10:22:30Z,Karup By,2021,2853.6,2.4
2020-09-13T11:22:30Z,Karup By,2021,2853.4,2.2
2020-09-13T12:22:30Z,Karup By,2021,2853.3,2.1
2020-09-13T13:22:30Z,Karup By,2021,2853.1,1.9
2020-09-13T14:22:30Z,Karup By,2021,2852.9,1.7
2020-09-13T15:22:30Z,Karup By,2021,2852.2,1
2020-09-13T16:22:30Z,Karup By,2021,2851.8,0.6
2020-09-13T17:22:30Z,Karup By,2021,2851.9,0.7
2020-09-13T18:22:30Z,Karup By,2021,2851.9,0.7
2020-09-13T19:22:30Z,Karup By,2021,2851.6,0.5
2020-09-13T20:22:30Z,Karup By,2021,2851.4,0.2
2020-09-13T21:22:30Z,Karup By,2021,2851.5,0.4
2020-09-13T22:22:30Z,Karup By,2021,2851.6,0.4
2020-09-13T23:22:30Z,Karup By,2021,2851.7,0.5
2020-09-14T00:22:30Z,Karup By,2021,2851.8,0.6
2020-09-14T01:22:30Z,Karup By,2021,2851.7,0.5
2020-09-14T02:22:30Z,Karup By,2021,2851.8,0.6
2020-09-14T03:22:30Z,Karup By,2021,2851.7,0.5
2020-09-14T04:22:30Z,Karup By,2021,2851.8,0.6
2020-09-14T05:22:30Z,Karup By,2021,2851.9,0.7
2020-09-14T06:22:30Z,Karup By,2021,2851.6,0.4
2020-09-14T07:22:30Z,Karup By,2021,2850.8,-0.5
2020-09-14T08:22:30Z,Karup By,2021,2850.7,-0.5
2020-09-14T09:22:30Z,Karup By,2021,2851.1,-0.1
2020-09-14T10:22:30Z,Karup By,2021,2851.3,0.1
2020-09-14T11:22:30Z,Karup By,2021,2851.7,0.5
2020-09-14T12:22:30Z,Karup By,2021,2853.8,2.6
2020-09-14T13:22:30Z,Karup By,2021,2855.3,4.1
2020-09-14T14:22:30Z,Karup By,2021,2854.9,3.8
2020-09-14T15:22:30Z,Karup By,2021,2853.4,2.2
2020-09-14T16:22:30Z,Karup By,2021,2852.1,0.9
2020-09-14T17:22:30Z,Karup By,2021,2851.6,0.4
2020-09-14T18:22:30Z,Karup By,2021,2851.7,0.5
2020-09-14T19:22:30Z,Karup By,2021,2851.3,0.1
2020-09-14T20:22:30Z,Karup By,2021,2850.9,-0.3
2020-09-14T21:22:30Z,Karup By,2021,2851,-0.2
2020-09-14T22:22:30Z,Karup By,2021,2851,-0.2
2020-09-14T23:22:30Z,Karup By,2021,2850.7,-0.5
2020-09-15T00:22:30Z,Karup By,2021,2850.7,-0.6
2020-09-15T01:22:30Z,Karup By,2021,2851,-0.3
2020-09-15T02:22:30Z,Karup By,2021,2851.2,-0
2020-09-15T03:22:30Z,Karup By,2021,2851.3,0
2020-09-15T04:22:30Z,Karup By,2021,2851.4,0.1
2020-09-15T05:22:30Z,Karup By,2021,2851.6,0.3
2020-09-15T06:22:30Z,Karup By,2021,2850.9,-0.4
2020-09-15T07:22:30Z,Karup By,2021,2850.1,-1.2
2020-09-15T08:22:30Z,Karup By,2021,2850,-1.2
2020-09-15T09:22:30Z,Karup By,2021,2850.7,-0.7
2020-09-15T10:22:30Z,Karup By,2021,2851.5,0.2
2020-09-15T11:22:30Z,Karup By,2021,2853.6,2.3
2020-09-15T12:22:30Z,Karup By,2021,2856.9,5.6
2020-09-15T13:22:30Z,Karup By,2021,2858,6.7
2020-09-15T14:22:30Z,Karup By,2021,2858.5,7.2
2020-09-15T15:22:30Z,Karup By,2021,2860.9,9.6
2020-09-15T16:22:30Z,Karup By,2021,2861.5,10.2
2020-09-15T17:22:30Z,Karup By,2021,2861.2,9.9
2020-09-15T18:22:30Z,Karup By,2021,2861.1,9.8
2020-09-15T19:22:30Z,Karup By,2021,2860.8,9.6
2020-09-15T20:22:30Z,Karup By,2021,2860.8,9.5
2020-09-15T21:22:30Z,Karup By,2021,2860.9,9.6
2020-09-15T22:22:30Z,Karup By,2021,2860.9,9.6
2020-09-15T23:22:30Z,Karup By,2021,2861.1,9.8
2020-09-16T00:22:30Z,Karup By,2021,2860.8,9.4
2020-09-16T01:22:30Z,Karup By,2021,2860.6,9.2
2020-09-16T02:22:30Z,Karup By,2021,2860.3,8.9
2020-09-16T03:22:30Z,Karup By,2021,2860,8.5
2020-09-16T04:22:30Z,Karup By,2021,2859.7,8.3
2020-09-16T05:22:30Z,Karup By,2021,2859.4,8
2020-09-16T06:22:30Z,Karup By,2021,2859.3,7.9
2020-09-16T07:22:30Z,Karup By,2021,2858.9,7.4
2020-09-16T08:22:30Z,Karup By,2021,2857.3,5.9
2020-09-16T09:22:30Z,Karup By,2021,2856,4.6
2020-09-16T10:22:30Z,Karup By,2021,2855.5,4.1
2020-09-16T11:22:30Z,Karup By,2021,2855.5,4.1
2020-09-16T12:22:30Z,Karup By,2021,2855.9,4.5
2020-09-16T13:22:30Z,Karup By,2021,2856.6,5.2
2020-09-16T14:22:30Z,Karup By,2021,2857.1,5.7
2020-09-16T15:22:30Z,Karup By,2021,2857.4,6
2020-09-16T16:22:30Z,Karup By,2021,2857.4,6
2020-09-16T17:22:30Z,Karup By,2021,2857.5,6.1
2020-09-16T18:22:30Z,Karup By,2021,2857.8,6.4
2020-09-16T19:22:30Z,Karup By,2021,2857.8,6.4
2020-09-16T20:22:30Z,Karup By,2021,2857.5,6.1
2020-09-16T21:22:30Z,Karup By,2021,2857.3,5.9
2020-09-16T22:22:30Z,Karup By,2021,2857.4,6
2020-09-16T23:22:30Z,Karup By,2021,2857.4,5.9
2020-09-17T00:22:30Z,Karup By,2021,2857.4,5.8
2020-09-17T01:22:30Z,Karup By,2021,2857.1,5.6
2020-09-17T02:22:30Z,Karup By,2021,2857.1,5.7
2020-09-17T03:22:30Z,Karup By,2021,2857.1,5.6
2020-09-17T04:22:30Z,Karup By,2021,2856.9,5.4
2020-09-17T05:22:30Z,Karup By,2021,2856.6,5.1
2020-09-17T06:22:30Z,Karup By,2021,2856.1,4.7
2020-09-17T07:22:30Z,Karup By,2021,2855.4,3.9
2020-09-17T08:22:30Z,Karup By,2021,2855.1,3.6
2020-09-17T09:22:30Z,Karup By,2021,2855.2,3.7
2020-09-17T10:22:30Z,Karup By,2021,2855.2,3.8
2020-09-17T11:22:30Z,Karup By,2021,2855.3,3.8
2020-09-17T12:22:30Z,Karup By,2021,2855,3.5
2020-09-17T13:22:30Z,Karup By,2021,2854.7,3.1
2020-09-17T14:22:30Z,Karup By,2021,2854.7,3.1
2020-09-17T15:22:30Z,Karup By,2021,2854.6,3.1
2020-09-17T16:22:30Z,Karup By,2021,2854.7,3.2
2020-09-17T17:22:30Z,Karup By,2021,2854.7,3.2
2020-09-17T18:22:30Z,Karup By,2021,2854.5,3
2020-09-17T19:22:30Z,Karup By,2021,2854.2,2.6
2020-09-17T20:22:30Z,Karup By,2021,2854,2.6
2020-09-17T21:22:30Z,Karup By,2021,2854.1,2.6
2020-09-17T22:22:30Z,Karup By,2021,2854.1,2.6
2020-09-17T23:22:30Z,Karup By,2021,2854.2,2.7
2020-09-18T00:22:30Z,Karup By,2021,2854.3,2.8
2020-09-18T01:22:30Z,Karup By,2021,2854.2,2.7
2020-09-18T02:22:30Z,Karup By,2021,2854.2,2.7
2020-09-18T03:22:30Z,Karup By,2021,2854.1,2.6
2020-09-18T04:22:30Z,Karup By,2021,2854.1,2.6
2020-09-18T05:22:30Z,Karup By,2021,2854.1,2.6
2020-09-18T06:22:30Z,Karup By,2021,2854,2.5
2020-09-18T07:22:30Z,Karup By,2021,2853.6,2.1
2020-09-18T08:22:30Z,Karup By,2021,2853.2,1.7
2020-09-18T09:22:30Z,Karup By,2021,2853.2,1.7
2020-09-18T10:22:30Z,Karup By,2021,2853.3,1.8
2020-09-18T11:22:30Z,Karup By,2021,2853.3,1.8
2020-09-18T12:22:30Z,Karup By,2021,2853.3,1.8
2020-09-18T13:22:30Z,Karup By,2021,2853.4,1.9
2020-09-18T14:22:30Z,Karup By,2021,2853.6,2.1
2020-09-18T15:22:30Z,Karup By,2021,2853.7,2.2
2020-09-18T16:22:30Z,Karup By,2021,2853.3,1.8
2020-09-18T17:22:30Z,Karup By,2021,2853.2,1.7
2020-09-18T18:22:30Z,Karup By,2021,2853.1,1.6
2020-09-18T19:22:30Z,Karup By,2021,2853,1.4
2020-09-18T20:22:30Z,Karup By,2021,2852.9,1.4
2020-09-18T21:22:30Z,Karup By,2021,2852.9,1.4
2020-09-18T22:22:30Z,Karup By,2021,2853,1.5
2020-09-18T23:22:30Z,Karup By,2021,2853,1.5
2020-09-19T00:22:30Z,Karup By,2021,2853.1,1.5
2020-09-19T01:22:30Z,Karup By,2021,2853.1,1.5
2020-09-19T02:22:30Z,Karup By,2021,2853.1,1.5
2020-09-19T03:22:30Z,Karup By,2021,2853,1.4
2020-09-19T04:22:30Z,Karup By,2021,2853,1.4
2020-09-19T05:22:30Z,Karup By,2021,2852.9,1.4
2020-09-19T06:22:30Z,Karup By,2021,2852.8,1.2
2020-09-19T07:22:30Z,Karup By,2021,2852.9,1.4
2020-09-19T08:22:30Z,Karup By,2021,2852.5,0.9
2020-09-19T09:22:30Z,Karup By,2021,2852.4,0.8
2020-09-19T10:22:30Z,Karup By,2021,2852.4,0.8
2020-09-19T11:22:30Z,Karup By,2021,2852.4,0.8
2020-09-19T12:22:30Z,Karup By,2021,2852.4,0.8
2020-09-19T13:22:30Z,Karup By,2021,2852.6,1
2020-09-19T14:22:30Z,Karup By,2021,2852.4,0.8
2020-09-19T15:22:30Z,Karup By,2021,2852.1,0.5
2020-09-19T16:22:30Z,Karup By,2021,2851.9,0.3
2020-09-19T17:22:30Z,Karup By,2021,2852.1,0.5
2020-09-19T18:22:30Z,Karup By,2021,2852.1,0.5
2020-09-19T19:22:30Z,Karup By,2021,2851.9,0.3
2020-09-19T20:22:30Z,Karup By,2021,2851.2,-0.4
2020-09-19T21:22:30Z,Karup By,2021,2851,-0.6
2020-09-19T22:22:30Z,Karup By,2021,2851.2,-0.5
2020-09-19T23:22:30Z,Karup By,2021,2851.3,-0.3
2020-09-20T00:22:30Z,Karup By,2021,2851.5,-0.1
2020-09-20T01:22:30Z,Karup By,2021,2851.6,0
2020-09-20T02:22:30Z,Karup By,2021,2851.7,0.1
2020-09-20T03:22:30Z,Karup By,2021,2851.7,0.1
2020-09-20T04:22:30Z,Karup By,2021,2851.8,0.2
2020-09-20T05:22:30Z,Karup By,2021,2851.7,0
2020-09-20T06:22:30Z,Karup By,2021,2851.8,0.1
2020-09-20T07:22:30Z,Karup By,2021,2851.9,0.2
2020-09-20T08:22:30Z,Karup By,2021,2851.6,0
2020-09-20T09:22:30Z,Karup By,2021,2851.5,-0.1
2020-09-20T10:22:30Z,Karup By,2021,2851.4,-0.2
2020-09-20T11:22:30Z,Karup By,2021,2851.4,-0.2
2020-09-20T12:22:30Z,Karup By,2021,2851.4,-0.2
2020-09-20T13:22:30Z,Karup By,2021,2851.6,-0
2020-09-20T14:22:30Z,Karup By,2021,2852.4,0.8
2020-09-20T15:22:30Z,Karup By,2021,2852.7,1.1
2020-09-20T16:22:30Z,Karup By,2021,2852.9,1.4
2020-09-20T17:22:30Z,Karup By,2021,2853.1,1.5
2020-09-20T18:22:30Z,Karup By,2021,2853,1.4
2020-09-20T19:22:30Z,Karup By,2021,2852.7,1.1
2020-09-20T20:22:30Z,Karup By,2021,2852.2,0.7
2020-09-20T21:22:30Z,Karup By,2021,2851.9,0.3
2020-09-20T22:22:30Z,Karup By,2021,2851.6,0
2020-09-20T23:22:30Z,Karup By,2021,2851.7,0.1
2020-09-21T00:22:30Z,Karup By,2021,2851.7,0
2020-09-21T01:22:30Z,Karup By,2021,2851.6,-0.1
2020-09-21T02:22:30Z,Karup By,2021,2851.6,-0.1
2020-09-21T03:22:30Z,Karup By,2021,2851.6,-0.1
2020-09-21T04:22:30Z,Karup By,2021,2851.5,-0.1
2020-09-21T05:22:30Z,Karup By,2021,2851.6,-0.1
2020-09-21T06:22:30Z,Karup By,2021,2851.4,-0.3
2020-09-21T07:22:30Z,Karup By,2021,2851,-0.7
2020-09-21T08:22:30Z,Karup By,2021,2851,-0.7
2020-09-21T09:22:30Z,Karup By,2021,2851,-0.7
2020-09-21T10:22:30Z,Karup By,2021,2851.2,-0.5
2020-09-21T11:22:30Z,Karup By,2021,2851.5,-0.2
2020-09-21T12:22:30Z,Karup By,2021,2851.4,-0.3
2020-09-21T13:22:30Z,Karup By,2021,2851.6,-0
2020-09-21T14:22:30Z,Karup By,2021,2851.7,0
2020-09-21T15:22:30Z,Karup By,2021,2851.3,-0.4
2020-09-21T16:22:30Z,Karup By,2021,2851.2,-0.5
2020-09-21T17:22:30Z,Karup By,2021,2851.2,-0.5
2020-09-21T18:22:30Z,Karup By,2021,2851.3,-0.4
2020-09-21T19:22:30Z,Karup By,2021,2851.3,-0.4
2020-09-21T20:22:30Z,Karup By,2021,2851.2,-0.5
2020-09-21T21:22:30Z,Karup By,2021,2851.2,-0.5
2020-09-21T22:22:30Z,Karup By,2021,2851.2,-0.5
2020-09-21T23:22:30Z,Karup By,2021,2851.4,-0.3
2020-09-22T00:22:30Z,Karup By,2021,2851.4,-0.4
2020-09-22T01:22:30Z,Karup By,2021,2851.4,-0.3
2020-09-22T02:22:30Z,Karup By,2021,2851.4,-0.3
2020-09-22T03:22:30Z,Karup By,2021,2851.2,-0.5
2020-09-22T04:22:30Z,Karup By,2021,2851.3,-0.4
2020-09-22T05:22:30Z,Karup By,2021,2851.4,-0.4
2020-09-22T06:22:30Z,Karup By,2021,2851.3,-0.4
2020-09-22T07:22:30Z,Karup By,2021,2851.1,-0.6
2020-09-22T08:22:30Z,Karup By,2021,2850.8,-0.9
2020-09-22T09:22:30Z,Karup By,2021,2850.6,-1.1
2020-09-22T10:22:30Z,Karup By,2021,2850.7,-0.9
2020-09-22T11:22:30Z,Karup By,2021,2850.9,-0.8
2020-09-22T12:22:30Z,Karup By,2021,2851.1,-0.6
2020-09-22T13:22:30Z,Karup By,2021,2851.3,-0.4
2020-09-22T14:22:30Z,Karup By,2021,2850.9,-0.9
2020-09-22T15:22:30Z,Karup By,2021,2850.1,-1.6
2020-09-22T16:22:30Z,Karup By,2021,2850,-1.7
2020-09-22T17:22:30Z,Karup By,2021,2850.3,-1.4
2020-09-22T18:22:30Z,Karup By,2021,2850.7,-1
2020-09-22T19:22:30Z,Karup By,2021,2850.9,-0.8
2020-09-22T20:22:30Z,Karup By,2021,2851.2,-0.5
2020-09-22T21:22:30Z,Karup By,2021,2851.5,-0.2
2020-09-22T22:22:30Z,Karup By,2021,2851.5,-0.1
2020-09-22T23:22:30Z,Karup By,2021,2851.4,-0.2
2020-09-23T00:22:30Z,Karup By,2021,2851.4,-0.4
2020-09-23T01:22:30Z,Karup By,2021,2851.1,-0.6
2020-09-23T02:22:30Z,Karup By,2021,2851.1,-0.7
2020-09-23T03:22:30Z,Karup By,2021,2850.9,-0.8
2020-09-23T04:22:30Z,Karup By,2021,2850.9,-0.9
2020-09-23T05:22:30Z,Karup By,2021,2851.2,-0.5
2020-09-23T06:22:30Z,Karup By,2021,2851.6,-0.1
2020-09-23T07:22:30Z,Karup By,2021,2851.6,-0.1
2020-09-23T08:22:30Z,Karup By,2021,2852,0.3
2020-09-23T09:22:30Z,Karup By,2021,2853,1.3
2020-09-23T10:22:30Z,Karup By,2021,2853.4,1.8
2020-09-23T11:22:30Z,Karup By,2021,2853.8,2.1
2020-09-23T12:22:30Z,Karup By,2021,2854.1,2.4
2020-09-23T13:22:30Z,Karup By,2021,2854.3,2.6
2020-09-23T14:22:30Z,Karup By,2021,2854.8,3.1
2020-09-23T15:22:30Z,Karup By,2021,2854.7,3
2020-09-23T16:22:30Z,Karup By,2021,2854.3,2.6
2020-09-23T17:22:30Z,Karup By,2021,2854.4,2.7
2020-09-23T18:22:30Z,Karup By,2021,2854.6,2.9
2020-09-23T19:22:30Z,Karup By,2021,2854.5,2.8
2020-09-23T20:22:30Z,Karup By,2021,2854.2,2.5
2020-09-23T21:22:30Z,Karup By,2021,2854.2,2.5
2020-09-23T22:22:30Z,Karup By,2021,2854.2,2.5
2020-09-23T23:22:30Z,Karup By,2021,2854.2,2.5
2020-09-24T00:22:30Z,Karup By,2021,2854,2.2
2020-09-24T01:22:30Z,Karup By,2021,2853.9,2.1
2020-09-24T02:22:30Z,Karup By,2021,2853.8,2
2020-09-24T03:22:30Z,Karup By,2021,2853.6,1.8
2020-09-24T04:22:30Z,Karup By,2021,2853.5,1.7
2020-09-24T05:22:30Z,Karup By,2021,2853.4,1.6
2020-09-24T06:22:30Z,Karup By,2021,2853,1.2
2020-09-24T07:22:30Z,Karup By,2021,2852,0.2
2020-09-24T08:22:30Z,Karup By,2021,2851.3,-0.6
2020-09-24T09:22:30Z,Karup By,2021,2851.2,-0.6
2020-09-24T10:22:30Z,Karup By,2021,2851.4,-0.4
2020-09-24T11:22:30Z,Karup By,2021,2851.8,-0
2020-09-24T12:22:30Z,Karup By,2021,2852.1,0.2
2020-09-24T13:22:30Z,Karup By,2021,2852.4,0.7
2020-09-24T14:22:30Z,Karup By,2021,2852.5,0.7
2020-09-24T15:22:30Z,Karup By,2021,2852.5,0.7
2020-09-24T16:22:30Z,Karup By,2021,2852.6,0.8
2020-09-24T17:22:30Z,Karup By,2021,2852.7,0.9
2020-09-24T18:22:30Z,Karup By,2021,2852.3,0.5
2020-09-24T19:22:30Z,Karup By,2021,2852,0.2
2020-09-24T20:22:30Z,Karup By,2021,2852.2,0.4
2020-09-24T21:22:30Z,Karup By,2021,2852.3,0.5
2020-09-24T22:22:30Z,Karup By,2021,2852.3,0.5
2020-09-24T23:22:30Z,Karup By,2021,2852.2,0.5
2020-09-25T00:22:30Z,Karup By,2021,2852.3,0.5
2020-09-25T01:22:30Z,Karup By,2021,2852.3,0.5
2020-09-25T02:22:30Z,Karup By,2021,2852.3,0.5
2020-09-25T03:22:30Z,Karup By,2021,2852.2,0.4
2020-09-25T04:22:30Z,Karup By,2021,2852.3,0.5
2020-09-25T05:22:30Z,Karup By,2021,2852.1,0.3
2020-09-25T06:22:30Z,Karup By,2021,2852.3,0.5
2020-09-25T07:22:30Z,Karup By,2021,2852,0.2
2020-09-25T08:22:30Z,Karup By,2021,2851.5,-0.3
2020-09-25T09:22:30Z,Karup By,2021,2851.3,-0.5
2020-09-25T10:22:30Z,Karup By,2021,2851.5,-0.3
2020-09-25T11:22:30Z,Karup By,2021,2851.7,-0.1
2020-09-25T12:22:30Z,Karup By,2021,2851.7,-0.1
2020-09-25T13:22:30Z,Karup By,2021,2851.7,-0
2020-09-25T14:22:30Z,Karup By,2021,2851.9,0.1
2020-09-25T15:22:30Z,Karup By,2021,2851.8,-0
2020-09-25T16:22:30Z,Karup By,2021,2851.9,0
2020-09-25T17:22:30Z,Karup By,2021,2851.7,-0.1
2020-09-25T18:22:30Z,Karup By,2021,2851.6,-0.2
2020-09-25T19:22:30Z,Karup By,2021,2851.1,-0.8
2020-09-25T20:22:30Z,Karup By,2021,2850.7,-1.1
2020-09-25T21:22:30Z,Karup By,2021,2850.7,-1.1
2020-09-25T22:22:30Z,Karup By,2021,2850.8,-1
2020-09-25T23:22:30Z,Karup By,2021,2850.7,-1.1
2020-09-26T00:22:30Z,Karup By,2021,2850.7,-1.1
2020-09-26T01:22:30Z,Karup By,2021,2850.7,-1.1
2020-09-26T02:22:30Z,Karup By,2021,2850.7,-1.1
2020-09-26T03:22:30Z,Karup By,2021,2850.7,-1
2020-09-26T04:22:30Z,Karup By,2021,2850.7,-1.1
2020-09-26T05:22:30Z,Karup By,2021,2850.8,-1
2020-09-26T06:22:30Z,Karup By,2021,2850.8,-1
2020-09-26T07:22:30Z,Karup By,2021,2850.6,-1.2
2020-09-26T08:22:30Z,Karup By,2021,2850.1,-1.7
2020-09-26T09:22:30Z,Karup By,2021,2850.1,-1.7
2020-09-26T10:22:30Z,Karup By,2021,2850.6,-1.2
2020-09-26T11:22:30Z,Karup By,2021,2850.8,-1
2020-09-26T12:22:30Z,Karup By,2021,2850.9,-0.9
2020-09-26T13:22:30Z,Karup By,2021,2851,-0.9
2020-09-11T00:25:00Z,Karup By,2022,2859.6,8.6
2020-09-11T01:25:00Z,Karup By,2022,2859.7,8.7
2020-09-11T02:25:00Z,Karup By,2022,2859.8,8.8
2020-09-11T03:25:00Z,Karup By,2022,2859.8,8.8
2020-09-11T04:25:00Z,Karup By,2022,2859.8,8.8
2020-09-11T05:25:00Z,Karup By,2022,2859.8,8.8
2020-09-11T06:25:00Z,Karup By,2022,2859.9,8.9
2020-09-11T07:25:00Z,Karup By,2022,2859.3,8.3
2020-09-11T08:25:00Z,Karup By,2022,2859.3,8.3
2020-09-11T09:25:00Z,Karup By,2022,2859.2,8.2
2020-09-11T10:25:00Z,Karup By,2022,2859.2,8.2
2020-09-11T11:25:00Z,Karup By,2022,2859.2,8.2
2020-09-11T12:25:00Z,Karup By,2022,2859.3,8.3
2020-09-11T13:25:00Z,Karup By,2022,2859.3,8.3
2020-09-11T14:25:00Z,Karup By,2022,2859.3,8.3
2020-09-11T15:25:00Z,Karup By,2022,2859.3,8.3
2020-09-11T16:25:00Z,Karup By,2022,2859.2,8.2
2020-09-11T17:25:00Z,Karup By,2022,2859.1,8.1
2020-09-11T18:25:00Z,Karup By,2022,2859.1,8.1
2020-09-11T19:25:00Z,Karup By,2022,2858.7,7.7
2020-09-11T20:25:00Z,Karup By,2022,2858.5,7.5
2020-09-11T21:25:00Z,Karup By,2022,2858.5,7.5
2020-09-11T22:25:00Z,Karup By,2022,2858.6,7.6
2020-09-11T23:25:00Z,Karup By,2022,2858.7,7.7
2020-09-12T00:25:00Z,Karup By,2022,2858.8,7.7
2020-09-12T01:25:00Z,Karup By,2022,2859,7.9
2020-09-12T02:25:00Z,Karup By,2022,2859.2,8.1
2020-09-12T03:25:00Z,Karup By,2022,2859.4,8.3
2020-09-12T04:25:00Z,Karup By,2022,2859.4,8.3
2020-09-12T05:25:00Z,Karup By,2022,2859.5,8.4
2020-09-12T06:25:00Z,Karup By,2022,2859.1,8.1
2020-09-12T07:25:00Z,Karup By,2022,2858.2,7.1
2020-09-12T08:25:00Z,Karup By,2022,2857.4,6.3
2020-09-12T09:25:00Z,Karup By,2022,2857.5,6.4
2020-09-12T10:25:00Z,Karup By,2022,2857.6,6.5
2020-09-12T11:25:00Z,Karup By,2022,2857.8,6.7
2020-09-12T12:25:00Z,Karup By,2022,2858,6.9
2020-09-12T13:25:00Z,Karup By,2022,2858.3,7.2
2020-09-12T14:25:00Z,Karup By,2022,2858.3,7.2
2020-09-12T15:25:00Z,Karup By,2022,2858.5,7.4
2020-09-12T16:25:00Z,Karup By,2022,2858.4,7.3
2020-09-12T17:25:00Z,Karup By,2022,2858.4,7.3
2020-09-12T18:25:00Z,Karup By,2022,2858.2,7.1
2020-09-12T19:25:00Z,Karup By,2022,2857.7,6.6
2020-09-12T20:25:00Z,Karup By,2022,2857.7,6.6
2020-09-12T21:25:00Z,Karup By,2022,2858.4,7.3
2020-09-12T22:25:00Z,Karup By,2022,2860.1,8.9
2020-09-12T23:25:00Z,Karup By,2022,2863.7,12.6
2020-09-13T00:25:00Z,Karup By,2022,2864.8,13.6
2020-09-13T01:25:00Z,Karup By,2022,2864.8,13.6
2020-09-13T02:25:00Z,Karup By,2022,2864.6,13.4
2020-09-13T03:25:00Z,Karup By,2022,2864.9,13.7
2020-09-13T04:25:00Z,Karup By,2022,2865.4,14.2
2020-09-13T05:25:00Z,Karup By,2022,2866,14.8
2020-09-13T06:25:00Z,Karup By,2022,2866.1,14.9
2020-09-13T07:25:00Z,Karup By,2022,2865.4,14.2
2020-09-13T08:25:00Z,Karup By,2022,2864.5,13.3
2020-09-13T09:25:00Z,Karup By,2022,2861.5,10.3
2020-09-13T10:25:00Z,Karup By,2022,2860.3,9
2020-09-13T11:05:00Z,Karup By,2022,2859.9,8.6
2020-09-13T13:45:30Z,Karup By,2022,2859.8,8.6
2020-09-13T14:25:00Z,Karup By,2022,2859.7,8.5
2020-09-13T15:25:00Z,Karup By,2022,2859.6,8.4
2020-09-13T16:25:00Z,Karup By,2022,2859.5,8.2
2020-09-13T17:25:00Z,Karup By,2022,2859.4,8.1
2020-09-13T18:25:00Z,Karup By,2022,2859.2,8
2020-09-13T19:25:00Z,Karup By,2022,2859.1,8
2020-09-13T20:25:00Z,Karup By,2022,2859,7.8
2020-09-13T21:25:00Z,Karup By,2022,2859,7.8
2020-09-13T22:25:00Z,Karup By,2022,2859,7.8
2020-09-13T23:25:00Z,Karup By,2022,2858.9,7.7
2020-09-14T00:25:00Z,Karup By,2022,2859,7.8
2020-09-14T01:25:00Z,Karup By,2022,2858.9,7.7
2020-09-14T02:25:00Z,Karup By,2022,2858.9,7.7
2020-09-14T03:25:00Z,Karup By,2022,2858.9,7.7
2020-09-14T04:25:00Z,Karup By,2022,2858.9,7.7
2020-09-14T05:25:00Z,Karup By,2022,2858.9,7.7
2020-09-14T06:25:00Z,Karup By,2022,2858.7,7.5
2020-09-14T07:25:00Z,Karup By,2022,2858.5,7.3
2020-09-14T08:25:00Z,Karup By,2022,2858.8,7.6
2020-09-14T09:25:00Z,Karup By,2022,2858.4,7.2
2020-09-14T10:25:00Z,Karup By,2022,2857.5,6.3
2020-09-14T11:25:00Z,Karup By,2022,2857,5.8
2020-09-14T12:25:00Z,Karup By,2022,2857,5.8
2020-09-14T13:25:00Z,Karup By,2022,2857.9,6.7
2020-09-14T14:25:00Z,Karup By,2022,2859.1,7.9
2020-09-14T15:25:00Z,Karup By,2022,2860.9,9.7
2020-09-14T16:25:00Z,Karup By,2022,2862.8,11.6
2020-09-14T17:25:00Z,Karup By,2022,2863.4,12.2
2020-09-14T18:25:00Z,Karup By,2022,2862.2,11
2020-09-14T19:25:00Z,Karup By,2022,2860.5,9.3
2020-09-14T20:25:00Z,Karup By,2022,2858.8,7.6
2020-09-14T21:25:00Z,Karup By,2022,2857.8,6.6
2020-09-14T22:25:00Z,Karup By,2022,2857.4,6.2
2020-09-14T23:25:00Z,Karup By,2022,2857.2,6
2020-09-15T00:25:00Z,Karup By,2022,2857.3,6
2020-09-15T01:25:00Z,Karup By,2022,2857.3,6
2020-09-15T02:25:00Z,Karup By,2022,2857.3,6
2020-09-15T03:25:00Z,Karup By,2022,2857.3,6
2020-09-15T04:25:00Z,Karup By,2022,2857.2,5.9
2020-09-15T05:25:00Z,Karup By,2022,2857.1,5.8
2020-09-15T06:25:00Z,Karup By,2022,2857.1,5.8
2020-09-15T07:25:00Z,Karup By,2022,2855.6,4.3
2020-09-15T08:25:00Z,Karup By,2022,2853.8,2.5
2020-09-15T09:25:00Z,Karup By,2022,2853.4,2.1
2020-09-15T10:25:00Z,Karup By,2022,2853.9,2.6
2020-09-15T11:25:00Z,Karup By,2022,2854.5,3.2
2020-09-15T12:25:00Z,Karup By,2022,2855.1,3.8
2020-09-15T13:25:00Z,Karup By,2022,2855.3,4
2020-09-15T14:25:00Z,Karup By,2022,2854.7,3.4
2020-09-15T15:25:00Z,Karup By,2022,2854,2.8
2020-09-15T16:25:00Z,Karup By,2022,2854,2.7
2020-09-15T17:25:00Z,Karup By,2022,2854.4,3.1
2020-09-15T18:25:00Z,Karup By,2022,2854.7,3.4
2020-09-15T19:25:00Z,Karup By,2022,2854,2.7
2020-09-15T20:25:00Z,Karup By,2022,2853.3,2
2020-09-15T21:25:00Z,Karup By,2022,2853.3,2
2020-09-15T22:25:00Z,Karup By,2022,2853.6,2.2
2020-09-15T23:25:00Z,Karup By,2022,2854,2.7
2020-09-16T00:25:00Z,Karup By,2022,2854.4,3
2020-09-16T01:25:00Z,Karup By,2022,2854.7,3.2
2020-09-16T02:25:00Z,Karup By,2022,2854.8,3.5
2020-09-16T03:25:00Z,Karup By,2022,2855.1,3.7
2020-09-16T04:25:00Z,Karup By,2022,2855.6,4.2
2020-09-16T05:25:00Z,Karup By,2022,2856.1,4.7
2020-09-16T06:25:00Z,Karup By,2022,2855.9,4.5
2020-09-16T07:25:00Z,Karup By,2022,2854.1,2.7
2020-09-16T08:25:00Z,Karup By,2022,2853.1,1.7
2020-09-16T09:25:00Z,Karup By,2022,2853.2,1.8
2020-09-16T10:25:00Z,Karup By,2022,2853.6,2.2
2020-09-16T11:25:00Z,Karup By,2022,2853.8,2.4
2020-09-16T12:25:00Z,Karup By,2022,2853.6,2.2
2020-09-16T13:25:00Z,Karup By,2022,2853.5,2.1
2020-09-16T14:25:00Z,Karup By,2022,2853.8,2.3
2020-09-16T15:25:00Z,Karup By,2022,2854.2,2.9
2020-09-16T16:25:00Z,Karup By,2022,2854.6,3.2
2020-09-16T17:25:00Z,Karup By,2022,2854.6,3.2
2020-09-16T18:25:00Z,Karup By,2022,2854.5,3.1
2020-09-16T19:25:00Z,Karup By,2022,2853.3,1.9
2020-09-16T20:25:00Z,Karup By,2022,2852.6,1.2
2020-09-16T21:25:00Z,Karup By,2022,2852.4,1
2020-09-16T22:25:00Z,Karup By,2022,2852.5,1.1
2020-09-16T23:25:00Z,Karup By,2022,2852.8,1.4
2020-09-17T00:25:00Z,Karup By,2022,2853.3,1.8
2020-09-17T01:25:00Z,Karup By,2022,2853.5,2
2020-09-17T02:25:00Z,Karup By,2022,2853.7,2.2
2020-09-17T03:25:00Z,Karup By,2022,2853.9,2.4
2020-09-17T04:25:00Z,Karup By,2022,2854.1,2.6
2020-09-17T05:25:00Z,Karup By,2022,2854.3,2.8
2020-09-17T06:25:00Z,Karup By,2022,2854.4,2.9
2020-09-17T07:25:00Z,Karup By,2022,2854.4,2.9
2020-09-17T08:25:00Z,Karup By,2022,2854.3,2.8
2020-09-17T09:25:00Z,Karup By,2022,2853.1,1.6
2020-09-17T10:25:00Z,Karup By,2022,2851.5,0
2020-09-17T11:25:00Z,Karup By,2022,2851.2,-0.3
2020-09-17T12:25:00Z,Karup By,2022,2851.5,0
2020-09-17T13:25:00Z,Karup By,2022,2852.1,0.6
2020-09-17T14:25:00Z,Karup By,2022,2852.3,0.8
2020-09-17T15:25:00Z,Karup By,2022,2852.7,1.2
2020-09-17T16:25:00Z,Karup By,2022,2852.9,1.4
2020-09-17T17:25:00Z,Karup By,2022,2853.1,1.6
2020-09-17T18:25:00Z,Karup By,2022,2853.3,1.8
2020-09-17T19:25:00Z,Karup By,2022,2852.9,1.4
2020-09-17T20:25:00Z,Karup By,2022,2851.7,0.2
2020-09-17T21:25:00Z,Karup By,2022,2851.2,-0.2
2020-09-17T22:25:00Z,Karup By,2022,2851.2,-0.3
2020-09-17T23:25:00Z,Karup By,2022,2851.5,0
2020-09-18T00:25:00Z,Karup By,2022,2852,0.5
2020-09-18T01:25:00Z,Karup By,2022,2852.4,0.9
2020-09-18T02:25:00Z,Karup By,2022,2852.7,1.2
2020-09-18T03:25:00Z,Karup By,2022,2853,1.5
2020-09-18T04:25:00Z,Karup By,2022,2853.1,1.6
2020-09-18T05:25:00Z,Karup By,2022,2853.3,1.8
2020-09-18T06:25:00Z,Karup By,2022,2853.4,1.9
2020-09-18T07:25:00Z,Karup By,2022,2853.5,2
2020-09-18T08:25:00Z,Karup By,2022,2853.4,1.9
2020-09-18T09:25:00Z,Karup By,2022,2853.1,1.6
2020-09-18T10:25:00Z,Karup By,2022,2851.7,0.2
2020-09-18T11:25:00Z,Karup By,2022,2851.2,-0.3
2020-09-18T12:25:00Z,Karup By,2022,2851.4,-0.1
2020-09-18T13:25:00Z,Karup By,2022,2852,0.5
2020-09-18T14:25:00Z,Karup By,2022,2852.5,1
2020-09-18T15:25:00Z,Karup By,2022,2853.1,1.6
2020-09-18T16:25:00Z,Karup By,2022,2853.3,1.8
2020-09-18T17:25:00Z,Karup By,2022,2853.2,1.7
2020-09-18T18:25:00Z,Karup By,2022,2853.1,1.6
2020-09-18T19:25:00Z,Karup By,2022,2852.1,0.6
2020-09-18T20:25:00Z,Karup By,2022,2851.3,-0.2
2020-09-18T21:25:00Z,Karup By,2022,2851.1,-0.4
2020-09-18T22:25:00Z,Karup By,2022,2851.3,-0.2
2020-09-18T23:25:00Z,Karup By,2022,2851.5,0
2020-09-19T00:25:00Z,Karup By,2022,2851.9,0.4
2020-09-19T01:25:00Z,Karup By,2022,2852.2,0.6
2020-09-19T02:25:00Z,Karup By,2022,2852.5,0.9
2020-09-19T03:25:00Z,Karup By,2022,2852.7,1.1
2020-09-19T04:25:00Z,Karup By,2022,2852.8,1.2
2020-09-19T05:25:00Z,Karup By,2022,2853,1.4
2020-09-19T06:25:00Z,Karup By,2022,2852.6,1.1
2020-09-19T07:25:00Z,Karup By,2022,2852.8,1.2
2020-09-19T08:25:00Z,Karup By,2022,2852.8,1.2
2020-09-19T09:25:00Z,Karup By,2022,2852.7,1.1
2020-09-19T10:25:00Z,Karup By,2022,2852.7,1.1
2020-09-19T11:25:00Z,Karup By,2022,2852.8,1.2
2020-09-19T12:25:00Z,Karup By,2022,2853.1,1.5
2020-09-19T13:25:00Z,Karup By,2022,2853.6,2
2020-09-19T14:25:00Z,Karup By,2022,2853.3,1.7
2020-09-19T15:25:00Z,Karup By,2022,2851.9,0.2
2020-09-19T16:25:00Z,Karup By,2022,2851.2,-0.4
2020-09-19T17:25:00Z,Karup By,2022,2851.2,-0.4
2020-09-19T18:25:00Z,Karup By,2022,2851.2,-0.4
2020-09-19T19:25:00Z,Karup By,2022,2851.1,-0.5
2020-09-19T20:25:00Z,Karup By,2022,2851.4,-0.2
2020-09-19T21:25:00Z,Karup By,2022,2851.5,-0.1
2020-09-19T22:25:00Z,Karup By,2022,2851.6,0
2020-09-19T23:25:00Z,Karup By,2022,2851.6,-0
2020-09-20T00:25:00Z,Karup By,2022,2851.8,0.1
2020-09-20T01:25:00Z,Karup By,2022,2851.9,0.3
2020-09-20T02:25:00Z,Karup By,2022,2852,0.4
2020-09-20T03:25:00Z,Karup By,2022,2851.9,0.3
2020-09-20T04:25:00Z,Karup By,2022,2852,0.4
2020-09-20T05:25:00Z,Karup By,2022,2852,0.5
2020-09-20T06:25:00Z,Karup By,2022,2851.8,0.2
2020-09-20T07:25:00Z,Karup By,2022,2851.7,0.1
2020-09-20T08:25:00Z,Karup By,2022,2851.4,-0.1
2020-09-20T09:25:00Z,Karup By,2022,2850.1,-1.5
2020-09-20T10:25:00Z,Karup By,2022,2849.5,-2.2
2020-09-20T11:25:00Z,Karup By,2022,2849.6,-2
2020-09-20T12:25:00Z,Karup By,2022,2849.6,-2
2020-09-20T13:25:00Z,Karup By,2022,2849.4,-2.2
2020-09-20T14:25:00Z,Karup By,2022,2849.4,-2.2
2020-09-20T15:25:00Z,Karup By,2022,2849.2,-2.4
2020-09-20T16:25:00Z,Karup By,2022,2849.4,-2.1
2020-09-20T17:25:00Z,Karup By,2022,2850,-1.6
2020-09-20T18:25:00Z,Karup By,2022,2850.9,-0.6
2020-09-20T19:25:00Z,Karup By,2022,2851.8,0.2
2020-09-20T20:25:00Z,Karup By,2022,2852.6,1
2020-09-20T21:25:00Z,Karup By,2022,2853.1,1.5
2020-09-20T22:25:00Z,Karup By,2022,2853.1,1.5
2020-09-20T23:25:00Z,Karup By,2022,2852.9,1.3
2020-09-21T00:25:00Z,Karup By,2022,2852.6,0.9
2020-09-21T01:25:00Z,Karup By,2022,2852.6,0.9
2020-09-21T02:25:00Z,Karup By,2022,2852.5,0.8
2020-09-21T03:25:00Z,Karup By,2022,2852.5,0.8
2020-09-21T04:25:00Z,Karup By,2022,2852.3,0.6
2020-09-21T05:25:00Z,Karup By,2022,2852.2,0.5
2020-09-21T06:25:00Z,Karup By,2022,2852,0.3
2020-09-21T07:25:00Z,Karup By,2022,2850.2,-1.4
2020-09-21T08:25:00Z,Karup By,2022,2848,-3.7
2020-09-21T09:25:00Z,Karup By,2022,2848.2,-3.5
2020-09-21T10:25:00Z,Karup By,2022,2849,-2.7
2020-09-21T11:25:00Z,Karup By,2022,2849.8,-1.9
2020-09-21T12:25:00Z,Karup By,2022,2850.2,-1.5
2020-09-21T13:25:00Z,Karup By,2022,2850.6,-1.1
2020-09-21T14:25:00Z,Karup By,2022,2850.8,-0.9
2020-09-21T15:25:00Z,Karup By,2022,2851.2,-0.5
2020-09-21T16:25:00Z,Karup By,2022,2851.5,-0.2
2020-09-21T17:25:00Z,Karup By,2022,2851.7,0
2020-09-21T18:25:00Z,Karup By,2022,2851.7,0
2020-09-21T19:25:00Z,Karup By,2022,2851,-0.8
2020-09-21T20:25:00Z,Karup By,2022,2849.9,-1.8
2020-09-21T21:25:00Z,Karup By,2022,2849.8,-1.9
2020-09-21T22:25:00Z,Karup By,2022,2850.3,-1.4
2020-09-21T23:25:00Z,Karup By,2022,2850.8,-0.9
2020-09-22T00:25:00Z,Karup By,2022,2850.9,-0.8
2020-09-22T01:25:00Z,Karup By,2022,2851.2,-0.5
2020-09-22T02:25:00Z,Karup By,2022,2851.3,-0.4
2020-09-22T03:25:00Z,Karup By,2022,2851.4,-0.3
2020-09-22T04:25:00Z,Karup By,2022,2851.5,-0.2
2020-09-22T05:25:00Z,Karup By,2022,2851.4,-0.4
2020-09-22T06:25:00Z,Karup By,2022,2850.7,-1
2020-09-22T07:25:00Z,Karup By,2022,2851,-0.7
2020-09-22T08:25:00Z,Karup By,2022,2851.3,-0.4
2020-09-22T09:25:00Z,Karup By,2022,2849.5,-2.2
2020-09-22T10:25:00Z,Karup By,2022,2848,-3.7
2020-09-22T11:25:00Z,Karup By,2022,2847.9,-3.8
2020-09-22T12:25:00Z,Karup By,2022,2848.5,-3.2
2020-09-22T13:25:00Z,Karup By,2022,2849,-2.7
2020-09-22T14:25:00Z,Karup By,2022,2849.5,-2.2
2020-09-22T15:25:00Z,Karup By,2022,2849.9,-1.8
2020-09-22T16:25:00Z,Karup By,2022,2850.2,-1.5
2020-09-22T17:25:00Z,Karup By,2022,2850.4,-1.3
2020-09-22T18:25:00Z,Karup By,2022,2850.4,-1.3
2020-09-22T19:25:00Z,Karup By,2022,2850.4,-1.3
2020-09-22T20:25:00Z,Karup By,2022,2850.6,-1.1
2020-09-22T21:25:00Z,Karup By,2022,2850.8,-0.9
2020-09-22T22:25:00Z,Karup By,2022,2851,-0.7
2020-09-22T23:25:00Z,Karup By,2022,2851.2,-0.5
2020-09-23T00:25:00Z,Karup By,2022,2851.4,-0.3
2020-09-23T01:25:00Z,Karup By,2022,2851.4,-0.3
2020-09-23T02:25:00Z,Karup By,2022,2851.5,-0.2
2020-09-23T03:25:00Z,Karup By,2022,2851.6,-0.1
2020-09-23T04:25:00Z,Karup By,2022,2851.5,-0.2
2020-09-23T05:25:00Z,Karup By,2022,2851.5,-0.2
2020-09-23T06:25:00Z,Karup By,2022,2851.7,-0
2020-09-23T07:25:00Z,Karup By,2022,2851.6,-0.1
2020-09-23T08:25:00Z,Karup By,2022,2850.6,-1.1
2020-09-23T09:25:00Z,Karup By,2022,2848.5,-3.2
2020-09-23T10:25:00Z,Karup By,2022,2847.9,-3.8
2020-09-23T11:25:00Z,Karup By,2022,2848.3,-3.4
2020-09-23T12:25:00Z,Karup By,2022,2848.7,-3
2020-09-23T13:25:00Z,Karup By,2022,2849.2,-2.5
2020-09-23T14:25:00Z,Karup By,2022,2849.7,-2.1
2020-09-23T15:25:00Z,Karup By,2022,2849.9,-1.8
2020-09-23T16:25:00Z,Karup By,2022,2850.2,-1.5
2020-09-23T17:25:00Z,Karup By,2022,2849.9,-1.8
2020-09-23T18:25:00Z,Karup By,2022,2850.3,-1.4
2020-09-23T19:25:00Z,Karup By,2022,2849.2,-2.5
2020-09-23T20:25:00Z,Karup By,2022,2848.8,-2.9
2020-09-23T21:25:00Z,Karup By,2022,2849.2,-2.5
2020-09-23T22:25:00Z,Karup By,2022,2849.8,-1.9
2020-09-23T23:25:00Z,Karup By,2022,2850.3,-1.4
2020-09-24T00:25:00Z,Karup By,2022,2850.6,-1.2
2020-09-24T01:25:00Z,Karup By,2022,2850.6,-1.2
2020-09-24T02:25:00Z,Karup By,2022,2850.8,-1
2020-09-24T03:25:00Z,Karup By,2022,2850.9,-0.9
2020-09-24T04:25:00Z,Karup By,2022,2851.1,-0.8
2020-09-24T05:25:00Z,Karup By,2022,2851.1,-0.7
2020-09-24T06:25:00Z,Karup By,2022,2851.2,-0.6
2020-09-24T07:25:00Z,Karup By,2022,2851.1,-0.7
2020-09-24T08:25:00Z,Karup By,2022,2850.4,-1.4
2020-09-24T09:25:00Z,Karup By,2022,2849.6,-2.2
2020-09-24T10:25:00Z,Karup By,2022,2849.5,-2.2
2020-09-24T11:25:00Z,Karup By,2022,2849.8,-2
2020-09-24T12:25:00Z,Karup By,2022,2850.2,-1.6
2020-09-24T13:25:00Z,Karup By,2022,2850.6,-1.2
2020-09-24T14:25:00Z,Karup By,2022,2850.8,-1
2020-09-24T15:25:00Z,Karup By,2022,2851,-0.8
2020-09-24T16:25:00Z,Karup By,2022,2851,-0.8
2020-09-24T17:25:00Z,Karup By,2022,2851,-0.8
2020-09-24T18:25:00Z,Karup By,2022,2851,-0.8
2020-09-24T19:25:00Z,Karup By,2022,2849.6,-2.2
2020-09-24T20:25:00Z,Karup By,2022,2849,-2.8
2020-09-24T21:25:00Z,Karup By,2022,2849.2,-2.6
2020-09-24T22:25:00Z,Karup By,2022,2849.6,-2.2
2020-09-24T23:25:00Z,Karup By,2022,2849.9,-1.9
2020-09-25T00:25:00Z,Karup By,2022,2850.2,-1.6
2020-09-25T01:25:00Z,Karup By,2022,2850.5,-1.3
2020-09-25T02:25:00Z,Karup By,2022,2850.7,-1.1
2020-09-25T03:25:00Z,Karup By,2022,2850.9,-0.9
2020-09-25T04:25:00Z,Karup By,2022,2851.2,-0.7
2020-09-25T05:25:00Z,Karup By,2022,2851.1,-0.7
2020-09-25T06:25:00Z,Karup By,2022,2851.2,-0.6
2020-09-25T07:25:00Z,Karup By,2022,2850.9,-0.9
2020-09-25T08:25:00Z,Karup By,2022,2850.2,-1.6
2020-09-25T09:25:00Z,Karup By,2022,2848.7,-3
2020-09-25T10:25:00Z,Karup By,2022,2848.2,-3.6
2020-09-25T11:25:00Z,Karup By,2022,2848.5,-3.3
2020-09-25T12:25:00Z,Karup By,2022,2849.1,-2.8
2020-09-25T13:25:00Z,Karup By,2022,2849.5,-2.3
2020-09-25T14:25:00Z,Karup By,2022,2849.9,-1.9
2020-09-25T15:25:00Z,Karup By,2022,2850.5,-1.4
2020-09-25T16:25:00Z,Karup By,2022,2851.3,-0.5
2020-09-25T17:25:00Z,Karup By,2022,2851.5,-0.3
2020-09-25T18:25:00Z,Karup By,2022,2851.7,-0.1
2020-09-25T19:25:00Z,Karup By,2022,2850.7,-1.1
2020-09-25T20:25:00Z,Karup By,2022,2850.1,-1.7
2020-09-25T21:25:00Z,Karup By,2022,2850.2,-1.6
2020-09-25T22:25:00Z,Karup By,2022,2850.8,-1
2020-09-25T23:25:00Z,Karup By,2022,2851.2,-0.6
2020-09-26T00:25:00Z,Karup By,2022,2851.5,-0.2
2020-09-26T01:25:00Z,Karup By,2022,2851.9,0.1
2020-09-26T02:25:00Z,Karup By,2022,2852.2,0.4
2020-09-26T03:25:00Z,Karup By,2022,2852.4,0.6
2020-09-26T04:25:00Z,Karup By,2022,2852.7,0.9
2020-09-26T05:25:00Z,Karup By,2022,2853.1,1.3
2020-09-26T06:25:00Z,Karup By,2022,2853.1,1.4
2020-09-26T07:25:00Z,Karup By,2022,2851.8,0
2020-09-26T08:25:00Z,Karup By,2022,2851.2,-0.6
2020-09-26T09:25:00Z,Karup By,2022,2851.9,0.1
2020-09-26T10:25:00Z,Karup By,2022,2852.8,1
2020-09-26T11:25:00Z,Karup By,2022,2853.7,1.9
2020-09-26T12:25:00Z,Karup By,2022,2854.6,2.8
2020-09-26T13:25:00Z,Karup By,2022,2855.5,3.7
2020-09-11T00:25:00Z,Karup By,2023,2870.5,19.5
2020-09-11T01:25:00Z,Karup By,2023,2870.6,19.6
2020-09-11T02:25:00Z,Karup By,2023,2870.5,19.5
2020-09-11T03:25:00Z,Karup By,2023,2870.1,19
2020-09-11T04:25:00Z,Karup By,2023,2869.1,18
2020-09-11T05:25:00Z,Karup By,2023,2868.4,17.3
2020-09-11T06:25:00Z,Karup By,2023,2868,17
2020-09-11T07:25:00Z,Karup By,2023,2867.5,16.5
2020-09-11T08:25:00Z,Karup By,2023,2865.7,14.7
2020-09-11T09:25:00Z,Karup By,2023,2864.9,13.9
2020-09-11T10:25:00Z,Karup By,2023,2864.6,13.6
2020-09-11T11:25:00Z,Karup By,2023,2865.5,14.5
2020-09-11T12:25:00Z,Karup By,2023,2866.6,15.6
2020-09-11T13:25:00Z,Karup By,2023,2867.4,16.4
2020-09-11T14:25:00Z,Karup By,2023,2869,18
2020-09-11T15:25:00Z,Karup By,2023,2870.3,19.3
2020-09-11T16:25:00Z,Karup By,2023,2869.4,18.4
2020-09-11T17:25:00Z,Karup By,2023,2868.6,17.6
2020-09-11T18:25:00Z,Karup By,2023,2868.1,17.1
2020-09-11T19:25:00Z,Karup By,2023,2867.6,16.6
2020-09-11T20:25:00Z,Karup By,2023,2866.6,15.7
2020-09-11T21:25:00Z,Karup By,2023,2865.9,14.9
2020-09-11T22:25:00Z,Karup By,2023,2865.4,14.4
2020-09-11T23:25:00Z,Karup By,2023,2865.1,14.1
2020-09-12T00:25:00Z,Karup By,2023,2865,13.9
2020-09-12T01:25:00Z,Karup By,2023,2865,13.9
2020-09-12T02:25:00Z,Karup By,2023,2864.9,13.9
2020-09-12T03:25:00Z,Karup By,2023,2864.9,13.8
2020-09-12T04:25:00Z,Karup By,2023,2864.8,13.7
2020-09-12T05:25:00Z,Karup By,2023,2864.7,13.6
2020-09-12T06:25:00Z,Karup By,2023,2864.5,13.4
2020-09-12T07:25:00Z,Karup By,2023,2864.3,13.2
2020-09-12T08:25:00Z,Karup By,2023,2864.5,13.4
2020-09-12T09:25:00Z,Karup By,2023,2864.9,13.8
2020-09-12T10:25:00Z,Karup By,2023,2865.4,14.3
2020-09-12T11:25:00Z,Karup By,2023,2865.9,14.8
2020-09-12T12:25:00Z,Karup By,2023,2866.8,15.7
2020-09-12T13:25:00Z,Karup By,2023,2867,15.9
2020-09-12T14:25:00Z,Karup By,2023,2866.6,15.5
2020-09-12T15:25:00Z,Karup By,2023,2866.2,15.1
2020-09-12T16:25:00Z,Karup By,2023,2866,14.9
2020-09-12T17:25:00Z,Karup By,2023,2865.8,14.7
2020-09-12T18:25:00Z,Karup By,2023,2865.7,14.6
2020-09-12T19:25:00Z,Karup By,2023,2865.7,14.6
2020-09-12T20:25:00Z,Karup By,2023,2865.5,14.4
2020-09-12T21:25:00Z,Karup By,2023,2865.4,14.3
2020-09-12T22:25:00Z,Karup By,2023,2865.3,14.1
2020-09-12T23:25:00Z,Karup By,2023,2865.1,14
2020-09-13T00:25:00Z,Karup By,2023,2864.8,13.7
2020-09-13T01:25:00Z,Karup By,2023,2864.9,13.7
2020-09-13T02:25:00Z,Karup By,2023,2864.8,13.6
2020-09-13T03:25:00Z,Karup By,2023,2864.8,13.6
2020-09-13T04:25:00Z,Karup By,2023,2864.7,13.5
2020-09-13T05:25:00Z,Karup By,2023,2864.7,13.5
2020-09-13T06:25:00Z,Karup By,2023,2864.6,13.4
2020-09-13T07:25:00Z,Karup By,2023,2864.5,13.3
2020-09-13T08:25:00Z,Karup By,2023,2864.6,13.4
2020-09-13T09:25:00Z,Karup By,2023,2864.8,13.6
2020-09-13T10:25:00Z,Karup By,2023,2865,13.9
2020-09-13T11:25:00Z,Karup By,2023,2864.7,13.5
2020-09-13T12:25:00Z,Karup By,2023,2864.3,13.1
2020-09-13T13:25:00Z,Karup By,2023,2864.1,12.9
2020-09-13T14:25:00Z,Karup By,2023,2864.2,13
2020-09-13T15:25:00Z,Karup By,2023,2864.5,13.3
2020-09-13T16:25:00Z,Karup By,2023,2864.7,13.5
2020-09-13T17:25:00Z,Karup By,2023,2864.5,13.3
2020-09-13T18:25:00Z,Karup By,2023,2864.3,13.1
2020-09-13T19:25:00Z,Karup By,2023,2864.4,13.1
2020-09-13T20:25:00Z,Karup By,2023,2864.3,13.1
2020-09-13T21:25:00Z,Karup By,2023,2864,12.8
2020-09-13T22:25:00Z,Karup By,2023,2863.7,12.5
2020-09-13T23:25:00Z,Karup By,2023,2863.5,12.3
2020-09-14T00:25:00Z,Karup By,2023,2863.4,12.2
2020-09-14T01:25:00Z,Karup By,2023,2863.3,12
2020-09-14T02:25:00Z,Karup By,2023,2863.2,12
2020-09-14T03:25:00Z,Karup By,2023,2863.2,12
2020-09-14T04:25:00Z,Karup By,2023,2863.2,12
2020-09-14T05:25:00Z,Karup By,2023,2863.1,11.9
2020-09-14T06:25:00Z,Karup By,2023,2863.1,11.9
2020-09-14T07:25:00Z,Karup By,2023,2863.1,11.9
2020-09-14T08:25:00Z,Karup By,2023,2863.2,12
2020-09-14T09:25:00Z,Karup By,2023,2863.5,12.2
2020-09-14T10:25:00Z,Karup By,2023,2863.6,12.4
2020-09-14T11:25:00Z,Karup By,2023,2863.5,12.3
2020-09-14T12:25:00Z,Karup By,2023,2863.4,12.2
2020-09-14T13:25:00Z,Karup By,2023,2863.4,12.2
2020-09-14T14:25:00Z,Karup By,2023,2863.3,12.1
2020-09-14T15:25:00Z,Karup By,2023,2863.2,12
2020-09-14T16:25:00Z,Karup By,2023,2863.1,11.9
2020-09-14T17:25:00Z,Karup By,2023,2863.1,11.9
2020-09-14T18:25:00Z,Karup By,2023,2863.1,11.9
2020-09-14T19:25:00Z,Karup By,2023,2863.1,11.9
2020-09-14T20:25:00Z,Karup By,2023,2863,11.8
2020-09-14T21:25:00Z,Karup By,2023,2863,11.8
2020-09-14T22:25:00Z,Karup By,2023,2862.9,11.7
2020-09-14T23:25:00Z,Karup By,2023,2862.8,11.6
2020-09-15T00:25:00Z,Karup By,2023,2862.7,11.4
2020-09-15T01:25:00Z,Karup By,2023,2862.7,11.4
2020-09-15T02:25:00Z,Karup By,2023,2862.7,11.5
2020-09-15T03:25:00Z,Karup By,2023,2862.8,11.5
2020-09-15T04:25:00Z,Karup By,2023,2862.8,11.5
2020-09-15T05:25:00Z,Karup By,2023,2862.8,11.5
2020-09-15T06:25:00Z,Karup By,2023,2862.9,11.6
2020-09-15T07:25:00Z,Karup By,2023,2862.9,11.6
2020-09-15T08:25:00Z,Karup By,2023,2862.8,11.5
2020-09-15T09:25:00Z,Karup By,2023,2862.8,11.5
2020-09-15T10:25:00Z,Karup By,2023,2862.8,11.5
2020-09-15T11:25:00Z,Karup By,2023,2862.7,11.4
2020-09-15T12:25:00Z,Karup By,2023,2862.6,11.3
2020-09-15T13:25:00Z,Karup By,2023,2862.6,11.3
2020-09-15T14:25:00Z,Karup By,2023,2862.5,11.2
2020-09-15T15:25:00Z,Karup By,2023,2862.4,11
2020-09-15T16:25:00Z,Karup By,2023,2862.3,11
2020-09-15T17:25:00Z,Karup By,2023,2862.4,11.1
2020-09-15T18:25:00Z,Karup By,2023,2862.6,11.3
2020-09-15T19:25:00Z,Karup By,2023,2863,11.7
2020-09-15T20:25:00Z,Karup By,2023,2863.2,11.9
2020-09-15T21:25:00Z,Karup By,2023,2863,11.7
2020-09-15T22:25:00Z,Karup By,2023,2862.5,11.2
2020-09-15T23:25:00Z,Karup By,2023,2862.1,10.8
2020-09-16T00:25:00Z,Karup By,2023,2862,10.6
2020-09-16T01:25:00Z,Karup By,2023,2862.1,10.7
2020-09-16T02:25:00Z,Karup By,2023,2862.1,10.7
2020-09-16T03:25:00Z,Karup By,2023,2862.1,10.7
2020-09-16T04:25:00Z,Karup By,2023,2862.2,10.8
2020-09-16T05:25:00Z,Karup By,2023,2862.2,10.8
2020-09-16T06:25:00Z,Karup By,2023,2862.3,10.9
2020-09-16T07:25:00Z,Karup By,2023,2862.2,10.8
2020-09-16T08:25:00Z,Karup By,2023,2862.3,10.9
2020-09-16T09:25:00Z,Karup By,2023,2862.2,10.8
2020-09-16T10:25:00Z,Karup By,2023,2862.2,10.8
2020-09-16T11:25:00Z,Karup By,2023,2862.2,10.8
2020-09-16T12:25:00Z,Karup By,2023,2862.3,10.9
2020-09-16T13:25:00Z,Karup By,2023,2862.3,10.9
2020-09-16T14:25:00Z,Karup By,2023,2862.4,11
2020-09-16T15:25:00Z,Karup By,2023,2862.4,10.9
2020-09-16T16:25:00Z,Karup By,2023,2862.3,10.9
2020-09-16T17:25:00Z,Karup By,2023,2862.1,10.8
2020-09-16T18:25:00Z,Karup By,2023,2862.1,10.7
2020-09-16T19:25:00Z,Karup By,2023,2862.2,10.8
2020-09-16T20:25:00Z,Karup By,2023,2862.2,10.8
2020-09-16T21:25:00Z,Karup By,2023,2862.1,10.6
2020-09-16T22:25:00Z,Karup By,2023,2862,10.6
2020-09-16T23:25:00Z,Karup By,2023,2862,10.6
2020-09-17T00:25:00Z,Karup By,2023,2862,10.5
2020-09-17T01:25:00Z,Karup By,2023,2862.1,10.6
2020-09-17T02:25:00Z,Karup By,2023,2862.2,10.7
2020-09-17T03:25:00Z,Karup By,2023,2862.2,10.8
2020-09-17T04:25:00Z,Karup By,2023,2862.2,10.7
2020-09-17T05:25:00Z,Karup By,2023,2862.2,10.7
2020-09-17T06:25:00Z,Karup By,2023,2862.3,10.7
2020-09-17T07:25:00Z,Karup By,2023,2862.3,10.8
2020-09-17T08:25:00Z,Karup By,2023,2862.3,10.8
2020-09-17T09:25:00Z,Karup By,2023,2862.2,10.7
2020-09-17T10:25:00Z,Karup By,2023,2862.2,10.7
2020-09-17T11:25:00Z,Karup By,2023,2862.2,10.7
2020-09-17T12:25:00Z,Karup By,2023,2862.3,10.8
2020-09-17T13:25:00Z,Karup By,2023,2862.4,10.8
2020-09-17T14:25:00Z,Karup By,2023,2862.5,11.1
2020-09-17T15:25:00Z,Karup By,2023,2862.6,11.1
2020-09-17T16:25:00Z,Karup By,2023,2862.6,11.1
2020-09-17T17:25:00Z,Karup By,2023,2862.6,11.1
2020-09-17T18:25:00Z,Karup By,2023,2862.5,11
2020-09-17T19:25:00Z,Karup By,2023,2862.3,10.8
2020-09-17T20:25:00Z,Karup By,2023,2862.1,10.5
2020-09-17T21:25:00Z,Karup By,2023,2861.9,10.4
2020-09-17T22:25:00Z,Karup By,2023,2861.9,10.4
2020-09-17T23:25:00Z,Karup By,2023,2861.9,10.4
2020-09-18T00:25:00Z,Karup By,2023,2862.1,10.7
2020-09-18T01:25:00Z,Karup By,2023,2862.4,10.9
2020-09-18T02:25:00Z,Karup By,2023,2862.6,11.1
2020-09-18T03:25:00Z,Karup By,2023,2862.6,11.1
2020-09-18T04:25:00Z,Karup By,2023,2862.7,11.2
2020-09-18T05:25:00Z,Karup By,2023,2862.7,11.2
2020-09-18T06:25:00Z,Karup By,2023,2862.8,11.2
2020-09-18T07:25:00Z,Karup By,2023,2862.9,11.4
2020-09-18T08:25:00Z,Karup By,2023,2862.7,11.2
2020-09-18T09:25:00Z,Karup By,2023,2862.8,11.3
2020-09-18T10:25:00Z,Karup By,2023,2863,11.5
2020-09-18T11:25:00Z,Karup By,2023,2863,11.5
2020-09-18T12:25:00Z,Karup By,2023,2863.1,11.6
2020-09-18T13:25:00Z,Karup By,2023,2863.5,12
2020-09-18T14:25:00Z,Karup By,2023,2864.9,13.4
2020-09-18T15:25:00Z,Karup By,2023,2865.4,13.9
2020-09-18T16:25:00Z,Karup By,2023,2865.5,14
2020-09-18T17:25:00Z,Karup By,2023,2865.8,14.3
2020-09-18T18:25:00Z,Karup By,2023,2866.2,14.7
2020-09-18T19:25:00Z,Karup By,2023,2866.4,14.9
2020-09-18T20:25:00Z,Karup By,2023,2866.5,15
2020-09-18T21:25:00Z,Karup By,2023,2866.5,15
2020-09-18T22:25:00Z,Karup By,2023,2866.3,14.8
2020-09-18T23:25:00Z,Karup By,2023,2866.2,14.7
2020-09-19T00:25:00Z,Karup By,2023,2866,14.4
2020-09-19T01:25:00Z,Karup By,2023,2866,14.4
2020-09-19T02:25:00Z,Karup By,2023,2866.1,14.5
2020-09-19T03:25:00Z,Karup By,2023,2866.3,14.7
2020-09-19T04:25:00Z,Karup By,2023,2866.4,14.8
2020-09-19T05:25:00Z,Karup By,2023,2866.8,15.2
2020-09-19T06:25:00Z,Karup By,2023,2867,15.4
2020-09-19T07:25:00Z,Karup By,2023,2867,15.4
2020-09-19T08:25:00Z,Karup By,2023,2867.2,15.6
2020-09-19T09:25:00Z,Karup By,2023,2867.6,16
2020-09-19T10:25:00Z,Karup By,2023,2867.9,16.2
2020-09-19T11:25:00Z,Karup By,2023,2869.1,17.5
2020-09-19T12:25:00Z,Karup By,2023,2871.4,19.8
2020-09-19T13:25:00Z,Karup By,2023,2873.3,21.7
2020-09-19T14:25:00Z,Karup By,2023,2874.3,22.7
2020-09-19T15:25:00Z,Karup By,2023,2875.9,24.3
2020-09-19T16:25:00Z,Karup By,2023,2877.3,25.8
2020-09-19T17:25:00Z,Karup By,2023,2878.9,27.3
2020-09-19T18:25:00Z,Karup By,2023,2879.6,28
2020-09-19T19:25:00Z,Karup By,2023,2880.6,29
2020-09-19T20:25:00Z,Karup By,2023,2880.5,28.9
2020-09-19T21:25:00Z,Karup By,2023,2880.4,28.8
2020-09-19T22:25:00Z,Karup By,2023,2880.8,29.2
2020-09-19T23:25:00Z,Karup By,2023,2881.5,29.9
2020-09-20T00:25:00Z,Karup By,2023,2881.6,30
2020-09-20T01:25:00Z,Karup By,2023,2881.7,30.1
2020-09-20T02:25:00Z,Karup By,2023,2881.4,29.8
2020-09-20T03:25:00Z,Karup By,2023,2881.3,29.7
2020-09-20T04:25:00Z,Karup By,2023,2881.1,29.5
2020-09-20T05:25:00Z,Karup By,2023,2880.9,29.3
2020-09-20T06:25:00Z,Karup By,2023,2880.8,29.2
2020-09-20T07:25:00Z,Karup By,2023,2880.4,28.8
2020-09-20T08:25:00Z,Karup By,2023,2880,28.3
2020-09-20T09:25:00Z,Karup By,2023,2879.6,28
2020-09-20T10:25:00Z,Karup By,2023,2879.2,27.6
2020-09-20T11:25:00Z,Karup By,2023,2878.8,27.2
2020-09-20T12:25:00Z,Karup By,2023,2878.5,26.9
2020-09-20T13:25:00Z,Karup By,2023,2878.3,26.7
2020-09-20T14:25:00Z,Karup By,2023,2878,26.4
2020-09-20T15:25:00Z,Karup By,2023,2877.7,26.2
2020-09-20T16:25:00Z,Karup By,2023,2877.6,26
2020-09-20T17:25:00Z,Karup By,2023,2877.3,25.7
2020-09-20T18:25:00Z,Karup By,2023,2877.1,25.5
2020-09-20T19:25:00Z,Karup By,2023,2876.5,24.9
2020-09-20T20:25:00Z,Karup By,2023,2876.1,24.5
2020-09-20T21:25:00Z,Karup By,2023,2875.3,23.7
2020-09-20T22:25:00Z,Karup By,2023,2874.6,23
2020-09-20T23:25:00Z,Karup By,2023,2874.3,22.7
2020-09-21T00:25:00Z,Karup By,2023,2874.3,22.7
2020-09-21T01:25:00Z,Karup By,2023,2874.4,22.7
2020-09-21T02:25:00Z,Karup By,2023,2874.7,23
2020-09-21T03:25:00Z,Karup By,2023,2874.9,23.2
2020-09-21T04:25:00Z,Karup By,2023,2875.3,23.6
2020-09-21T05:25:00Z,Karup By,2023,2875.7,24
2020-09-21T06:25:00Z,Karup By,2023,2876.2,24.5
2020-09-21T07:25:00Z,Karup By,2023,2876.6,24.9
2020-09-21T08:25:00Z,Karup By,2023,2876.9,25.2
2020-09-21T09:25:00Z,Karup By,2023,2877,25.3
2020-09-21T10:25:00Z,Karup By,2023,2876.9,25.2
2020-09-21T11:25:00Z,Karup By,2023,2877,25.3
2020-09-21T12:25:00Z,Karup By,2023,2877.1,25.4
2020-09-21T13:25:00Z,Karup By,2023,2877.1,25.4
2020-09-21T14:25:00Z,Karup By,2023,2877.4,25.7
2020-09-21T15:25:00Z,Karup By,2023,2877.7,26
2020-09-21T16:25:00Z,Karup By,2023,2877.8,26.2
2020-09-21T17:25:00Z,Karup By,2023,2880.2,28.5
2020-09-21T18:25:00Z,Karup By,2023,2884.5,32.9
2020-09-21T19:25:00Z,Karup By,2023,2886.3,34.6
2020-09-21T20:25:00Z,Karup By,2023,2887.5,35.8
2020-09-21T21:25:00Z,Karup By,2023,2888,36.3
2020-09-21T22:25:00Z,Karup By,2023,2889.5,37.8
2020-09-21T23:25:00Z,Karup By,2023,2890.9,39.2
2020-09-22T00:25:00Z,Karup By,2023,2890.6,38.9
2020-09-22T01:25:00Z,Karup By,2023,2890.9,39.3
2020-09-22T02:25:00Z,Karup By,2023,2892,40.4
2020-09-22T03:25:00Z,Karup By,2023,2892.4,40.7
2020-09-22T04:25:00Z,Karup By,2023,2893.1,41.4
2020-09-22T05:25:00Z,Karup By,2023,2893.5,41.8
2020-09-22T06:25:00Z,Karup By,2023,2894,42.3
2020-09-22T07:25:00Z,Karup By,2023,2894.6,42.9
2020-09-22T08:25:00Z,Karup By,2023,2894.9,43.2
2020-09-22T09:25:00Z,Karup By,2023,2894.7,43
2020-09-22T10:25:00Z,Karup By,2023,2894.3,42.6
2020-09-22T11:25:00Z,Karup By,2023,2893.4,41.8
2020-09-22T12:25:00Z,Karup By,2023,2892.6,40.9
2020-09-22T13:25:00Z,Karup By,2023,2891.5,39.8
2020-09-22T14:25:00Z,Karup By,2023,2890.4,38.7
2020-09-22T15:25:00Z,Karup By,2023,2889.5,37.8
2020-09-22T16:25:00Z,Karup By,2023,2888.8,37.1
2020-09-22T17:25:00Z,Karup By,2023,2888.2,36.5
2020-09-22T18:25:00Z,Karup By,2023,2887.7,36
2020-09-22T19:25:00Z,Karup By,2023,2887.3,35.6
2020-09-22T20:25:00Z,Karup By,2023,2886.8,35.1
2020-09-22T21:25:00Z,Karup By,2023,2886.2,34.5
2020-09-22T22:25:00Z,Karup By,2023,2886,34.3
2020-09-22T23:25:00Z,Karup By,2023,2885.6,34
2020-09-23T00:25:00Z,Karup By,2023,2885.3,33.6
2020-09-23T01:25:00Z,Karup By,2023,2884.9,33.2
2020-09-23T02:25:00Z,Karup By,2023,2884.6,32.9
2020-09-23T03:25:00Z,Karup By,2023,2884.4,32.7
2020-09-23T04:25:00Z,Karup By,2023,2884.3,32.6
2020-09-23T05:25:00Z,Karup By,2023,2884.4,32.7
2020-09-23T06:25:00Z,Karup By,2023,2884.5,32.8
2020-09-23T07:25:00Z,Karup By,2023,2884.3,32.6
2020-09-23T08:25:00Z,Karup By,2023,2884.3,32.6
2020-09-23T09:25:00Z,Karup By,2023,2884,32.3
2020-09-23T10:25:00Z,Karup By,2023,2883.6,31.9
2020-09-23T11:25:00Z,Karup By,2023,2883.1,31.4
2020-09-23T12:25:00Z,Karup By,2023,2882.7,31
2020-09-23T13:25:00Z,Karup By,2023,2882.4,30.7
2020-09-23T14:25:00Z,Karup By,2023,2882.4,30.7
2020-09-23T15:25:00Z,Karup By,2023,2882.5,30.8
2020-09-23T16:25:00Z,Karup By,2023,2882.5,30.8
2020-09-23T17:25:00Z,Karup By,2023,2882.4,30.7
2020-09-23T18:25:00Z,Karup By,2023,2882.3,30.6
2020-09-23T19:25:00Z,Karup By,2023,2882.2,30.5
2020-09-23T20:25:00Z,Karup By,2023,2881.9,30.2
2020-09-23T21:25:00Z,Karup By,2023,2881.6,29.9
2020-09-23T22:25:00Z,Karup By,2023,2881.5,29.8
2020-09-23T23:25:00Z,Karup By,2023,2881.2,29.4
2020-09-24T00:25:00Z,Karup By,2023,2880.9,29.1
2020-09-24T01:25:00Z,Karup By,2023,2880.8,29
2020-09-24T02:25:00Z,Karup By,2023,2880.5,28.7
2020-09-24T03:25:00Z,Karup By,2023,2880.5,28.7
2020-09-24T04:25:00Z,Karup By,2023,2880.4,28.6
2020-09-24T05:25:00Z,Karup By,2023,2880.2,28.4
2020-09-24T06:25:00Z,Karup By,2023,2880.1,28.3
2020-09-24T07:25:00Z,Karup By,2023,2880.1,28.3
2020-09-24T08:25:00Z,Karup By,2023,2880.2,28.4
2020-09-24T09:25:00Z,Karup By,2023,2880.1,28.3
2020-09-24T10:25:00Z,Karup By,2023,2879.8,28
2020-09-24T11:25:00Z,Karup By,2023,2879.4,27.6
2020-09-24T12:25:00Z,Karup By,2023,2879,27.2
2020-09-24T13:25:00Z,Karup By,2023,2878.7,26.9
2020-09-24T14:25:00Z,Karup By,2023,2878.4,26.6
2020-09-24T15:25:00Z,Karup By,2023,2878.2,26.4
2020-09-24T16:25:00Z,Karup By,2023,2878,26.2
2020-09-24T17:25:00Z,Karup By,2023,2877.9,26.1
2020-09-24T18:25:00Z,Karup By,2023,2877.9,26.1
2020-09-24T19:25:00Z,Karup By,2023,2877.7,25.9
2020-09-24T20:25:00Z,Karup By,2023,2877.4,25.6
2020-09-24T21:25:00Z,Karup By,2023,2877,25.2
2020-09-24T22:25:00Z,Karup By,2023,2876.6,24.8
2020-09-24T23:25:00Z,Karup By,2023,2876.4,24.6
2020-09-25T00:25:00Z,Karup By,2023,2876.1,24.3
2020-09-25T01:25:00Z,Karup By,2023,2876.1,24.3
2020-09-25T02:25:00Z,Karup By,2023,2875.9,24.1
2020-09-25T03:25:00Z,Karup By,2023,2875.7,24
2020-09-25T04:25:00Z,Karup By,2023,2875.6,23.8
2020-09-25T05:25:00Z,Karup By,2023,2875.4,23.6
2020-09-25T06:25:00Z,Karup By,2023,2875.3,23.5
2020-09-25T07:25:00Z,Karup By,2023,2875.3,23.5
2020-09-25T08:25:00Z,Karup By,2023,2875,23.2
2020-09-25T09:25:00Z,Karup By,2023,2874.7,22.9
2020-09-25T10:25:00Z,Karup By,2023,2874.5,22.7
2020-09-25T11:25:00Z,Karup By,2023,2874.1,22.3
2020-09-25T12:25:00Z,Karup By,2023,2873.7,21.9
2020-09-25T13:25:00Z,Karup By,2023,2873.4,21.6
2020-09-25T14:25:00Z,Karup By,2023,2873.3,21.5
2020-09-25T15:25:00Z,Karup By,2023,2873.2,21.4
2020-09-25T16:25:00Z,Karup By,2023,2873.1,21.3
2020-09-25T17:25:00Z,Karup By,2023,2873,21.2
2020-09-25T18:25:00Z,Karup By,2023,2872.9,21.1
2020-09-25T19:25:00Z,Karup By,2023,2872.7,20.9
2020-09-25T20:25:00Z,Karup By,2023,2872.6,20.8
2020-09-25T21:25:00Z,Karup By,2023,2872.4,20.6
2020-09-25T22:25:00Z,Karup By,2023,2872.1,20.4
2020-09-25T23:25:00Z,Karup By,2023,2872,20.2
2020-09-26T00:25:00Z,Karup By,2023,2871.8,20
2020-09-26T01:25:00Z,Karup By,2023,2871.7,19.9
2020-09-26T02:25:00Z,Karup By,2023,2871.7,19.9
2020-09-26T03:25:00Z,Karup By,2023,2871.6,19.8
2020-09-26T04:25:00Z,Karup By,2023,2871.4,19.6
2020-09-26T05:25:00Z,Karup By,2023,2871.4,19.6
2020-09-26T06:25:00Z,Karup By,2023,2871.3,19.5
2020-09-26T07:25:00Z,Karup By,2023,2871.2,19.4
2020-09-26T08:25:00Z,Karup By,2023,2870.9,19.1
2020-09-26T09:25:00Z,Karup By,2023,2870.6,18.8
2020-09-26T10:25:00Z,Karup By,2023,2870.4,18.6
2020-09-26T11:25:00Z,Karup By,2023,2870.3,18.5
2020-09-26T12:25:00Z,Karup By,2023,2870.3,18.5
2020-09-26T13:25:00Z,Karup By,2023,2870.2,18.4
2020-09-11T00:25:00Z,Karup By,2024,2847.3,-3.8
2020-09-11T01:25:00Z,Karup By,2024,2847.2,-3.9
2020-09-11T02:25:00Z,Karup By,2024,2847.4,-3.7
2020-09-11T03:25:00Z,Karup By,2024,2847.1,-4
2020-09-11T04:25:00Z,Karup By,2024,2846.5,-4.6
2020-09-11T05:25:00Z,Karup By,2024,2846.4,-4.7
2020-09-11T06:25:00Z,Karup By,2024,2846.6,-4.5
2020-09-11T07:25:00Z,Karup By,2024,2845.9,-5.1
2020-09-11T08:25:00Z,Karup By,2024,2845.4,-5.7
2020-09-11T09:25:00Z,Karup By,2024,2845.6,-5.5
2020-09-11T10:25:00Z,Karup By,2024,2846.1,-5
2020-09-11T11:25:00Z,Karup By,2024,2845.6,-5.5
2020-09-11T12:25:00Z,Karup By,2024,2845.9,-5.2
2020-09-11T13:25:00Z,Karup By,2024,2845.8,-5.3
2020-09-11T14:25:00Z,Karup By,2024,2846.2,-4.9
2020-09-11T15:25:00Z,Karup By,2024,2847,-4.1
2020-09-11T16:25:00Z,Karup By,2024,2847.3,-3.8
2020-09-11T17:25:00Z,Karup By,2024,2848,-3.1
2020-09-11T18:25:00Z,Karup By,2024,2847.6,-3.5
2020-09-11T19:25:00Z,Karup By,2024,2847.9,-3.2
2020-09-11T20:25:00Z,Karup By,2024,2847.9,-3.2
2020-09-11T21:25:00Z,Karup By,2024,2848,-3
2020-09-11T22:25:00Z,Karup By,2024,2846.2,-4.9
2020-09-11T23:25:00Z,Karup By,2024,2844.5,-6.6
2020-09-12T00:25:00Z,Karup By,2024,2843.8,-7.4
2020-09-12T01:25:00Z,Karup By,2024,2843.6,-7.6
2020-09-12T02:25:00Z,Karup By,2024,2844.3,-6.9
2020-09-12T03:25:00Z,Karup By,2024,2844.3,-7
2020-09-12T04:25:00Z,Karup By,2024,2844.6,-6.6
2020-09-12T05:25:00Z,Karup By,2024,2845,-6.2
2020-09-12T06:25:00Z,Karup By,2024,2845.1,-6.1
2020-09-12T07:25:00Z,Karup By,2024,2844,-7.2
2020-09-12T08:25:00Z,Karup By,2024,2843.5,-7.7
2020-09-12T09:25:00Z,Karup By,2024,2844,-7.2
2020-09-12T10:25:00Z,Karup By,2024,2844.5,-6.7
2020-09-12T11:25:00Z,Karup By,2024,2844.7,-6.6
2020-09-12T12:25:00Z,Karup By,2024,2844.2,-7
2020-09-12T13:25:00Z,Karup By,2024,2843.6,-7.6
2020-09-12T14:25:00Z,Karup By,2024,2843.1,-8.1
2020-09-12T15:25:00Z,Karup By,2024,2843.3,-7.9
2020-09-12T16:25:00Z,Karup By,2024,2843.5,-7.7
2020-09-12T17:25:00Z,Karup By,2024,2843.4,-7.8
2020-09-12T18:25:00Z,Karup By,2024,2843.6,-7.6
2020-09-12T19:25:00Z,Karup By,2024,2843,-8.2
2020-09-12T20:25:00Z,Karup By,2024,2843.3,-7.9
2020-09-12T21:25:00Z,Karup By,2024,2842.7,-8.5
2020-09-12T22:25:00Z,Karup By,2024,2843,-8.2
2020-09-12T23:25:00Z,Karup By,2024,2843.2,-8
2020-09-13T00:25:00Z,Karup By,2024,2843.1,-8.1
2020-09-13T01:25:00Z,Karup By,2024,2843,-8.2
2020-09-13T02:25:00Z,Karup By,2024,2843.2,-8
2020-09-13T03:25:00Z,Karup By,2024,2843.1,-8.1
2020-09-13T04:25:00Z,Karup By,2024,2842.7,-8.5
2020-09-13T05:25:00Z,Karup By,2024,2843,-8.2
2020-09-13T06:25:00Z,Karup By,2024,2842.8,-8.4
2020-09-13T07:25:00Z,Karup By,2024,2843,-8.2
2020-09-13T08:25:00Z,Karup By,2024,2842.6,-8.6
2020-09-13T09:25:00Z,Karup By,2024,2842.1,-9.1
2020-09-13T10:25:00Z,Karup By,2024,2842.2,-9
2020-09-13T11:25:00Z,Karup By,2024,2842.2,-9
2020-09-13T12:25:00Z,Karup By,2024,2842.3,-8.9
2020-09-13T13:25:00Z,Karup By,2024,2842.1,-9.1
2020-09-13T14:25:00Z,Karup By,2024,2842,-9.2
2020-09-13T15:25:00Z,Karup By,2024,2842.4,-8.8
2020-09-13T16:25:00Z,Karup By,2024,2842.2,-8.9
2020-09-13T17:25:00Z,Karup By,2024,2841.6,-9.6
2020-09-13T18:25:00Z,Karup By,2024,2841.6,-9.6
2020-09-13T19:25:00Z,Karup By,2024,2841.7,-9.5
2020-09-13T20:25:00Z,Karup By,2024,2841.5,-9.7
2020-09-13T21:25:00Z,Karup By,2024,2841.6,-9.7
2020-09-13T22:25:00Z,Karup By,2024,2841.9,-9.3
2020-09-13T23:25:00Z,Karup By,2024,2841.9,-9.3
2020-09-14T00:25:00Z,Karup By,2024,2842,-9.3
2020-09-14T01:25:00Z,Karup By,2024,2842.2,-9.1
2020-09-14T02:25:00Z,Karup By,2024,2842.2,-9.1
2020-09-14T03:25:00Z,Karup By,2024,2842,-9.3
2020-09-14T04:25:00Z,Karup By,2024,2842.2,-9.1
2020-09-14T05:25:00Z,Karup By,2024,2841.9,-9.4
2020-09-14T06:25:00Z,Karup By,2024,2841.9,-9.4
2020-09-14T07:25:00Z,Karup By,2024,2841.9,-9.4
2020-09-14T08:25:00Z,Karup By,2024,2841.7,-9.6
2020-09-14T09:25:00Z,Karup By,2024,2841.6,-9.7
2020-09-14T10:25:00Z,Karup By,2024,2841.2,-10.1
2020-09-14T11:25:00Z,Karup By,2024,2841.2,-10.1
2020-09-14T12:25:00Z,Karup By,2024,2841.5,-9.8
2020-09-14T13:25:00Z,Karup By,2024,2841.3,-10
2020-09-14T14:25:00Z,Karup By,2024,2841.5,-9.8
2020-09-14T15:25:00Z,Karup By,2024,2841.4,-9.9
2020-09-14T16:25:00Z,Karup By,2024,2841.7,-9.6
2020-09-14T17:25:00Z,Karup By,2024,2841.1,-10.2
2020-09-14T18:25:00Z,Karup By,2024,2841.4,-9.9
2020-09-14T19:25:00Z,Karup By,2024,2841.2,-10.1
2020-09-14T20:25:00Z,Karup By,2024,2840.7,-10.6
2020-09-14T21:25:00Z,Karup By,2024,2840.8,-10.5
2020-09-14T22:25:00Z,Karup By,2024,2840.8,-10.5
2020-09-14T23:25:00Z,Karup By,2024,2840.5,-10.8
2020-09-15T00:25:00Z,Karup By,2024,2841,-10.4
2020-09-15T01:25:00Z,Karup By,2024,2840.9,-10.5
2020-09-15T02:25:00Z,Karup By,2024,2841.3,-10.1
2020-09-15T03:25:00Z,Karup By,2024,2841.5,-9.9
2020-09-15T04:25:00Z,Karup By,2024,2841.2,-10.2
2020-09-15T05:25:00Z,Karup By,2024,2841.2,-10.2
2020-09-15T06:25:00Z,Karup By,2024,2841.3,-10.1
2020-09-15T07:25:00Z,Karup By,2024,2841.1,-10.3
2020-09-15T08:25:00Z,Karup By,2024,2840.9,-10.5
2020-09-15T09:25:00Z,Karup By,2024,2840.9,-10.5
2020-09-15T10:25:00Z,Karup By,2024,2841,-10.4
2020-09-15T11:25:00Z,Karup By,2024,2840.8,-10.6
2020-09-15T12:25:00Z,Karup By,2024,2841,-10.4
2020-09-15T13:25:00Z,Karup By,2024,2840.8,-10.6
2020-09-15T14:25:00Z,Karup By,2024,2841,-10.4
2020-09-15T15:25:00Z,Karup By,2024,2841.1,-10.3
2020-09-15T16:25:00Z,Karup By,2024,2841,-10.3
2020-09-15T17:25:00Z,Karup By,2024,2841,-10.4
2020-09-15T18:25:00Z,Karup By,2024,2840.7,-10.7
2020-09-15T19:25:00Z,Karup By,2024,2841,-10.4
2020-09-15T20:25:00Z,Karup By,2024,2840.8,-10.6
2020-09-15T21:25:00Z,Karup By,2024,2840.7,-10.7
2020-09-15T22:25:00Z,Karup By,2024,2840.6,-10.8
2020-09-15T23:25:00Z,Karup By,2024,2840.7,-10.7
2020-09-16T00:25:00Z,Karup By,2024,2840.8,-10.7
2020-09-16T01:25:00Z,Karup By,2024,2840.9,-10.6
2020-09-16T02:25:00Z,Karup By,2024,2841,-10.5
2020-09-16T03:25:00Z,Karup By,2024,2840.7,-10.8
2020-09-16T04:25:00Z,Karup By,2024,2841,-10.4
2020-09-16T05:25:00Z,Karup By,2024,2841.2,-10.3
2020-09-16T06:25:00Z,Karup By,2024,2841.2,-10.3
2020-09-16T07:25:00Z,Karup By,2024,2841,-10.5
2020-09-16T08:25:00Z,Karup By,2024,2840.8,-10.7
2020-09-16T09:25:00Z,Karup By,2024,2840.2,-11.2
2020-09-16T10:25:00Z,Karup By,2024,2841,-10.5
2020-09-16T11:25:00Z,Karup By,2024,2841.1,-10.4
2020-09-16T12:25:00Z,Karup By,2024,2841,-10.5
2020-09-16T13:25:00Z,Karup By,2024,2841.2,-10.3
2020-09-16T14:25:00Z,Karup By,2024,2841.2,-10.3
2020-09-16T15:25:00Z,Karup By,2024,2841.4,-10.1
2020-09-16T16:25:00Z,Karup By,2024,2840.9,-10.6
2020-09-16T17:25:00Z,Karup By,2024,2840.9,-10.6
2020-09-16T18:25:00Z,Karup By,2024,2840.9,-10.6
2020-09-16T19:25:00Z,Karup By,2024,2840.9,-10.6
2020-09-16T20:25:00Z,Karup By,2024,2840.9,-10.6
2020-09-16T21:25:00Z,Karup By,2024,2841,-10.5
2020-09-16T22:25:00Z,Karup By,2024,2841,-10.5
2020-09-16T23:25:00Z,Karup By,2024,2841.1,-10.4
2020-09-17T00:25:00Z,Karup By,2024,2840.8,-10.7
2020-09-17T01:25:00Z,Karup By,2024,2841,-10.5
2020-09-17T02:25:00Z,Karup By,2024,2841,-10.5
2020-09-17T03:25:00Z,Karup By,2024,2841,-10.5
2020-09-17T04:25:00Z,Karup By,2024,2841.4,-10.1
2020-09-17T05:25:00Z,Karup By,2024,2841,-10.5
2020-09-17T06:25:00Z,Karup By,2024,2840.7,-10.8
2020-09-17T07:25:00Z,Karup By,2024,2840.6,-10.9
2020-09-17T08:25:00Z,Karup By,2024,2840,-11.5
2020-09-17T09:25:00Z,Karup By,2024,2839.5,-12
2020-09-17T10:25:00Z,Karup By,2024,2839.9,-11.6
2020-09-17T11:25:00Z,Karup By,2024,2840.5,-11
2020-09-17T12:25:00Z,Karup By,2024,2841.2,-10.3
2020-09-17T13:25:00Z,Karup By,2024,2841.3,-10.2
2020-09-17T14:25:00Z,Karup By,2024,2840.5,-11
2020-09-17T15:25:00Z,Karup By,2024,2840.2,-11.3
2020-09-17T16:25:00Z,Karup By,2024,2840.3,-11.2
2020-09-17T17:25:00Z,Karup By,2024,2840.2,-11.2
2020-09-17T18:25:00Z,Karup By,2024,2840.4,-11.1
2020-09-17T19:25:00Z,Karup By,2024,2840,-11.5
2020-09-17T20:25:00Z,Karup By,2024,2839.8,-11.7
2020-09-17T21:25:00Z,Karup By,2024,2840,-11.5
2020-09-17T22:25:00Z,Karup By,2024,2840.1,-11.4
2020-09-17T23:25:00Z,Karup By,2024,2839.9,-11.6
2020-09-18T00:25:00Z,Karup By,2024,2840.2,-11.4
2020-09-18T01:25:00Z,Karup By,2024,2840.2,-11.4
2020-09-18T02:25:00Z,Karup By,2024,2840.2,-11.3
2020-09-18T03:25:00Z,Karup By,2024,2840.1,-11.5
2020-09-18T04:25:00Z,Karup By,2024,2840.6,-11.1
2020-09-18T05:25:00Z,Karup By,2024,2840.3,-11.3
2020-09-18T06:25:00Z,Karup By,2024,2840.5,-11.1
2020-09-18T07:25:00Z,Karup By,2024,2840.3,-11.3
2020-09-18T08:25:00Z,Karup By,2024,2839.4,-12.2
2020-09-18T09:25:00Z,Karup By,2024,2839.2,-12.4
2020-09-18T10:10:00Z,Karup By,2024,2839.5,-12.1
2020-09-20T05:45:00Z,Karup By,2024,2840.1,-11.6
2020-09-20T06:25:00Z,Karup By,2024,2840.1,-11.7
2020-09-20T07:25:00Z,Karup By,2024,2839.2,-12.6
2020-09-20T08:25:00Z,Karup By,2024,2838.7,-13
2020-09-20T09:25:00Z,Karup By,2024,2838.8,-12.9
2020-09-20T10:25:00Z,Karup By,2024,2839.4,-12.3
2020-09-20T11:25:00Z,Karup By,2024,2839.5,-12.2
2020-09-20T12:25:00Z,Karup By,2024,2839.6,-12.1
2020-09-20T13:25:00Z,Karup By,2024,2840.1,-11.6
2020-09-20T14:25:00Z,Karup By,2024,2840.3,-11.3
2020-09-20T15:25:00Z,Karup By,2024,2841,-10.7
2020-09-20T16:25:00Z,Karup By,2024,2840.6,-11.1
2020-09-20T17:25:00Z,Karup By,2024,2840.8,-10.9
2020-09-20T18:25:00Z,Karup By,2024,2840.5,-11.2
2020-09-20T19:25:00Z,Karup By,2024,2838.8,-12.8
2020-09-20T20:25:00Z,Karup By,2024,2838.1,-13.7
2020-09-20T21:25:00Z,Karup By,2024,2838.3,-13.4
2020-09-20T22:25:00Z,Karup By,2024,2838.7,-13
2020-09-20T23:25:00Z,Karup By,2024,2839,-12.7
2020-09-21T00:25:00Z,Karup By,2024,2839.1,-12.6
2020-09-21T01:25:00Z,Karup By,2024,2839.7,-12
2020-09-21T02:25:00Z,Karup By,2024,2839.7,-12
2020-09-21T03:25:00Z,Karup By,2024,2839.8,-11.9
2020-09-21T04:25:00Z,Karup By,2024,2840.1,-11.6
2020-09-21T05:25:00Z,Karup By,2024,2840.1,-11.6
2020-09-21T06:25:00Z,Karup By,2024,2840,-11.7
2020-09-21T07:25:00Z,Karup By,2024,2839.5,-12.2
2020-09-21T08:25:00Z,Karup By,2024,2838.9,-12.8
2020-09-21T09:25:00Z,Karup By,2024,2838.5,-13.2
2020-09-21T10:25:00Z,Karup By,2024,2838.8,-12.9
2020-09-21T11:25:00Z,Karup By,2024,2839.2,-12.5
2020-09-21T12:25:00Z,Karup By,2024,2839.5,-12.2
2020-09-21T13:25:00Z,Karup By,2024,2839.9,-11.8
2020-09-21T14:25:00Z,Karup By,2024,2839.9,-11.8
2020-09-21T15:25:00Z,Karup By,2024,2839.8,-11.9
2020-09-21T16:25:00Z,Karup By,2024,2839.5,-12.2
2020-09-21T17:25:00Z,Karup By,2024,2839.5,-12.2
2020-09-21T18:25:00Z,Karup By,2024,2839.5,-12.2
2020-09-21T19:25:00Z,Karup By,2024,2839,-12.7
2020-09-21T20:25:00Z,Karup By,2024,2839,-12.7
2020-09-21T21:25:00Z,Karup By,2024,2838.9,-12.8
2020-09-21T22:25:00Z,Karup By,2024,2839.3,-12.4
2020-09-21T23:25:00Z,Karup By,2024,2839,-12.7
2020-09-22T00:25:00Z,Karup By,2024,2839.4,-12.3
2020-09-22T01:25:00Z,Karup By,2024,2839.6,-12.1
2020-09-22T02:25:00Z,Karup By,2024,2839.6,-12.1
2020-09-22T03:25:00Z,Karup By,2024,2839.7,-12
2020-09-22T04:25:00Z,Karup By,2024,2839.4,-12.3
2020-09-22T05:25:00Z,Karup By,2024,2839.8,-11.9
2020-09-22T06:25:00Z,Karup By,2024,2839.8,-11.9
2020-09-22T07:25:00Z,Karup By,2024,2839.1,-12.6
2020-09-22T08:25:00Z,Karup By,2024,2838.8,-12.9
2020-09-22T09:25:00Z,Karup By,2024,2838.9,-12.8
2020-09-22T10:25:00Z,Karup By,2024,2839,-12.7
2020-09-22T11:25:00Z,Karup By,2024,2839.3,-12.4
2020-09-22T12:25:00Z,Karup By,2024,2839.3,-12.4
2020-09-22T13:25:00Z,Karup By,2024,2839.8,-11.9
2020-09-22T14:25:00Z,Karup By,2024,2839.3,-12.4
2020-09-22T15:25:00Z,Karup By,2024,2839,-12.7
2020-09-22T16:25:00Z,Karup By,2024,2839.3,-12.4
2020-09-22T17:25:00Z,Karup By,2024,2839.1,-12.6
2020-09-22T18:25:00Z,Karup By,2024,2839.1,-12.6
2020-09-22T19:25:00Z,Karup By,2024,2839.2,-12.5
2020-09-22T20:25:00Z,Karup By,2024,2838.8,-12.8
2020-09-22T21:25:00Z,Karup By,2024,2838.7,-13
2020-09-22T22:25:00Z,Karup By,2024,2839.3,-12.4
2020-09-22T23:25:00Z,Karup By,2024,2839.4,-12.3
2020-09-23T00:25:00Z,Karup By,2024,2839.4,-12.4
2020-09-23T01:25:00Z,Karup By,2024,2839.9,-11.9
2020-09-23T02:25:00Z,Karup By,2024,2839.4,-12.4
2020-09-23T03:25:00Z,Karup By,2024,2839.9,-11.9
2020-09-23T04:25:00Z,Karup By,2024,2839.8,-12
2020-09-23T05:25:00Z,Karup By,2024,2839.9,-11.9
2020-09-23T06:25:00Z,Karup By,2024,2840.2,-11.6
2020-09-23T07:25:00Z,Karup By,2024,2839.6,-12.2
2020-09-23T08:25:00Z,Karup By,2024,2838.7,-13.1
2020-09-23T09:25:00Z,Karup By,2024,2838.7,-13.1
2020-09-23T10:25:00Z,Karup By,2024,2838.9,-12.9
2020-09-23T11:25:00Z,Karup By,2024,2839.3,-12.5
2020-09-23T12:25:00Z,Karup By,2024,2839.7,-12.1
2020-09-23T13:25:00Z,Karup By,2024,2839.8,-11.9
2020-09-23T14:25:00Z,Karup By,2024,2840.2,-11.6
2020-09-23T15:25:00Z,Karup By,2024,2839.4,-12.4
2020-09-23T16:25:00Z,Karup By,2024,2838.8,-13
2020-09-23T17:25:00Z,Karup By,2024,2839.3,-12.5
2020-09-23T18:25:00Z,Karup By,2024,2839.3,-12.5
2020-09-23T19:25:00Z,Karup By,2024,2839.4,-12.4
2020-09-23T20:25:00Z,Karup By,2024,2838.9,-12.8
2020-09-23T21:25:00Z,Karup By,2024,2839,-12.8
2020-09-23T22:25:00Z,Karup By,2024,2839.5,-12.3
2020-09-23T23:25:00Z,Karup By,2024,2839.7,-12.2
2020-09-24T00:25:00Z,Karup By,2024,2839.8,-12
2020-09-24T01:25:00Z,Karup By,2024,2839.9,-11.8
2020-09-24T02:25:00Z,Karup By,2024,2840,-11.8
2020-09-24T03:25:00Z,Karup By,2024,2840,-11.8
2020-09-24T04:25:00Z,Karup By,2024,2840.2,-11.6
2020-09-24T05:25:00Z,Karup By,2024,2840.2,-11.6
2020-09-24T06:25:00Z,Karup By,2024,2840.3,-11.5
2020-09-24T07:25:00Z,Karup By,2024,2839.7,-12.1
2020-09-24T08:25:00Z,Karup By,2024,2839.1,-12.7
2020-09-24T09:25:00Z,Karup By,2024,2840.1,-11.7
2020-09-24T10:25:00Z,Karup By,2024,2840.6,-11.2
2020-09-24T11:25:00Z,Karup By,2024,2840.7,-11.1
2020-09-24T12:25:00Z,Karup By,2024,2840.9,-10.9
2020-09-24T13:25:00Z,Karup By,2024,2840.9,-10.9
2020-09-24T14:25:00Z,Karup By,2024,2841,-10.8
2020-09-24T15:25:00Z,Karup By,2024,2840,-11.8
2020-09-24T16:25:00Z,Karup By,2024,2840.1,-11.7
2020-09-24T17:25:00Z,Karup By,2024,2839.9,-11.9
2020-09-24T18:25:00Z,Karup By,2024,2840.8,-11
2020-09-24T19:25:00Z,Karup By,2024,2840.9,-10.9
2020-09-24T20:25:00Z,Karup By,2024,2841.3,-10.5
2020-09-24T21:25:00Z,Karup By,2024,2841.6,-10.2
2020-09-24T22:25:00Z,Karup By,2024,2841.8,-10
2020-09-24T23:25:00Z,Karup By,2024,2842,-9.8
2020-09-25T00:25:00Z,Karup By,2024,2842.5,-9.3
2020-09-25T01:25:00Z,Karup By,2024,2842.1,-9.7
2020-09-25T02:25:00Z,Karup By,2024,2842.2,-9.6
2020-09-25T03:25:00Z,Karup By,2024,2842.2,-9.6
2020-09-25T04:25:00Z,Karup By,2024,2842.1,-9.7
2020-09-25T05:25:00Z,Karup By,2024,2842.5,-9.3
2020-09-25T06:25:00Z,Karup By,2024,2842.2,-9.6
2020-09-25T07:25:00Z,Karup By,2024,2841.1,-10.7
2020-09-25T08:25:00Z,Karup By,2024,2840.3,-11.5
2020-09-25T09:25:00Z,Karup By,2024,2840.3,-11.5
2020-09-25T10:25:00Z,Karup By,2024,2840.7,-11.1
2020-09-25T11:25:00Z,Karup By,2024,2841.1,-10.7
2020-09-25T12:25:00Z,Karup By,2024,2841.6,-10.2
2020-09-25T13:25:00Z,Karup By,2024,2842.7,-9.1
2020-09-25T14:25:00Z,Karup By,2024,2841.3,-10.5
2020-09-25T15:25:00Z,Karup By,2024,2841,-10.8
2020-09-25T16:25:00Z,Karup By,2024,2841.3,-10.5
2020-09-25T17:25:00Z,Karup By,2024,2841.7,-10.1
2020-09-25T18:25:00Z,Karup By,2024,2841.4,-10.4
2020-09-25T19:25:00Z,Karup By,2024,2841.7,-10.1
2020-09-25T20:25:00Z,Karup By,2024,2841.9,-9.9
2020-09-25T21:25:00Z,Karup By,2024,2842.1,-9.7
2020-09-25T22:25:00Z,Karup By,2024,2841.8,-10
2020-09-25T23:25:00Z,Karup By,2024,2841.7,-10.1
2020-09-26T00:25:00Z,Karup By,2024,2841.7,-10.1
2020-09-26T01:25:00Z,Karup By,2024,2841.8,-10
2020-09-26T02:25:00Z,Karup By,2024,2841.4,-10.4
2020-09-26T03:25:00Z,Karup By,2024,2841.7,-10.1
2020-09-26T04:25:00Z,Karup By,2024,2841.7,-10.1
2020-09-26T05:25:00Z,Karup By,2024,2841.2,-10.6
2020-09-26T06:25:00Z,Karup By,2024,2840.9,-10.9
2020-09-26T07:25:00Z,Karup By,2024,2840,-11.8
2020-09-26T08:25:00Z,Karup By,2024,2839.2,-12.6
2020-09-26T09:25:00Z,Karup By,2024,2839.1,-12.7
2020-09-26T10:25:00Z,Karup By,2024,2838.8,-13
2020-09-26T11:25:00Z,Karup By,2024,2839.3,-12.5
2020-09-26T12:25:00Z,Karup By,2024,2840.7,-11.1
2020-09-26T13:25:00Z,Karup By,2024,2841.4,-10.4
2020-09-11T00:25:00Z,Karup By,2025,2838.8,-12.2
2020-09-11T01:25:00Z,Karup By,2025,2838.8,-12.2
2020-09-11T02:25:00Z,Karup By,2025,2838.7,-12.3
2020-09-11T03:25:00Z,Karup By,2025,2838.5,-12.5
2020-09-11T04:25:00Z,Karup By,2025,2838.1,-12.9
2020-09-11T05:25:00Z,Karup By,2025,2837.1,-13.9
2020-09-11T06:25:00Z,Karup By,2025,2836.2,-14.8
2020-09-11T07:25:00Z,Karup By,2025,2836,-15
2020-09-11T08:25:00Z,Karup By,2025,2835.9,-15.1
2020-09-11T09:25:00Z,Karup By,2025,2835.6,-15.4
2020-09-11T10:25:00Z,Karup By,2025,2835.2,-15.8
2020-09-11T11:25:00Z,Karup By,2025,2835,-16
2020-09-11T12:25:00Z,Karup By,2025,2835.1,-15.9
2020-09-11T13:25:00Z,Karup By,2025,2836.1,-14.9
2020-09-11T14:25:00Z,Karup By,2025,2836.8,-14.2
2020-09-11T15:25:00Z,Karup By,2025,2837.5,-13.5
2020-09-11T16:25:00Z,Karup By,2025,2837.9,-13.1
2020-09-11T17:25:00Z,Karup By,2025,2838.1,-12.9
2020-09-11T18:25:00Z,Karup By,2025,2838,-13
2020-09-11T19:25:00Z,Karup By,2025,2837.9,-13.1
2020-09-11T20:25:00Z,Karup By,2025,2837.1,-13.9
2020-09-11T21:25:00Z,Karup By,2025,2836.5,-14.5
2020-09-11T22:25:00Z,Karup By,2025,2836.5,-14.4
2020-09-11T23:25:00Z,Karup By,2025,2836.5,-14.5
2020-09-12T00:25:00Z,Karup By,2025,2836.5,-14.6
2020-09-12T01:25:00Z,Karup By,2025,2836.7,-14.4
2020-09-12T02:25:00Z,Karup By,2025,2836.7,-14.4
2020-09-12T03:25:00Z,Karup By,2025,2836.6,-14.5
2020-09-12T04:25:00Z,Karup By,2025,2836.5,-14.6
2020-09-12T05:25:00Z,Karup By,2025,2836.3,-14.8
2020-09-12T06:25:00Z,Karup By,2025,2836.2,-14.9
2020-09-12T07:25:00Z,Karup By,2025,2835.8,-15.3
2020-09-12T08:25:00Z,Karup By,2025,2835.3,-15.8
2020-09-12T09:25:00Z,Karup By,2025,2835.3,-15.8
2020-09-12T10:25:00Z,Karup By,2025,2835.4,-15.7
2020-09-12T11:25:00Z,Karup By,2025,2835.7,-15.4
2020-09-12T12:25:00Z,Karup By,2025,2835.4,-15.7
2020-09-12T13:25:00Z,Karup By,2025,2834.9,-16.2
2020-09-12T14:25:00Z,Karup By,2025,2834.8,-16.3
2020-09-12T15:25:00Z,Karup By,2025,2834.9,-16.2
2020-09-12T16:25:00Z,Karup By,2025,2835.7,-15.4
2020-09-12T17:25:00Z,Karup By,2025,2835.6,-15.5
2020-09-12T18:25:00Z,Karup By,2025,2835.6,-15.5
2020-09-12T19:25:00Z,Karup By,2025,2835.7,-15.4
2020-09-12T20:25:00Z,Karup By,2025,2835.2,-15.9
2020-09-12T21:25:00Z,Karup By,2025,2834.7,-16.4
2020-09-12T22:25:00Z,Karup By,2025,2834.7,-16.4
2020-09-12T23:25:00Z,Karup By,2025,2834.9,-16.2
2020-09-13T00:25:00Z,Karup By,2025,2835,-16.2
2020-09-13T01:25:00Z,Karup By,2025,2835.1,-16.1
2020-09-13T02:25:00Z,Karup By,2025,2835.1,-16.1
2020-09-13T03:25:00Z,Karup By,2025,2835.2,-16
2020-09-13T04:25:00Z,Karup By,2025,2835.1,-16.1
2020-09-13T05:25:00Z,Karup By,2025,2835.2,-16
2020-09-13T06:25:00Z,Karup By,2025,2835.5,-15.7
2020-09-13T07:25:00Z,Karup By,2025,2835.3,-15.9
2020-09-13T08:25:00Z,Karup By,2025,2834.7,-16.5
2020-09-13T09:25:00Z,Karup By,2025,2834.7,-16.6
2020-09-13T10:25:00Z,Karup By,2025,2834.8,-16.4
2020-09-13T11:25:00Z,Karup By,2025,2835.3,-15.9
2020-09-13T12:25:00Z,Karup By,2025,2835.7,-15.5
2020-09-13T13:25:00Z,Karup By,2025,2836.1,-15.1
2020-09-13T14:25:00Z,Karup By,2025,2836.2,-15
2020-09-13T15:25:00Z,Karup By,2025,2836.1,-15.1
2020-09-13T16:25:00Z,Karup By,2025,2835.6,-15.6
2020-09-13T17:25:00Z,Karup By,2025,2835.3,-15.9
2020-09-13T18:25:00Z,Karup By,2025,2835.4,-15.8
2020-09-13T19:25:00Z,Karup By,2025,2835.5,-15.7
2020-09-13T20:25:00Z,Karup By,2025,2835.3,-15.9
2020-09-13T21:25:00Z,Karup By,2025,2835.3,-15.9
2020-09-13T22:25:00Z,Karup By,2025,2835.4,-15.8
2020-09-13T23:25:00Z,Karup By,2025,2835.7,-15.5
2020-09-14T00:25:00Z,Karup By,2025,2835.9,-15.3
2020-09-14T01:25:00Z,Karup By,2025,2836,-15.2
2020-09-14T02:25:00Z,Karup By,2025,2835.9,-15.3
2020-09-14T03:25:00Z,Karup By,2025,2836.1,-15.1
2020-09-14T04:25:00Z,Karup By,2025,2836,-15.2
2020-09-14T05:25:00Z,Karup By,2025,2836.1,-15.2
2020-09-14T06:25:00Z,Karup By,2025,2836.3,-14.9
2020-09-14T07:25:00Z,Karup By,2025,2835.8,-15.4
2020-09-14T08:25:00Z,Karup By,2025,2835.1,-16.1
2020-09-14T09:25:00Z,Karup By,2025,2835.1,-16.1
2020-09-14T10:25:00Z,Karup By,2025,2835.3,-15.9
2020-09-14T11:25:00Z,Karup By,2025,2835.5,-15.7
2020-09-14T12:25:00Z,Karup By,2025,2835.7,-15.6
2020-09-14T13:25:00Z,Karup By,2025,2835.7,-15.6
2020-09-14T14:25:00Z,Karup By,2025,2835.7,-15.5
2020-09-14T15:25:00Z,Karup By,2025,2835.6,-15.6
2020-09-14T16:25:00Z,Karup By,2025,2834.9,-16.3
2020-09-14T17:25:00Z,Karup By,2025,2834.8,-16.4
2020-09-14T18:25:00Z,Karup By,2025,2835,-16.2
2020-09-14T19:25:00Z,Karup By,2025,2835.2,-16
2020-09-14T20:25:00Z,Karup By,2025,2834.7,-16.5
2020-09-14T21:25:00Z,Karup By,2025,2834.5,-16.7
2020-09-14T22:25:00Z,Karup By,2025,2834.5,-16.7
2020-09-14T23:25:00Z,Karup By,2025,2834.8,-16.4
2020-09-15T00:25:00Z,Karup By,2025,2834.9,-16.4
2020-09-15T01:25:00Z,Karup By,2025,2835,-16.3
2020-09-15T02:25:00Z,Karup By,2025,2835,-16.3
2020-09-15T03:25:00Z,Karup By,2025,2835,-16.3
2020-09-15T04:25:00Z,Karup By,2025,2835,-16.3
2020-09-15T05:25:00Z,Karup By,2025,2835,-16.3
2020-09-15T06:25:00Z,Karup By,2025,2834.9,-16.4
2020-09-15T07:25:00Z,Karup By,2025,2834.6,-16.8
2020-09-15T08:25:00Z,Karup By,2025,2834.8,-16.5
2020-09-15T09:25:00Z,Karup By,2025,2835.1,-16.2
2020-09-15T10:25:00Z,Karup By,2025,2835.5,-15.8
2020-09-15T11:25:00Z,Karup By,2025,2836.1,-15.2
2020-09-15T12:25:00Z,Karup By,2025,2836.6,-14.7
2020-09-15T13:25:00Z,Karup By,2025,2837.2,-14.1
2020-09-15T14:25:00Z,Karup By,2025,2837.9,-13.4
2020-09-15T15:25:00Z,Karup By,2025,2838.1,-13.2
2020-09-15T16:25:00Z,Karup By,2025,2839.4,-11.9
2020-09-15T17:25:00Z,Karup By,2025,2841,-10.3
2020-09-15T18:25:00Z,Karup By,2025,2841.9,-9.4
2020-09-15T19:25:00Z,Karup By,2025,2842.5,-8.8
2020-09-15T20:25:00Z,Karup By,2025,2842.8,-8.5
2020-09-15T21:25:00Z,Karup By,2025,2844.1,-7.3
2020-09-15T22:25:00Z,Karup By,2025,2844.3,-7
2020-09-15T23:25:00Z,Karup By,2025,2844.6,-6.7
2020-09-16T00:25:00Z,Karup By,2025,2845,-6.4
2020-09-16T01:25:00Z,Karup By,2025,2845.5,-5.9
2020-09-16T02:25:00Z,Karup By,2025,2845.5,-5.9
2020-09-16T03:25:00Z,Karup By,2025,2845.5,-5.9
2020-09-16T04:25:00Z,Karup By,2025,2845,-6.4
2020-09-16T05:25:00Z,Karup By,2025,2844.5,-6.9
2020-09-16T06:25:00Z,Karup By,2025,2843.9,-7.5
2020-09-16T07:25:00Z,Karup By,2025,2843,-8.3
2020-09-16T08:25:00Z,Karup By,2025,2842.5,-8.9
2020-09-16T09:25:00Z,Karup By,2025,2842.6,-8.8
2020-09-16T10:25:00Z,Karup By,2025,2842.7,-8.7
2020-09-16T11:25:00Z,Karup By,2025,2843.2,-8.2
2020-09-16T12:25:00Z,Karup By,2025,2843.5,-7.9
2020-09-16T13:25:00Z,Karup By,2025,2844.1,-7.3
2020-09-16T14:25:00Z,Karup By,2025,2844.6,-6.8
2020-09-16T15:25:00Z,Karup By,2025,2844.5,-6.9
2020-09-16T16:25:00Z,Karup By,2025,2843.2,-8.2
2020-09-16T17:25:00Z,Karup By,2025,2842.8,-8.6
2020-09-16T18:25:00Z,Karup By,2025,2842.8,-8.6
2020-09-16T19:25:00Z,Karup By,2025,2843.1,-8.3
2020-09-16T20:25:00Z,Karup By,2025,2842.7,-8.7
2020-09-16T21:25:00Z,Karup By,2025,2842.9,-8.5
2020-09-16T22:25:00Z,Karup By,2025,2843.9,-7.5
2020-09-16T23:25:00Z,Karup By,2025,2844.2,-7.2
2020-09-17T00:25:00Z,Karup By,2025,2844.4,-7.1
2020-09-17T01:25:00Z,Karup By,2025,2844.6,-7
2020-09-17T02:25:00Z,Karup By,2025,2844.7,-6.8
2020-09-17T03:25:00Z,Karup By,2025,2844.6,-7
2020-09-17T04:25:00Z,Karup By,2025,2844.4,-7.1
2020-09-17T05:25:00Z,Karup By,2025,2844.1,-7.4
2020-09-17T06:25:00Z,Karup By,2025,2844,-7.5
2020-09-17T07:25:00Z,Karup By,2025,2843,-8.5
2020-09-17T08:25:00Z,Karup By,2025,2841.7,-9.8
2020-09-17T09:25:00Z,Karup By,2025,2841.2,-10.3
2020-09-17T10:25:00Z,Karup By,2025,2841.7,-9.8
2020-09-17T11:25:00Z,Karup By,2025,2842.4,-9.1
2020-09-17T12:25:00Z,Karup By,2025,2843.1,-8.4
2020-09-17T13:25:00Z,Karup By,2025,2843.7,-7.8
2020-09-17T14:25:00Z,Karup By,2025,2843.8,-7.7
2020-09-17T15:25:00Z,Karup By,2025,2843.3,-8.2
2020-09-17T16:25:00Z,Karup By,2025,2842.4,-9.1
2020-09-17T17:25:00Z,Karup By,2025,2842.2,-9.3
2020-09-17T18:25:00Z,Karup By,2025,2842.6,-8.9
2020-09-17T19:25:00Z,Karup By,2025,2842.7,-8.8
2020-09-17T20:25:00Z,Karup By,2025,2841.9,-9.6
2020-09-17T21:25:00Z,Karup By,2025,2841.7,-9.8
2020-09-17T22:25:00Z,Karup By,2025,2842,-9.5
2020-09-17T23:25:00Z,Karup By,2025,2842.3,-9.2
2020-09-18T00:25:00Z,Karup By,2025,2842.5,-9
2020-09-18T01:25:00Z,Karup By,2025,2842.6,-8.9
2020-09-18T02:25:00Z,Karup By,2025,2842.5,-9
2020-09-18T03:25:00Z,Karup By,2025,2842.3,-9.2
2020-09-18T04:25:00Z,Karup By,2025,2842.1,-9.4
2020-09-18T05:25:00Z,Karup By,2025,2841.4,-10.1
2020-09-18T06:25:00Z,Karup By,2025,2839.6,-11.9
2020-09-18T07:25:00Z,Karup By,2025,2838.7,-12.8
2020-09-18T08:25:00Z,Karup By,2025,2838.8,-12.7
2020-09-18T09:25:00Z,Karup By,2025,2839.4,-12.1
2020-09-18T10:25:00Z,Karup By,2025,2839.7,-11.8
2020-09-18T11:25:00Z,Karup By,2025,2840,-11.5
2020-09-18T12:25:00Z,Karup By,2025,2840.1,-11.4
2020-09-18T13:25:00Z,Karup By,2025,2839.7,-11.8
2020-09-18T14:25:00Z,Karup By,2025,2839.6,-11.9
2020-09-18T15:25:00Z,Karup By,2025,2839.7,-11.8
2020-09-18T16:25:00Z,Karup By,2025,2839.3,-12.2
2020-09-18T17:25:00Z,Karup By,2025,2839,-12.5
2020-09-18T18:25:00Z,Karup By,2025,2839,-12.6
2020-09-18T19:25:00Z,Karup By,2025,2838.8,-12.7
2020-09-18T20:25:00Z,Karup By,2025,2838,-13.5
2020-09-18T21:25:00Z,Karup By,2025,2837.7,-13.8
2020-09-18T22:25:00Z,Karup By,2025,2837.7,-13.9
2020-09-18T23:25:00Z,Karup By,2025,2837.8,-13.7
2020-09-19T00:25:00Z,Karup By,2025,2838,-13.6
2020-09-19T01:25:00Z,Karup By,2025,2838.1,-13.5
2020-09-19T02:25:00Z,Karup By,2025,2838.2,-13.4
2020-09-19T03:25:00Z,Karup By,2025,2838.4,-13.2
2020-09-19T04:25:00Z,Karup By,2025,2838.4,-13.2
2020-09-19T05:25:00Z,Karup By,2025,2838.4,-13.2
2020-09-19T06:25:00Z,Karup By,2025,2838,-13.6
2020-09-19T07:25:00Z,Karup By,2025,2836.9,-14.7
2020-09-19T08:25:00Z,Karup By,2025,2836.9,-14.7
2020-09-19T09:25:00Z,Karup By,2025,2837.1,-14.5
2020-09-19T10:25:00Z,Karup By,2025,2837.4,-14.2
2020-09-19T11:25:00Z,Karup By,2025,2837.7,-13.9
2020-09-19T12:25:00Z,Karup By,2025,2838.1,-13.6
2020-09-19T13:25:00Z,Karup By,2025,2838.1,-13.5
2020-09-19T14:25:00Z,Karup By,2025,2837.4,-14.2
2020-09-19T15:25:00Z,Karup By,2025,2837.1,-14.5
2020-09-19T16:25:00Z,Karup By,2025,2837.3,-14.3
2020-09-19T17:25:00Z,Karup By,2025,2837.6,-14
2020-09-19T18:25:00Z,Karup By,2025,2837.7,-13.9
2020-09-19T19:25:00Z,Karup By,2025,2837.8,-13.8
2020-09-19T20:25:00Z,Karup By,2025,2837.1,-14.5
2020-09-19T21:25:00Z,Karup By,2025,2836.8,-14.8
2020-09-19T22:25:00Z,Karup By,2025,2837,-14.6
2020-09-19T23:25:00Z,Karup By,2025,2837.2,-14.4
2020-09-20T00:25:00Z,Karup By,2025,2837.5,-14.1
2020-09-20T01:25:00Z,Karup By,2025,2837.5,-14.1
2020-09-20T02:25:00Z,Karup By,2025,2837.5,-14.1
2020-09-20T03:25:00Z,Karup By,2025,2837.6,-14
2020-09-20T04:25:00Z,Karup By,2025,2837.7,-14
2020-09-20T05:25:00Z,Karup By,2025,2837.6,-14
2020-09-20T06:25:00Z,Karup By,2025,2837.3,-14.3
2020-09-20T07:25:00Z,Karup By,2025,2836.4,-15.2
2020-09-20T08:25:00Z,Karup By,2025,2836.1,-15.5
2020-09-20T09:25:00Z,Karup By,2025,2836.4,-15.2
2020-09-20T10:25:00Z,Karup By,2025,2836.9,-14.7
2020-09-20T11:25:00Z,Karup By,2025,2837.2,-14.4
2020-09-20T12:25:00Z,Karup By,2025,2837.4,-14.2
2020-09-20T13:25:00Z,Karup By,2025,2837.3,-14.3
2020-09-20T14:25:00Z,Karup By,2025,2836.8,-14.8
2020-09-20T15:25:00Z,Karup By,2025,2836.8,-14.8
2020-09-20T16:25:00Z,Karup By,2025,2836.9,-14.7
2020-09-20T17:25:00Z,Karup By,2025,2837.3,-14.3
2020-09-20T18:25:00Z,Karup By,2025,2837.5,-14.1
2020-09-20T19:25:00Z,Karup By,2025,2837.5,-14.1
2020-09-20T20:25:00Z,Karup By,2025,2837.1,-14.5
2020-09-20T21:25:00Z,Karup By,2025,2837.4,-14.2
2020-09-20T22:25:00Z,Karup By,2025,2837.7,-13.9
2020-09-20T23:25:00Z,Karup By,2025,2837.9,-13.7
2020-09-21T00:25:00Z,Karup By,2025,2838,-13.7
2020-09-21T01:25:00Z,Karup By,2025,2838.1,-13.6
2020-09-21T02:25:00Z,Karup By,2025,2838.2,-13.5
2020-09-21T03:25:00Z,Karup By,2025,2838.2,-13.5
2020-09-21T04:25:00Z,Karup By,2025,2838.2,-13.5
2020-09-21T05:25:00Z,Karup By,2025,2838.1,-13.6
2020-09-21T06:25:00Z,Karup By,2025,2837.9,-13.8
2020-09-21T07:25:00Z,Karup By,2025,2836.8,-14.9
2020-09-21T08:25:00Z,Karup By,2025,2836.3,-15.4
2020-09-21T09:25:00Z,Karup By,2025,2836.1,-15.7
2020-09-21T10:25:00Z,Karup By,2025,2836.4,-15.3
2020-09-21T11:25:00Z,Karup By,2025,2836.9,-14.8
2020-09-21T12:25:00Z,Karup By,2025,2837.3,-14.3
2020-09-21T13:25:00Z,Karup By,2025,2837.6,-14.1
2020-09-21T14:25:00Z,Karup By,2025,2837.8,-13.9
2020-09-21T15:25:00Z,Karup By,2025,2837.3,-14.4
2020-09-21T16:25:00Z,Karup By,2025,2836.8,-14.8
2020-09-21T17:25:00Z,Karup By,2025,2836.9,-14.8
2020-09-21T18:25:00Z,Karup By,2025,2837,-14.7
2020-09-21T19:25:00Z,Karup By,2025,2837.2,-14.5
2020-09-21T20:25:00Z,Karup By,2025,2836.5,-15.2
2020-09-21T21:25:00Z,Karup By,2025,2836.3,-15.4
2020-09-21T22:25:00Z,Karup By,2025,2836.6,-15.1
2020-09-21T23:25:00Z,Karup By,2025,2836.8,-14.9
2020-09-22T00:25:00Z,Karup By,2025,2836.9,-14.8
2020-09-22T01:25:00Z,Karup By,2025,2837.1,-14.6
2020-09-22T02:25:00Z,Karup By,2025,2837.2,-14.5
2020-09-22T03:25:00Z,Karup By,2025,2837.3,-14.4
2020-09-22T04:25:00Z,Karup By,2025,2837.3,-14.4
2020-09-22T05:25:00Z,Karup By,2025,2837.3,-14.4
2020-09-22T06:25:00Z,Karup By,2025,2837.3,-14.3
2020-09-22T07:25:00Z,Karup By,2025,2836.6,-15
2020-09-22T08:25:00Z,Karup By,2025,2835.8,-15.9
2020-09-22T09:25:00Z,Karup By,2025,2835.5,-16.2
2020-09-22T10:25:00Z,Karup By,2025,2835.8,-16
2020-09-22T11:25:00Z,Karup By,2025,2836.2,-15.5
2020-09-22T12:25:00Z,Karup By,2025,2836.6,-15
2020-09-22T13:25:00Z,Karup By,2025,2837,-14.7
2020-09-22T14:25:00Z,Karup By,2025,2837.3,-14.4
2020-09-22T15:25:00Z,Karup By,2025,2836.8,-14.9
2020-09-22T16:25:00Z,Karup By,2025,2836.3,-15.4
2020-09-22T17:25:00Z,Karup By,2025,2836.2,-15.5
2020-09-22T18:25:00Z,Karup By,2025,2836.4,-15.3
2020-09-22T19:25:00Z,Karup By,2025,2836.5,-15.2
2020-09-22T20:25:00Z,Karup By,2025,2836.4,-15.3
2020-09-22T21:25:00Z,Karup By,2025,2836.5,-15.2
2020-09-22T22:25:00Z,Karup By,2025,2836.6,-15.1
2020-09-22T23:25:00Z,Karup By,2025,2836.5,-15.2
2020-09-23T00:25:00Z,Karup By,2025,2836.6,-15.1
2020-09-23T01:25:00Z,Karup By,2025,2836.8,-14.9
2020-09-23T02:25:00Z,Karup By,2025,2836.8,-14.9
2020-09-23T03:25:00Z,Karup By,2025,2836.8,-14.9
2020-09-23T04:25:00Z,Karup By,2025,2836.7,-15
2020-09-23T05:25:00Z,Karup By,2025,2836.6,-15.1
2020-09-23T06:25:00Z,Karup By,2025,2836.7,-15
2020-09-23T07:25:00Z,Karup By,2025,2836.7,-15
2020-09-23T08:25:00Z,Karup By,2025,2836.5,-15.2
2020-09-23T09:25:00Z,Karup By,2025,2836.7,-15
2020-09-23T10:25:00Z,Karup By,2025,2837.2,-14.5
2020-09-23T11:25:00Z,Karup By,2025,2837.3,-14.4
2020-09-23T12:25:00Z,Karup By,2025,2837.2,-14.5
2020-09-23T13:25:00Z,Karup By,2025,2836.7,-15
2020-09-23T14:25:00Z,Karup By,2025,2836.1,-15.6
2020-09-23T15:25:00Z,Karup By,2025,2835.4,-16.3
2020-09-23T16:25:00Z,Karup By,2025,2835.2,-16.5
2020-09-23T17:25:00Z,Karup By,2025,2835.3,-16.4
2020-09-23T18:25:00Z,Karup By,2025,2835.6,-16.1
2020-09-23T19:25:00Z,Karup By,2025,2835.8,-15.9
2020-09-23T20:25:00Z,Karup By,2025,2835.6,-16.1
2020-09-23T21:25:00Z,Karup By,2025,2835.6,-16.1
2020-09-23T22:25:00Z,Karup By,2025,2835.7,-16
2020-09-23T23:25:00Z,Karup By,2025,2835.8,-15.9
2020-09-24T00:25:00Z,Karup By,2025,2835.9,-16
2020-09-24T01:25:00Z,Karup By,2025,2835.9,-16
2020-09-24T02:25:00Z,Karup By,2025,2835.9,-15.9
2020-09-24T03:25:00Z,Karup By,2025,2835.9,-16
2020-09-24T04:25:00Z,Karup By,2025,2835.9,-15.9
2020-09-24T05:25:00Z,Karup By,2025,2835.9,-15.9
2020-09-24T06:25:00Z,Karup By,2025,2835.9,-15.9
2020-09-24T07:25:00Z,Karup By,2025,2835.9,-15.9
2020-09-24T08:25:00Z,Karup By,2025,2835.8,-16
2020-09-24T09:25:00Z,Karup By,2025,2835.9,-15.9
2020-09-24T10:25:00Z,Karup By,2025,2836.4,-15.4
2020-09-24T11:25:00Z,Karup By,2025,2836.6,-15.2
2020-09-24T12:25:00Z,Karup By,2025,2836.2,-15.6
2020-09-24T13:25:00Z,Karup By,2025,2835.5,-16.3
2020-09-24T14:25:00Z,Karup By,2025,2835.2,-16.6
2020-09-24T15:25:00Z,Karup By,2025,2835.3,-16.5
2020-09-24T16:25:00Z,Karup By,2025,2835.5,-16.3
2020-09-24T17:25:00Z,Karup By,2025,2835.6,-16.2
2020-09-24T18:25:00Z,Karup By,2025,2835.8,-16
2020-09-24T19:25:00Z,Karup By,2025,2835.8,-16
2020-09-24T20:25:00Z,Karup By,2025,2835.5,-16.3
2020-09-24T21:25:00Z,Karup By,2025,2835.3,-16.5
2020-09-24T22:25:00Z,Karup By,2025,2835.3,-16.5
2020-09-24T23:25:00Z,Karup By,2025,2835.5,-16.3
2020-09-25T00:25:00Z,Karup By,2025,2835.6,-16.2
2020-09-25T01:25:00Z,Karup By,2025,2835.6,-16.2
2020-09-25T02:25:00Z,Karup By,2025,2835.7,-16.1
2020-09-25T03:25:00Z,Karup By,2025,2835.6,-16.2
2020-09-25T04:25:00Z,Karup By,2025,2835.6,-16.2
2020-09-25T05:25:00Z,Karup By,2025,2835.6,-16.2
2020-09-25T06:25:00Z,Karup By,2025,2835.6,-16.2
2020-09-25T07:25:00Z,Karup By,2025,2835.7,-16.2
2020-09-25T08:25:00Z,Karup By,2025,2835.7,-16.1
2020-09-25T09:25:00Z,Karup By,2025,2836.3,-15.5
2020-09-25T10:25:00Z,Karup By,2025,2836,-15.8
2020-09-25T11:25:00Z,Karup By,2025,2835.3,-16.5
2020-09-25T12:25:00Z,Karup By,2025,2835.1,-16.7
2020-09-25T13:25:00Z,Karup By,2025,2835.2,-16.6
2020-09-25T14:25:00Z,Karup By,2025,2835.6,-16.2
2020-09-25T15:25:00Z,Karup By,2025,2835.5,-16.3
2020-09-25T16:25:00Z,Karup By,2025,2835.2,-16.6
2020-09-25T17:25:00Z,Karup By,2025,2835.2,-16.6
2020-09-25T18:25:00Z,Karup By,2025,2835.4,-16.4
2020-09-25T19:25:00Z,Karup By,2025,2835.3,-16.5
2020-09-25T20:25:00Z,Karup By,2025,2835.1,-16.7
2020-09-25T21:25:00Z,Karup By,2025,2835.2,-16.6
2020-09-25T22:25:00Z,Karup By,2025,2835.1,-16.7
2020-09-25T23:25:00Z,Karup By,2025,2835.2,-16.6
2020-09-26T00:25:00Z,Karup By,2025,2835.4,-16.4
2020-09-26T01:25:00Z,Karup By,2025,2835.4,-16.4
2020-09-26T02:25:00Z,Karup By,2025,2835.4,-16.4
2020-09-26T03:25:00Z,Karup By,2025,2835.4,-16.4
2020-09-26T04:25:00Z,Karup By,2025,2835.3,-16.4
2020-09-26T05:25:00Z,Karup By,2025,2835.3,-16.5
2020-09-26T06:25:00Z,Karup By,2025,2835.3,-16.5
2020-09-26T07:25:00Z,Karup By,2025,2835.4,-16.4
2020-09-26T08:25:00Z,Karup By,2025,2835,-16.8
2020-09-26T09:25:00Z,Karup By,2025,2834.3,-17.5
2020-09-26T10:25:00Z,Karup By,2025,2834.2,-17.6
2020-09-26T11:25:00Z,Karup By,2025,2834.3,-17.5
2020-09-26T12:25:00Z,Karup By,2025,2834.4,-17.4
2020-09-26T13:25:00Z,Karup By,2025,2834.5,-17.3
2020-09-11T00:25:00Z,Karup By,2026,2855.4,4.4
2020-09-11T01:25:00Z,Karup By,2026,2855.5,4.5
2020-09-11T02:25:00Z,Karup By,2026,2855.6,4.6
2020-09-11T03:25:00Z,Karup By,2026,2855.7,4.7
2020-09-11T04:25:00Z,Karup By,2026,2855.8,4.8
2020-09-11T05:25:00Z,Karup By,2026,2855.8,4.8
2020-09-11T06:25:00Z,Karup By,2026,2855.8,4.8
2020-09-11T07:25:00Z,Karup By,2026,2855.7,4.7
2020-09-11T08:25:00Z,Karup By,2026,2855.3,4.3
2020-09-11T09:25:00Z,Karup By,2026,2855.1,4.1
2020-09-11T10:25:00Z,Karup By,2026,2855.2,4.2
2020-09-11T11:25:00Z,Karup By,2026,2855.5,4.6
2020-09-11T12:25:00Z,Karup By,2026,2855.8,4.8
2020-09-11T13:25:00Z,Karup By,2026,2855.9,4.9
2020-09-11T14:25:00Z,Karup By,2026,2856.1,5.1
2020-09-11T15:25:00Z,Karup By,2026,2856.3,5.3
2020-09-11T16:25:00Z,Karup By,2026,2856.4,5.4
2020-09-11T17:25:00Z,Karup By,2026,2856.5,5.5
2020-09-11T18:25:00Z,Karup By,2026,2856.4,5.4
2020-09-11T19:25:00Z,Karup By,2026,2856.5,5.4
2020-09-11T20:25:00Z,Karup By,2026,2856.2,5.2
2020-09-11T21:25:00Z,Karup By,2026,2855.7,4.7
2020-09-11T22:25:00Z,Karup By,2026,2855.4,4.4
2020-09-11T23:25:00Z,Karup By,2026,2855.5,4.4
2020-09-12T00:25:00Z,Karup By,2026,2855.4,4.3
2020-09-12T01:25:00Z,Karup By,2026,2855.6,4.5
2020-09-12T02:25:00Z,Karup By,2026,2855.6,4.5
2020-09-12T03:25:00Z,Karup By,2026,2855.8,4.7
2020-09-12T04:25:00Z,Karup By,2026,2855.8,4.7
2020-09-12T05:25:00Z,Karup By,2026,2855.7,4.6
2020-09-12T06:25:00Z,Karup By,2026,2855.8,4.7
2020-09-12T07:25:00Z,Karup By,2026,2855.6,4.5
2020-09-12T08:25:00Z,Karup By,2026,2855.4,4.3
2020-09-12T09:25:00Z,Karup By,2026,2855.3,4.2
2020-09-12T10:25:00Z,Karup By,2026,2855.5,4.4
2020-09-12T11:25:00Z,Karup By,2026,2855.9,4.8
2020-09-12T12:25:00Z,Karup By,2026,2856.1,5
2020-09-12T13:25:00Z,Karup By,2026,2856,4.9
2020-09-12T14:25:00Z,Karup By,2026,2856.2,5.1
2020-09-12T15:25:00Z,Karup By,2026,2856.2,5.1
2020-09-12T16:25:00Z,Karup By,2026,2856.1,5
2020-09-12T17:25:00Z,Karup By,2026,2856.1,5
2020-09-12T18:25:00Z,Karup By,2026,2856.4,5.3
2020-09-12T19:25:00Z,Karup By,2026,2856.8,5.7
2020-09-12T20:25:00Z,Karup By,2026,2856.7,5.6
2020-09-12T21:25:00Z,Karup By,2026,2856.6,5.5
2020-09-12T22:25:00Z,Karup By,2026,2856.7,5.6
2020-09-12T23:25:00Z,Karup By,2026,2856.7,5.6
2020-09-13T00:25:00Z,Karup By,2026,2856.7,5.5
2020-09-13T01:25:00Z,Karup By,2026,2856.8,5.6
2020-09-13T02:25:00Z,Karup By,2026,2856.9,5.7
2020-09-13T03:25:00Z,Karup By,2026,2856.9,5.7
2020-09-13T04:25:00Z,Karup By,2026,2857,5.8
2020-09-13T05:25:00Z,Karup By,2026,2856.9,5.7
2020-09-13T06:25:00Z,Karup By,2026,2856.8,5.6
2020-09-13T07:25:00Z,Karup By,2026,2856.6,5.4
2020-09-13T08:25:00Z,Karup By,2026,2856.1,4.9
2020-09-13T09:25:00Z,Karup By,2026,2855.7,4.5
2020-09-13T10:25:00Z,Karup By,2026,2855.7,4.5
2020-09-13T11:25:00Z,Karup By,2026,2855.8,4.6
2020-09-13T12:25:00Z,Karup By,2026,2856,4.8
2020-09-13T13:25:00Z,Karup By,2026,2856.1,4.9
2020-09-13T14:25:00Z,Karup By,2026,2856.1,4.9
2020-09-13T15:25:00Z,Karup By,2026,2856.1,4.9
2020-09-13T16:25:00Z,Karup By,2026,2856.1,4.9
2020-09-13T17:25:00Z,Karup By,2026,2856.2,5
2020-09-13T18:25:00Z,Karup By,2026,2856.1,4.9
2020-09-13T19:25:00Z,Karup By,2026,2856.1,4.9
2020-09-13T20:25:00Z,Karup By,2026,2855.7,4.5
2020-09-13T21:25:00Z,Karup By,2026,2855.4,4.2
2020-09-13T22:25:00Z,Karup By,2026,2855.1,3.9
2020-09-13T23:25:00Z,Karup By,2026,2855.1,3.9
2020-09-14T00:25:00Z,Karup By,2026,2855.3,4.1
2020-09-14T01:25:00Z,Karup By,2026,2855.5,4.3
2020-09-14T02:25:00Z,Karup By,2026,2855.6,4.4
2020-09-14T03:25:00Z,Karup By,2026,2855.8,4.6
2020-09-14T04:25:00Z,Karup By,2026,2855.8,4.6
2020-09-14T05:25:00Z,Karup By,2026,2855.8,4.6
2020-09-14T06:25:00Z,Karup By,2026,2855.8,4.6
2020-09-14T07:25:00Z,Karup By,2026,2855.4,4.2
2020-09-14T08:25:00Z,Karup By,2026,2855.2,4
2020-09-14T09:25:00Z,Karup By,2026,2855.7,4.5
2020-09-14T10:25:00Z,Karup By,2026,2856.2,5
2020-09-14T11:25:00Z,Karup By,2026,2856.5,5.3
2020-09-14T12:25:00Z,Karup By,2026,2856.2,5
2020-09-14T13:25:00Z,Karup By,2026,2855.5,4.3
2020-09-14T14:25:00Z,Karup By,2026,2855.4,4.2
2020-09-14T15:25:00Z,Karup By,2026,2855.3,4.2
2020-09-14T16:25:00Z,Karup By,2026,2855.3,4.1
2020-09-14T17:25:00Z,Karup By,2026,2855.3,4.2
2020-09-14T18:25:00Z,Karup By,2026,2855.3,4.1
2020-09-14T19:25:00Z,Karup By,2026,2855.2,4
2020-09-14T20:25:00Z,Karup By,2026,2854.8,3.6
2020-09-14T21:25:00Z,Karup By,2026,2854.3,3.1
2020-09-14T22:25:00Z,Karup By,2026,2854.2,2.9
2020-09-14T23:25:00Z,Karup By,2026,2854.2,3
2020-09-15T00:25:00Z,Karup By,2026,2854.5,3.2
2020-09-15T01:25:00Z,Karup By,2026,2854.7,3.4
2020-09-15T02:25:00Z,Karup By,2026,2854.8,3.5
2020-09-15T03:25:00Z,Karup By,2026,2854.9,3.6
2020-09-15T04:25:00Z,Karup By,2026,2855,3.7
2020-09-15T05:25:00Z,Karup By,2026,2855.2,4
2020-09-15T06:25:00Z,Karup By,2026,2855.4,4.1
2020-09-15T07:25:00Z,Karup By,2026,2855,3.7
2020-09-15T08:25:00Z,Karup By,2026,2854.2,2.9
2020-09-15T09:25:00Z,Karup By,2026,2854.5,3.2
2020-09-15T10:25:00Z,Karup By,2026,2854.8,3.5
2020-09-15T11:25:00Z,Karup By,2026,2854.1,2.8
2020-09-15T12:25:00Z,Karup By,2026,2854,2.7
2020-09-15T13:25:00Z,Karup By,2026,2854.9,3.6
2020-09-15T14:25:00Z,Karup By,2026,2856.2,4.9
2020-09-15T15:25:00Z,Karup By,2026,2857.7,6.4
2020-09-15T16:25:00Z,Karup By,2026,2858.8,7.5
2020-09-15T17:25:00Z,Karup By,2026,2858.8,7.5
2020-09-15T18:25:00Z,Karup By,2026,2858.4,7.1
2020-09-15T19:25:00Z,Karup By,2026,2857.5,6.2
2020-09-15T20:25:00Z,Karup By,2026,2857.2,5.9
2020-09-15T21:25:00Z,Karup By,2026,2857.2,5.9
2020-09-15T22:25:00Z,Karup By,2026,2857.1,5.8
2020-09-15T23:25:00Z,Karup By,2026,2856.7,5.4
2020-09-16T00:25:00Z,Karup By,2026,2856.6,5.2
2020-09-16T01:25:00Z,Karup By,2026,2856.8,5.4
2020-09-16T02:25:00Z,Karup By,2026,2857.1,5.7
2020-09-16T03:25:00Z,Karup By,2026,2857.2,5.8
2020-09-16T04:25:00Z,Karup By,2026,2857.1,5.7
2020-09-16T05:25:00Z,Karup By,2026,2857.1,5.7
2020-09-16T06:25:00Z,Karup By,2026,2857.1,5.7
2020-09-16T07:25:00Z,Karup By,2026,2856.3,5
2020-09-16T08:25:00Z,Karup By,2026,2855.6,4.2
2020-09-16T09:25:00Z,Karup By,2026,2855.7,4.3
2020-09-16T10:25:00Z,Karup By,2026,2855.8,4.4
2020-09-16T11:25:00Z,Karup By,2026,2855.9,4.5
2020-09-16T12:25:00Z,Karup By,2026,2856.5,5.1
2020-09-16T13:25:00Z,Karup By,2026,2857.2,5.8
2020-09-16T14:25:00Z,Karup By,2026,2857.6,6.2
2020-09-16T15:25:00Z,Karup By,2026,2857.2,5.8
2020-09-16T16:25:00Z,Karup By,2026,2856.8,5.4
2020-09-16T17:25:00Z,Karup By,2026,2856.6,5.2
2020-09-16T18:25:00Z,Karup By,2026,2856.6,5.2
2020-09-16T19:25:00Z,Karup By,2026,2856.6,5.2
2020-09-16T20:25:00Z,Karup By,2026,2856.1,4.7
2020-09-16T21:25:00Z,Karup By,2026,2855.6,4.2
2020-09-16T22:25:00Z,Karup By,2026,2855.5,4.2
2020-09-16T23:25:00Z,Karup By,2026,2855.7,4.3
2020-09-17T00:25:00Z,Karup By,2026,2855.9,4.3
2020-09-17T01:25:00Z,Karup By,2026,2856.2,4.7
2020-09-17T02:25:00Z,Karup By,2026,2856.4,4.9
2020-09-17T03:25:00Z,Karup By,2026,2856.5,5
2020-09-17T04:25:00Z,Karup By,2026,2856.7,5.2
2020-09-17T05:25:00Z,Karup By,2026,2856.8,5.3
2020-09-17T06:25:00Z,Karup By,2026,2856.7,5.1
2020-09-17T07:25:00Z,Karup By,2026,2855.9,4.4
2020-09-17T08:25:00Z,Karup By,2026,2855.5,4
2020-09-17T09:25:00Z,Karup By,2026,2855.6,4
2020-09-17T10:25:00Z,Karup By,2026,2855.8,4.3
2020-09-17T11:25:00Z,Karup By,2026,2856.1,4.6
2020-09-17T12:25:00Z,Karup By,2026,2856.3,4.9
2020-09-17T13:25:00Z,Karup By,2026,2856.6,5.1
2020-09-17T14:25:00Z,Karup By,2026,2857,5.5
2020-09-17T15:25:00Z,Karup By,2026,2857.4,5.9
2020-09-17T16:25:00Z,Karup By,2026,2857.7,6.2
2020-09-17T17:25:00Z,Karup By,2026,2857.9,6.4
2020-09-17T18:25:00Z,Karup By,2026,2859.2,7.8
2020-09-17T19:25:00Z,Karup By,2026,2861.6,10.1
2020-09-17T20:25:00Z,Karup By,2026,2861.7,10.2
2020-09-17T21:25:00Z,Karup By,2026,2860.4,8.9
2020-09-17T22:25:00Z,Karup By,2026,2859.5,8
2020-09-17T23:25:00Z,Karup By,2026,2859.1,7.6
2020-09-18T00:25:00Z,Karup By,2026,2859.2,7.7
2020-09-18T01:25:00Z,Karup By,2026,2859.5,8
2020-09-18T02:25:00Z,Karup By,2026,2859.7,8.2
2020-09-18T03:25:00Z,Karup By,2026,2859.9,8.4
2020-09-18T04:25:00Z,Karup By,2026,2860.1,8.5
2020-09-18T05:25:00Z,Karup By,2026,2860.1,8.6
2020-09-18T06:25:00Z,Karup By,2026,2860,8.5
2020-09-18T07:25:00Z,Karup By,2026,2859.3,7.8
2020-09-18T08:25:00Z,Karup By,2026,2858.9,7.4
2020-09-18T09:25:00Z,Karup By,2026,2859,7.5
2020-09-18T10:25:00Z,Karup By,2026,2859.6,8.1
2020-09-18T11:25:00Z,Karup By,2026,2859.7,8.2
2020-09-18T12:25:00Z,Karup By,2026,2859.3,7.8
2020-09-18T13:25:00Z,Karup By,2026,2858.9,7.4
2020-09-18T14:25:00Z,Karup By,2026,2858.9,7.4
2020-09-18T15:25:00Z,Karup By,2026,2858.9,7.4
2020-09-18T16:25:00Z,Karup By,2026,2858.8,7.3
2020-09-18T17:25:00Z,Karup By,2026,2858.7,7.2
2020-09-18T18:25:00Z,Karup By,2026,2858.7,7.2
2020-09-18T19:25:00Z,Karup By,2026,2858.6,7.1
2020-09-18T20:25:00Z,Karup By,2026,2858,6.5
2020-09-18T21:25:00Z,Karup By,2026,2856.8,5.2
2020-09-18T22:25:00Z,Karup By,2026,2856.1,4.6
2020-09-18T23:25:00Z,Karup By,2026,2856.3,4.8
2020-09-19T00:25:00Z,Karup By,2026,2856.6,5
2020-09-19T01:25:00Z,Karup By,2026,2857.1,5.5
2020-09-19T02:25:00Z,Karup By,2026,2857.4,5.8
2020-09-19T03:25:00Z,Karup By,2026,2857.7,6.1
2020-09-19T04:25:00Z,Karup By,2026,2857.8,6.2
2020-09-19T05:25:00Z,Karup By,2026,2858.1,6.5
2020-09-19T06:25:00Z,Karup By,2026,2858.5,6.9
2020-09-19T07:25:00Z,Karup By,2026,2858.5,6.9
2020-09-19T08:25:00Z,Karup By,2026,2858.5,6.9
2020-09-19T09:25:00Z,Karup By,2026,2858.2,6.6
2020-09-19T10:25:00Z,Karup By,2026,2857.8,6.2
2020-09-19T11:25:00Z,Karup By,2026,2857.4,5.8
2020-09-19T12:25:00Z,Karup By,2026,2857.4,5.8
2020-09-19T13:25:00Z,Karup By,2026,2857.8,6.2
2020-09-19T14:25:00Z,Karup By,2026,2858.3,6.7
2020-09-19T15:25:00Z,Karup By,2026,2858.6,7
2020-09-19T16:25:00Z,Karup By,2026,2858.9,7.3
2020-09-19T17:25:00Z,Karup By,2026,2859.2,7.6
2020-09-19T18:25:00Z,Karup By,2026,2859.4,7.8
2020-09-19T19:25:00Z,Karup By,2026,2859.3,7.7
2020-09-19T20:25:00Z,Karup By,2026,2858.8,7.2
2020-09-19T21:25:00Z,Karup By,2026,2858,6.4
2020-09-19T22:25:00Z,Karup By,2026,2857.7,6.1
2020-09-19T23:25:00Z,Karup By,2026,2857.8,6.2
2020-09-20T00:25:00Z,Karup By,2026,2858,6.4
2020-09-20T01:25:00Z,Karup By,2026,2858.3,6.7
2020-09-20T02:25:00Z,Karup By,2026,2858.5,6.9
2020-09-20T03:25:00Z,Karup By,2026,2858.7,7.1
2020-09-20T04:25:00Z,Karup By,2026,2858.7,7.1
2020-09-20T05:25:00Z,Karup By,2026,2858.8,7.2
2020-09-20T06:25:00Z,Karup By,2026,2858.8,7.2
2020-09-20T07:25:00Z,Karup By,2026,2858.8,7.2
2020-09-20T08:25:00Z,Karup By,2026,2858.4,6.8
2020-09-20T09:25:00Z,Karup By,2026,2857.7,6.1
2020-09-20T10:25:00Z,Karup By,2026,2858.3,6.7
2020-09-20T11:25:00Z,Karup By,2026,2859.3,7.7
2020-09-20T12:25:00Z,Karup By,2026,2859.7,8.1
2020-09-20T13:25:00Z,Karup By,2026,2860.3,8.7
2020-09-20T14:25:00Z,Karup By,2026,2861.2,9.7
2020-09-20T15:25:00Z,Karup By,2026,2861.7,10.1
2020-09-20T16:25:00Z,Karup By,2026,2861.9,10.3
2020-09-20T17:25:00Z,Karup By,2026,2862.2,10.6
2020-09-20T18:25:00Z,Karup By,2026,2862.7,11.1
2020-09-20T19:25:00Z,Karup By,2026,2863.2,11.6
2020-09-20T20:25:00Z,Karup By,2026,2862.7,11.1
2020-09-20T21:25:00Z,Karup By,2026,2862.3,10.8
2020-09-20T22:25:00Z,Karup By,2026,2862.3,10.7
2020-09-20T23:25:00Z,Karup By,2026,2862.4,10.8
2020-09-21T00:25:00Z,Karup By,2026,2862.5,10.8
2020-09-21T01:25:00Z,Karup By,2026,2862.6,10.9
2020-09-21T02:25:00Z,Karup By,2026,2862.6,10.9
2020-09-21T03:25:00Z,Karup By,2026,2862.5,10.8
2020-09-21T04:25:00Z,Karup By,2026,2862.4,10.7
2020-09-21T05:25:00Z,Karup By,2026,2862.2,10.5
2020-09-21T06:25:00Z,Karup By,2026,2861.8,10.2
2020-09-21T07:25:00Z,Karup By,2026,2861,9.3
2020-09-21T08:25:00Z,Karup By,2026,2859.6,7.9
2020-09-21T09:25:00Z,Karup By,2026,2858.7,7
2020-09-21T10:25:00Z,Karup By,2026,2858.6,6.9
2020-09-21T11:25:00Z,Karup By,2026,2858.8,7.1
2020-09-21T12:25:00Z,Karup By,2026,2858.6,6.9
2020-09-21T13:25:00Z,Karup By,2026,2858.5,6.8
2020-09-21T14:25:00Z,Karup By,2026,2858.4,6.7
2020-09-21T15:25:00Z,Karup By,2026,2858.7,7
2020-09-21T16:25:00Z,Karup By,2026,2858.8,7.1
2020-09-21T17:25:00Z,Karup By,2026,2858.7,7
2020-09-21T18:25:00Z,Karup By,2026,2858.6,6.9
2020-09-21T19:25:00Z,Karup By,2026,2858.6,6.9
2020-09-21T20:25:00Z,Karup By,2026,2858.5,6.8
2020-09-21T21:25:00Z,Karup By,2026,2858.5,6.8
2020-09-21T22:25:00Z,Karup By,2026,2858.8,7.1
2020-09-21T23:25:00Z,Karup By,2026,2859,7.3
2020-09-22T00:25:00Z,Karup By,2026,2859.2,7.5
2020-09-22T01:25:00Z,Karup By,2026,2859.2,7.6
2020-09-22T02:25:00Z,Karup By,2026,2859.3,7.6
2020-09-22T03:25:00Z,Karup By,2026,2859.3,7.6
2020-09-22T04:25:00Z,Karup By,2026,2859.3,7.6
2020-09-22T05:25:00Z,Karup By,2026,2859.2,7.5
2020-09-22T06:25:00Z,Karup By,2026,2859.1,7.4
2020-09-22T07:25:00Z,Karup By,2026,2858.9,7.2
2020-09-22T08:25:00Z,Karup By,2026,2858.8,7.1
2020-09-22T09:25:00Z,Karup By,2026,2858.4,6.7
2020-09-22T10:25:00Z,Karup By,2026,2857.2,5.5
2020-09-22T11:25:00Z,Karup By,2026,2856.3,4.7
2020-09-22T12:25:00Z,Karup By,2026,2856.2,4.5
2020-09-22T13:25:00Z,Karup By,2026,2856.4,4.7
2020-09-22T14:25:00Z,Karup By,2026,2856.7,5
2020-09-22T15:25:00Z,Karup By,2026,2856.5,4.8
2020-09-22T16:25:00Z,Karup By,2026,2856.1,4.3
2020-09-22T17:25:00Z,Karup By,2026,2855.9,4.2
2020-09-22T18:25:00Z,Karup By,2026,2856,4.3
2020-09-22T19:25:00Z,Karup By,2026,2856,4.3
2020-09-22T20:25:00Z,Karup By,2026,2855.9,4.2
2020-09-22T21:25:00Z,Karup By,2026,2856,4.3
2020-09-22T22:25:00Z,Karup By,2026,2856.2,4.5
2020-09-22T23:25:00Z,Karup By,2026,2856.4,4.7
2020-09-23T00:25:00Z,Karup By,2026,2856.6,4.9
2020-09-23T01:25:00Z,Karup By,2026,2856.7,5
2020-09-23T02:25:00Z,Karup By,2026,2856.8,5.1
2020-09-23T03:25:00Z,Karup By,2026,2856.8,5.1
2020-09-23T04:25:00Z,Karup By,2026,2856.9,5.2
2020-09-23T05:25:00Z,Karup By,2026,2856.8,5.1
2020-09-23T06:25:00Z,Karup By,2026,2856.8,5.1
2020-09-23T07:25:00Z,Karup By,2026,2856.7,5
2020-09-23T08:25:00Z,Karup By,2026,2856.6,4.9
2020-09-23T09:25:00Z,Karup By,2026,2855.6,3.9
2020-09-23T10:25:00Z,Karup By,2026,2854.4,2.6
2020-09-23T11:25:00Z,Karup By,2026,2854.1,2.4
2020-09-23T12:25:00Z,Karup By,2026,2854.4,2.7
2020-09-23T13:25:00Z,Karup By,2026,2854.9,3.2
2020-09-23T14:25:00Z,Karup By,2026,2855.3,3.6
2020-09-23T15:25:00Z,Karup By,2026,2855.2,3.5
2020-09-23T16:25:00Z,Karup By,2026,2854.9,3.2
2020-09-23T17:25:00Z,Karup By,2026,2855.3,3.6
2020-09-23T18:25:00Z,Karup By,2026,2856.2,4.4
2020-09-23T19:25:00Z,Karup By,2026,2856.1,4.4
2020-09-23T20:25:00Z,Karup By,2026,2855.8,4
2020-09-23T21:25:00Z,Karup By,2026,2856,4.3
2020-09-23T22:25:00Z,Karup By,2026,2856.8,5.1
2020-09-23T23:25:00Z,Karup By,2026,2856.9,5.2
2020-09-24T00:25:00Z,Karup By,2026,2856.8,5
2020-09-24T01:25:00Z,Karup By,2026,2856.9,5.1
2020-09-24T02:25:00Z,Karup By,2026,2857.2,5.3
2020-09-24T03:25:00Z,Karup By,2026,2857.5,5.7
2020-09-24T04:25:00Z,Karup By,2026,2857.6,5.8
2020-09-24T05:25:00Z,Karup By,2026,2857.9,6.1
2020-09-24T06:25:00Z,Karup By,2026,2857.9,6
2020-09-24T07:25:00Z,Karup By,2026,2857.2,5.4
2020-09-24T08:25:00Z,Karup By,2026,2856.9,5.1
2020-09-24T09:25:00Z,Karup By,2026,2856.6,4.8
2020-09-24T10:25:00Z,Karup By,2026,2855.7,4
2020-09-24T11:25:00Z,Karup By,2026,2855.3,3.5
2020-09-24T12:25:00Z,Karup By,2026,2855.5,3.7
2020-09-24T13:25:00Z,Karup By,2026,2855.7,3.9
2020-09-24T14:25:00Z,Karup By,2026,2856,4.2
2020-09-24T15:25:00Z,Karup By,2026,2856.3,4.6
2020-09-24T16:25:00Z,Karup By,2026,2856.4,4.6
2020-09-24T17:25:00Z,Karup By,2026,2856.6,4.8
2020-09-24T18:25:00Z,Karup By,2026,2856.7,4.9
2020-09-24T19:25:00Z,Karup By,2026,2856.7,4.9
2020-09-24T20:25:00Z,Karup By,2026,2856.5,4.7
2020-09-24T21:25:00Z,Karup By,2026,2856.4,4.6
2020-09-24T22:25:00Z,Karup By,2026,2856.6,4.8
2020-09-24T23:25:00Z,Karup By,2026,2856.8,5.1
2020-09-25T00:25:00Z,Karup By,2026,2857,5.2
2020-09-25T01:25:00Z,Karup By,2026,2857.2,5.3
2020-09-25T02:25:00Z,Karup By,2026,2857.3,5.5
2020-09-25T03:25:00Z,Karup By,2026,2857.4,5.6
2020-09-25T04:25:00Z,Karup By,2026,2857.3,5.5
2020-09-25T05:25:00Z,Karup By,2026,2857.3,5.5
2020-09-25T06:25:00Z,Karup By,2026,2856.9,5.1
2020-09-25T07:25:00Z,Karup By,2026,2856,4.2
2020-09-25T08:25:00Z,Karup By,2026,2855.7,3.9
2020-09-25T09:25:00Z,Karup By,2026,2855.9,4.1
2020-09-25T10:25:00Z,Karup By,2026,2856.1,4.3
2020-09-25T11:25:00Z,Karup By,2026,2855.7,3.9
2020-09-25T12:25:00Z,Karup By,2026,2855.2,3.4
2020-09-25T13:25:00Z,Karup By,2026,2855.3,3.5
2020-09-25T14:25:00Z,Karup By,2026,2855.6,3.8
2020-09-25T15:25:00Z,Karup By,2026,2855.5,3.7
2020-09-25T16:25:00Z,Karup By,2026,2855.3,3.5
2020-09-25T17:25:00Z,Karup By,2026,2855.5,3.6
2020-09-25T18:25:00Z,Karup By,2026,2855.6,3.8
2020-09-25T19:25:00Z,Karup By,2026,2855.5,3.7
2020-09-25T20:25:00Z,Karup By,2026,2855.3,3.5
2020-09-25T21:25:00Z,Karup By,2026,2855.3,3.5
2020-09-25T22:25:00Z,Karup By,2026,2855.5,3.7
2020-09-25T23:25:00Z,Karup By,2026,2855.7,3.9
2020-09-26T00:25:00Z,Karup By,2026,2856,4.2
2020-09-26T01:25:00Z,Karup By,2026,2856.1,4.3
2020-09-26T02:25:00Z,Karup By,2026,2856.2,4.4
2020-09-26T03:25:00Z,Karup By,2026,2856.1,4.3
2020-09-26T04:25:00Z,Karup By,2026,2856.1,4.3
2020-09-26T05:25:00Z,Karup By,2026,2856,4.2
2020-09-26T06:25:00Z,Karup By,2026,2855.7,3.9
2020-09-26T07:25:00Z,Karup By,2026,2854.6,2.8
2020-09-26T08:25:00Z,Karup By,2026,2854,2.2
2020-09-26T09:25:00Z,Karup By,2026,2854.1,2.3
2020-09-26T10:25:00Z,Karup By,2026,2854.4,2.6
2020-09-26T11:25:00Z,Karup By,2026,2854.8,3
2020-09-26T12:25:00Z,Karup By,2026,2855,3.2
2020-09-26T13:25:00Z,Karup By,2026,2855.2,3.4
2020-09-26T14:10:00Z,Karup By,2026,2855.3,3.5
2020-09-11T00:22:30Z,Nørkærbro,2020,303.4,-6.4
2020-09-11T01:22:30Z,Nørkærbro,2020,303.2,-6.6
2020-09-11T02:22:30Z,Nørkærbro,2020,303.1,-6.7
2020-09-11T03:22:30Z,Nørkærbro,2020,302.9,-6.9
2020-09-11T04:22:30Z,Nørkærbro,2020,303.2,-6.6
2020-09-11T05:22:30Z,Nørkærbro,2020,303,-6.8
2020-09-11T06:22:30Z,Nørkærbro,2020,302.9,-7
2020-09-11T07:22:30Z,Nørkærbro,2020,302.8,-7.1
2020-09-11T08:22:30Z,Nørkærbro,2020,302.6,-7.2
2020-09-11T09:22:30Z,Nørkærbro,2020,302.6,-7.2
2020-09-11T10:22:30Z,Nørkærbro,2020,302.5,-7.3
2020-09-11T11:22:30Z,Nørkærbro,2020,302.8,-7
2020-09-11T12:22:30Z,Nørkærbro,2020,302.7,-7.1
2020-09-11T13:22:30Z,Nørkærbro,2020,302.8,-7
2020-09-11T14:22:30Z,Nørkærbro,2020,303,-6.8
2020-09-11T15:22:30Z,Nørkærbro,2020,303.1,-6.7
2020-09-11T16:22:30Z,Nørkærbro,2020,303.1,-6.8
2020-09-11T17:22:30Z,Nørkærbro,2020,303.3,-6.5
2020-09-11T18:22:30Z,Nørkærbro,2020,303.1,-6.7
2020-09-11T19:22:30Z,Nørkærbro,2020,303.1,-6.7
2020-09-11T20:22:30Z,Nørkærbro,2020,303,-6.8
2020-09-11T21:22:30Z,Nørkærbro,2020,303.1,-6.7
2020-09-11T22:22:30Z,Nørkærbro,2020,303,-6.9
2020-09-11T23:22:30Z,Nørkærbro,2020,302.8,-7
2020-09-12T00:22:30Z,Nørkærbro,2020,302.8,-7.1
2020-09-12T01:22:30Z,Nørkærbro,2020,302.7,-7.2
2020-09-12T02:22:30Z,Nørkærbro,2020,302.5,-7.4
2020-09-12T03:22:30Z,Nørkærbro,2020,302.4,-7.5
2020-09-12T04:22:30Z,Nørkærbro,2020,302.3,-7.6
2020-09-12T05:22:30Z,Nørkærbro,2020,302.3,-7.6
2020-09-12T06:22:30Z,Nørkærbro,2020,302.5,-7.4
2020-09-12T07:22:30Z,Nørkærbro,2020,302.6,-7.2
2020-09-12T08:22:30Z,Nørkærbro,2020,303,-6.9
2020-09-12T09:22:30Z,Nørkærbro,2020,303.6,-6.3
2020-09-12T10:22:30Z,Nørkærbro,2020,304.1,-5.8
2020-09-12T11:22:30Z,Nørkærbro,2020,304.4,-5.5
2020-09-12T12:22:30Z,Nørkærbro,2020,304.7,-5.2
2020-09-12T13:22:30Z,Nørkærbro,2020,305,-4.9
2020-09-12T14:22:30Z,Nørkærbro,2020,305.4,-4.6
2020-09-12T15:22:30Z,Nørkærbro,2020,305.8,-4.2
2020-09-12T16:22:30Z,Nørkærbro,2020,306.1,-3.8
2020-09-12T17:22:30Z,Nørkærbro,2020,306.6,-3.3
2020-09-12T18:22:30Z,Nørkærbro,2020,307,-2.9
2020-09-12T19:22:30Z,Nørkærbro,2020,307.5,-2.4
2020-09-12T20:22:30Z,Nørkærbro,2020,307.9,-2
2020-09-12T21:22:30Z,Nørkærbro,2020,308.1,-1.8
2020-09-12T22:22:30Z,Nørkærbro,2020,308.3,-1.6
2020-09-12T23:22:30Z,Nørkærbro,2020,308.6,-1.3
2020-09-13T00:22:30Z,Nørkærbro,2020,308.7,-1.4
2020-09-13T01:22:30Z,Nørkærbro,2020,308.9,-1.2
2020-09-13T02:22:30Z,Nørkærbro,2020,308.9,-1.2
2020-09-13T03:22:30Z,Nørkærbro,2020,308.9,-1.2
2020-09-13T04:22:30Z,Nørkærbro,2020,308.8,-1.3
2020-09-13T05:22:30Z,Nørkærbro,2020,308.6,-1.6
2020-09-13T06:22:30Z,Nørkærbro,2020,308.5,-1.6
2020-09-13T07:22:30Z,Nørkærbro,2020,308.4,-1.7
2020-09-13T08:22:30Z,Nørkærbro,2020,308.1,-2
2020-09-13T09:22:30Z,Nørkærbro,2020,308.1,-2
2020-09-13T10:22:30Z,Nørkærbro,2020,307.8,-2.3
2020-09-13T11:22:30Z,Nørkærbro,2020,307.8,-2.4
2020-09-13T12:22:30Z,Nørkærbro,2020,307.3,-2.8
2020-09-13T13:22:30Z,Nørkærbro,2020,307.4,-2.7
2020-09-13T14:22:30Z,Nørkærbro,2020,307.2,-2.9
2020-09-13T15:22:30Z,Nørkærbro,2020,307.1,-3
2020-09-13T16:22:30Z,Nørkærbro,2020,306.6,-3.6
2020-09-13T17:22:30Z,Nørkærbro,2020,306.6,-3.5
2020-09-13T18:22:30Z,Nørkærbro,2020,306.3,-3.8
2020-09-13T19:22:30Z,Nørkærbro,2020,306.2,-3.9
2020-09-13T20:22:30Z,Nørkærbro,2020,306.1,-4
2020-09-13T21:22:30Z,Nørkærbro,2020,305.9,-4.2
2020-09-13T22:22:30Z,Nørkærbro,2020,305.8,-4.3
2020-09-13T23:22:30Z,Nørkærbro,2020,305.5,-4.6
2020-09-14T00:22:30Z,Nørkærbro,2020,305.4,-4.9
2020-09-14T01:22:30Z,Nørkærbro,2020,305.2,-5.1
2020-09-14T02:22:30Z,Nørkærbro,2020,305.2,-5.1
2020-09-14T03:22:30Z,Nørkærbro,2020,305,-5.3
2020-09-14T04:22:30Z,Nørkærbro,2020,304.9,-5.4
2020-09-14T05:22:30Z,Nørkærbro,2020,304.9,-5.3
2020-09-14T06:22:30Z,Nørkærbro,2020,304.9,-5.4
2020-09-14T07:22:30Z,Nørkærbro,2020,304.8,-5.4
2020-09-14T08:22:30Z,Nørkærbro,2020,304.7,-5.6
2020-09-14T09:22:30Z,Nørkærbro,2020,304.5,-5.8
2020-09-14T10:22:30Z,Nørkærbro,2020,304.6,-5.7
2020-09-14T11:22:30Z,Nørkærbro,2020,304.9,-5.4
2020-09-14T12:22:30Z,Nørkærbro,2020,304.9,-5.4
2020-09-14T13:22:30Z,Nørkærbro,2020,304.9,-5.4
2020-09-14T14:22:30Z,Nørkærbro,2020,304.8,-5.5
2020-09-14T15:22:30Z,Nørkærbro,2020,304.9,-5.4
2020-09-14T16:22:30Z,Nørkærbro,2020,304.7,-5.6
2020-09-14T17:22:30Z,Nørkærbro,2020,304.7,-5.6
2020-09-14T18:22:30Z,Nørkærbro,2020,304.8,-5.5
2020-09-14T19:22:30Z,Nørkærbro,2020,304.6,-5.7
2020-09-14T20:22:30Z,Nørkærbro,2020,304.6,-5.7
2020-09-14T21:22:30Z,Nørkærbro,2020,304.4,-5.9
2020-09-14T22:22:30Z,Nørkærbro,2020,304.2,-6.1
2020-09-14T23:22:30Z,Nørkærbro,2020,304.1,-6.2
2020-09-15T00:22:30Z,Nørkærbro,2020,303.8,-6.7
2020-09-15T01:22:30Z,Nørkærbro,2020,303.7,-6.8
2020-09-15T02:22:30Z,Nørkærbro,2020,303.6,-7
2020-09-15T03:22:30Z,Nørkærbro,2020,303.6,-6.9
2020-09-15T04:22:30Z,Nørkærbro,2020,303.6,-7
2020-09-15T05:22:30Z,Nørkærbro,2020,303.6,-6.9
2020-09-15T06:22:30Z,Nørkærbro,2020,303.7,-6.8
2020-09-15T07:22:30Z,Nørkærbro,2020,303.7,-6.8
2020-09-15T08:22:30Z,Nørkærbro,2020,303.8,-6.7
2020-09-15T09:22:30Z,Nørkærbro,2020,303.7,-6.8
2020-09-15T10:22:30Z,Nørkærbro,2020,303.6,-6.9
2020-09-15T11:22:30Z,Nørkærbro,2020,303.3,-7.2
2020-09-15T12:22:30Z,Nørkærbro,2020,303.3,-7.2
2020-09-15T13:22:30Z,Nørkærbro,2020,303.4,-7.1
2020-09-15T14:22:30Z,Nørkærbro,2020,303.4,-7.1
2020-09-15T15:22:30Z,Nørkærbro,2020,303.6,-6.9
2020-09-15T16:22:30Z,Nørkærbro,2020,303.6,-6.8
2020-09-15T17:22:30Z,Nørkærbro,2020,303.6,-6.9
2020-09-15T18:22:30Z,Nørkærbro,2020,303.4,-7.1
2020-09-15T19:22:30Z,Nørkærbro,2020,303.3,-7.2
2020-09-15T20:22:30Z,Nørkærbro,2020,303.3,-7.1
2020-09-15T21:22:30Z,Nørkærbro,2020,303.2,-7.2
2020-09-15T22:22:30Z,Nørkærbro,2020,303,-7.5
2020-09-15T23:22:30Z,Nørkærbro,2020,302.9,-7.7
2020-09-16T00:22:30Z,Nørkærbro,2020,302.9,-7.8
2020-09-16T01:22:30Z,Nørkærbro,2020,302.7,-8
2020-09-16T02:22:30Z,Nørkærbro,2020,302.6,-8.1
2020-09-16T03:22:30Z,Nørkærbro,2020,302.7,-8.1
2020-09-16T04:22:30Z,Nørkærbro,2020,302.6,-8.1
2020-09-16T05:22:30Z,Nørkærbro,2020,302.5,-8.2
2020-09-16T06:22:30Z,Nørkærbro,2020,302.5,-8.2
2020-09-16T07:22:30Z,Nørkærbro,2020,302.5,-8.2
2020-09-16T08:22:30Z,Nørkærbro,2020,302.3,-8.4
2020-09-16T09:22:30Z,Nørkærbro,2020,302.3,-8.3
2020-09-16T10:22:30Z,Nørkærbro,2020,302.4,-8.3
2020-09-16T11:22:30Z,Nørkærbro,2020,302.5,-8.2
2020-09-16T12:22:30Z,Nørkærbro,2020,302.5,-8.2
2020-09-16T13:22:30Z,Nørkærbro,2020,302.5,-8.2
2020-09-16T14:22:30Z,Nørkærbro,2020,302.6,-8.1
2020-09-16T15:22:30Z,Nørkærbro,2020,302.6,-8.1
2020-09-16T16:22:30Z,Nørkærbro,2020,302.8,-7.9
2020-09-16T17:22:30Z,Nørkærbro,2020,302.7,-8
2020-09-16T18:22:30Z,Nørkærbro,2020,302.7,-8.1
2020-09-16T19:22:30Z,Nørkærbro,2020,302.5,-8.2
2020-09-16T20:22:30Z,Nørkærbro,2020,302.2,-8.5
2020-09-16T21:22:30Z,Nørkærbro,2020,302.1,-8.6
2020-09-16T22:22:30Z,Nørkærbro,2020,302,-8.7
2020-09-16T23:22:30Z,Nørkærbro,2020,301.8,-8.9
2020-09-17T00:22:30Z,Nørkærbro,2020,301.8,-9
2020-09-17T01:22:30Z,Nørkærbro,2020,301.5,-9.3
2020-09-17T02:22:30Z,Nørkærbro,2020,301.3,-9.4
2020-09-17T03:22:30Z,Nørkærbro,2020,301.4,-9.4
2020-09-17T04:22:30Z,Nørkærbro,2020,301.3,-9.5
2020-09-17T05:22:30Z,Nørkærbro,2020,301.4,-9.4
2020-09-17T06:22:30Z,Nørkærbro,2020,301.2,-9.6
2020-09-17T07:22:30Z,Nørkærbro,2020,301.1,-9.7
2020-09-17T08:22:30Z,Nørkærbro,2020,301.2,-9.6
2020-09-17T09:22:30Z,Nørkærbro,2020,301,-9.8
2020-09-17T10:22:30Z,Nørkærbro,2020,301.1,-9.8
2020-09-17T11:22:30Z,Nørkærbro,2020,300.8,-10
2020-09-17T12:22:30Z,Nørkærbro,2020,300.8,-10
2020-09-17T13:22:30Z,Nørkærbro,2020,300.8,-10
2020-09-17T14:22:30Z,Nørkærbro,2020,300.8,-10
2020-09-17T15:22:30Z,Nørkærbro,2020,300.7,-10.1
2020-09-17T16:22:30Z,Nørkærbro,2020,300.7,-10.2
2020-09-17T17:22:30Z,Nørkærbro,2020,300.5,-10.3
2020-09-17T18:22:30Z,Nørkærbro,2020,300.4,-10.4
2020-09-17T19:22:30Z,Nørkærbro,2020,300.4,-10.4
2020-09-17T20:22:30Z,Nørkærbro,2020,300.4,-10.4
2020-09-17T21:22:30Z,Nørkærbro,2020,300.4,-10.4
2020-09-17T22:22:30Z,Nørkærbro,2020,300.5,-10.3
2020-09-17T23:22:30Z,Nørkærbro,2020,300.4,-10.4
2020-09-18T00:22:30Z,Nørkærbro,2020,300.3,-10.7
2020-09-18T01:22:30Z,Nørkærbro,2020,300.2,-10.8
2020-09-18T02:22:30Z,Nørkærbro,2020,300.2,-10.8
2020-09-18T03:22:30Z,Nørkærbro,2020,300.1,-10.9
2020-09-18T04:22:30Z,Nørkærbro,2020,300,-11.1
2020-09-18T05:22:30Z,Nørkærbro,2020,300.1,-10.9
2020-09-18T06:22:30Z,Nørkærbro,2020,300,-11
2020-09-18T07:22:30Z,Nørkærbro,2020,299.9,-11.1
2020-09-18T08:22:30Z,Nørkærbro,2020,300,-11.1
2020-09-18T09:22:30Z,Nørkærbro,2020,300.1,-10.9
2020-09-18T10:22:30Z,Nørkærbro,2020,299.9,-11.2
2020-09-18T11:22:30Z,Nørkærbro,2020,299.8,-11.2
2020-09-18T12:22:30Z,Nørkærbro,2020,299.9,-11.2
2020-09-18T13:22:30Z,Nørkærbro,2020,300,-11.1
2020-09-18T14:22:30Z,Nørkærbro,2020,300.1,-10.9
2020-09-18T15:22:30Z,Nørkærbro,2020,300,-10.9
2020-09-18T16:22:30Z,Nørkærbro,2020,300.1,-11
2020-09-18T17:22:30Z,Nørkærbro,2020,300.2,-10.8
2020-09-18T18:22:30Z,Nørkærbro,2020,300.1,-10.8
2020-09-18T19:22:30Z,Nørkærbro,2020,300.1,-10.9
2020-09-18T20:22:30Z,Nørkærbro,2020,300.1,-10.9
2020-09-18T21:22:30Z,Nørkærbro,2020,300.2,-10.8
2020-09-18T22:22:30Z,Nørkærbro,2020,300.2,-10.8
2020-09-18T23:22:30Z,Nørkærbro,2020,300.1,-10.8
2020-09-19T00:22:30Z,Nørkærbro,2020,300,-11.2
2020-09-19T01:22:30Z,Nørkærbro,2020,299.9,-11.3
2020-09-19T02:22:30Z,Nørkærbro,2020,299.9,-11.3
2020-09-19T03:22:30Z,Nørkærbro,2020,299.8,-11.4
2020-09-19T04:22:30Z,Nørkærbro,2020,299.8,-11.4
2020-09-19T05:22:30Z,Nørkærbro,2020,299.8,-11.4
2020-09-19T06:22:30Z,Nørkærbro,2020,299.8,-11.4
2020-09-19T07:22:30Z,Nørkærbro,2020,299.8,-11.5
2020-09-19T08:22:30Z,Nørkærbro,2020,299.8,-11.4
2020-09-19T09:22:30Z,Nørkærbro,2020,299.7,-11.4
2020-09-19T10:22:30Z,Nørkærbro,2020,299.8,-11.4
2020-09-19T11:22:30Z,Nørkærbro,2020,299.9,-11.3
2020-09-19T12:22:30Z,Nørkærbro,2020,299.9,-11.2
2020-09-19T13:22:30Z,Nørkærbro,2020,299.7,-11.5
2020-09-19T14:22:30Z,Nørkærbro,2020,299.7,-11.5
2020-09-19T15:22:30Z,Nørkærbro,2020,299.8,-11.4
2020-09-19T16:22:30Z,Nørkærbro,2020,300,-11.2
2020-09-19T17:22:30Z,Nørkærbro,2020,300.1,-11.2
2020-09-19T18:22:30Z,Nørkærbro,2020,300.3,-10.9
2020-09-19T19:22:30Z,Nørkærbro,2020,300.2,-11
2020-09-19T20:22:30Z,Nørkærbro,2020,300.2,-11
2020-09-19T21:22:30Z,Nørkærbro,2020,300,-11.2
2020-09-19T22:22:30Z,Nørkærbro,2020,300.1,-11.1
2020-09-19T23:22:30Z,Nørkærbro,2020,300.3,-10.9
2020-09-20T00:22:30Z,Nørkærbro,2020,300.2,-11.2
2020-09-20T01:22:30Z,Nørkærbro,2020,300.1,-11.2
2020-09-20T02:22:30Z,Nørkærbro,2020,300.2,-11.1
2020-09-20T03:22:30Z,Nørkærbro,2020,300.2,-11.1
2020-09-20T04:22:30Z,Nørkærbro,2020,300.3,-11
2020-09-20T05:22:30Z,Nørkærbro,2020,300.3,-11
2020-09-20T06:22:30Z,Nørkærbro,2020,300.2,-11.1
2020-09-20T07:22:30Z,Nørkærbro,2020,300.3,-11
2020-09-20T08:22:30Z,Nørkærbro,2020,300.2,-11.1
2020-09-20T09:22:30Z,Nørkærbro,2020,300.2,-11.2
2020-09-20T10:22:30Z,Nørkærbro,2020,300.4,-10.9
2020-09-20T11:22:30Z,Nørkærbro,2020,300.4,-10.9
2020-09-20T12:22:30Z,Nørkærbro,2020,300.5,-10.8
2020-09-20T13:22:30Z,Nørkærbro,2020,300.4,-10.8
2020-09-20T14:22:30Z,Nørkærbro,2020,300.4,-10.8
2020-09-20T15:22:30Z,Nørkærbro,2020,300.5,-10.8
2020-09-20T16:22:30Z,Nørkærbro,2020,300.5,-10.8
2020-09-20T17:22:30Z,Nørkærbro,2020,300.5,-10.8
2020-09-20T18:22:30Z,Nørkærbro,2020,300.5,-10.8
2020-09-20T19:22:30Z,Nørkærbro,2020,300.5,-10.8
2020-09-20T20:22:30Z,Nørkærbro,2020,300.5,-10.8
2020-09-20T21:22:30Z,Nørkærbro,2020,300.5,-10.8
2020-09-20T22:22:30Z,Nørkærbro,2020,300.4,-10.9
2020-09-20T23:22:30Z,Nørkærbro,2020,300.4,-10.8
2020-09-21T00:22:30Z,Nørkærbro,2020,300.4,-11.1
2020-09-21T01:22:30Z,Nørkærbro,2020,300.3,-11.2
2020-09-21T02:22:30Z,Nørkærbro,2020,300.3,-11.2
2020-09-21T03:22:30Z,Nørkærbro,2020,300.2,-11.3
2020-09-21T04:22:30Z,Nørkærbro,2020,300.2,-11.2
2020-09-21T05:22:30Z,Nørkærbro,2020,300.3,-11.3
2020-09-21T06:22:30Z,Nørkærbro,2020,300.2,-11.3
2020-09-21T07:22:30Z,Nørkærbro,2020,300.2,-11.2
2020-09-21T08:22:30Z,Nørkærbro,2020,300.2,-11.3
2020-09-21T09:22:30Z,Nørkærbro,2020,300.2,-11.3
2020-09-21T10:22:30Z,Nørkærbro,2020,300.3,-11.2
2020-09-21T11:22:30Z,Nørkærbro,2020,300.4,-11.1
2020-09-21T12:22:30Z,Nørkærbro,2020,300.3,-11.2
2020-09-21T13:22:30Z,Nørkærbro,2020,300.4,-11.2
2020-09-21T14:22:30Z,Nørkærbro,2020,300.4,-11.1
2020-09-21T15:22:30Z,Nørkærbro,2020,300.3,-11.2
2020-09-21T16:22:30Z,Nørkærbro,2020,300.3,-11.1
2020-09-21T17:22:30Z,Nørkærbro,2020,300.4,-11.1
2020-09-21T18:22:30Z,Nørkærbro,2020,300.5,-11
2020-09-21T19:22:30Z,Nørkærbro,2020,300.4,-11.2
2020-09-21T20:22:30Z,Nørkærbro,2020,300.4,-11.1
2020-09-21T21:22:30Z,Nørkærbro,2020,300.4,-11.1
2020-09-21T22:22:30Z,Nørkærbro,2020,300.2,-11.3
2020-09-21T23:22:30Z,Nørkærbro,2020,300.1,-11.3
2020-09-22T00:22:30Z,Nørkærbro,2020,300,-11.7
2020-09-22T01:22:30Z,Nørkærbro,2020,300,-11.7
2020-09-22T02:22:30Z,Nørkærbro,2020,300,-11.7
2020-09-22T03:22:30Z,Nørkærbro,2020,300,-11.8
2020-09-22T04:22:30Z,Nørkærbro,2020,300.1,-11.6
2020-09-22T05:22:30Z,Nørkærbro,2020,300.1,-11.6
2020-09-22T06:22:30Z,Nørkærbro,2020,300,-11.7
2020-09-22T07:22:30Z,Nørkærbro,2020,300,-11.7
2020-09-22T08:22:30Z,Nørkærbro,2020,300.1,-11.6
2020-09-22T09:22:30Z,Nørkærbro,2020,300,-11.7
2020-09-22T10:22:30Z,Nørkærbro,2020,300,-11.8
2020-09-22T11:22:30Z,Nørkærbro,2020,300,-11.7
2020-09-22T12:22:30Z,Nørkærbro,2020,300.2,-11.6
2020-09-22T13:22:30Z,Nørkærbro,2020,300,-11.7
2020-09-22T14:22:30Z,Nørkærbro,2020,300.1,-11.7
2020-09-22T15:22:30Z,Nørkærbro,2020,300.1,-11.6
2020-09-22T16:22:30Z,Nørkærbro,2020,300.1,-11.6
2020-09-22T17:22:30Z,Nørkærbro,2020,300.2,-11.5
2020-09-22T18:22:30Z,Nørkærbro,2020,300.1,-11.6
2020-09-22T19:22:30Z,Nørkærbro,2020,300,-11.7
2020-09-22T20:22:30Z,Nørkærbro,2020,299.9,-11.8
2020-09-22T21:22:30Z,Nørkærbro,2020,300.1,-11.6
2020-09-22T22:22:30Z,Nørkærbro,2020,300,-11.7
2020-09-22T23:22:30Z,Nørkærbro,2020,299.9,-11.8
2020-09-23T00:22:30Z,Nørkærbro,2020,299.9,-11.9
2020-09-23T01:22:30Z,Nørkærbro,2020,300,-11.8
2020-09-23T02:22:30Z,Nørkærbro,2020,299.9,-11.8
2020-09-23T03:22:30Z,Nørkærbro,2020,299.9,-11.9
2020-09-23T04:22:30Z,Nørkærbro,2020,299.8,-12
2020-09-23T05:22:30Z,Nørkærbro,2020,300,-11.8
2020-09-23T06:22:30Z,Nørkærbro,2020,299.9,-11.9
2020-09-23T07:22:30Z,Nørkærbro,2020,299.8,-11.9
2020-09-23T08:22:30Z,Nørkærbro,2020,300,-11.8
2020-09-23T09:22:30Z,Nørkærbro,2020,299.9,-11.9
2020-09-23T10:22:30Z,Nørkærbro,2020,300.1,-11.7
2020-09-23T11:22:30Z,Nørkærbro,2020,300.2,-11.6
2020-09-23T12:22:30Z,Nørkærbro,2020,300.4,-11.4
2020-09-23T13:22:30Z,Nørkærbro,2020,300.4,-11.4
2020-09-23T14:22:30Z,Nørkærbro,2020,300.7,-11.1
2020-09-23T15:22:30Z,Nørkærbro,2020,300.6,-11.2
2020-09-23T16:22:30Z,Nørkærbro,2020,300.7,-11.1
2020-09-23T17:22:30Z,Nørkærbro,2020,300.9,-10.9
2020-09-23T18:22:30Z,Nørkærbro,2020,301.2,-10.6
2020-09-23T19:22:30Z,Nørkærbro,2020,301.9,-10
2020-09-23T20:22:30Z,Nørkærbro,2020,302.3,-9.5
2020-09-23T21:22:30Z,Nørkærbro,2020,302.2,-9.6
2020-09-23T22:22:30Z,Nørkærbro,2020,302.2,-9.6
2020-09-23T23:22:30Z,Nørkærbro,2020,302.2,-9.6
2020-09-24T00:22:30Z,Nørkærbro,2020,302.1,-9.9
2020-09-24T01:22:30Z,Nørkærbro,2020,302.2,-9.8
2020-09-24T02:22:30Z,Nørkærbro,2020,302,-10
2020-09-24T03:22:30Z,Nørkærbro,2020,302.2,-9.8
2020-09-24T04:22:30Z,Nørkærbro,2020,302.5,-9.5
2020-09-24T05:22:30Z,Nørkærbro,2020,302.6,-9.4
2020-09-24T06:22:30Z,Nørkærbro,2020,303.1,-8.9
2020-09-24T07:22:30Z,Nørkærbro,2020,302.9,-9.1
2020-09-24T08:22:30Z,Nørkærbro,2020,302.8,-9.2
2020-09-24T09:22:30Z,Nørkærbro,2020,302.8,-9.2
2020-09-24T10:22:30Z,Nørkærbro,2020,302.9,-9.1
2020-09-24T11:22:30Z,Nørkærbro,2020,303,-8.9
2020-09-24T12:22:30Z,Nørkærbro,2020,303.1,-8.9
2020-09-24T13:22:30Z,Nørkærbro,2020,303.4,-8.5
2020-09-24T14:22:30Z,Nørkærbro,2020,303.6,-8.4
2020-09-24T15:22:30Z,Nørkærbro,2020,303.7,-8.3
2020-09-24T16:22:30Z,Nørkærbro,2020,303.3,-8.7
2020-09-24T17:22:30Z,Nørkærbro,2020,303.2,-8.8
2020-09-24T18:22:30Z,Nørkærbro,2020,303.4,-8.6
2020-09-24T19:22:30Z,Nørkærbro,2020,303.5,-8.5
2020-09-24T20:22:30Z,Nørkærbro,2020,303.6,-8.4
2020-09-24T21:22:30Z,Nørkærbro,2020,304.1,-7.9
2020-09-24T22:22:30Z,Nørkærbro,2020,304.5,-7.5
2020-09-24T23:22:30Z,Nørkærbro,2020,304.8,-7.2
2020-09-25T00:22:30Z,Nørkærbro,2020,305.1,-7.1
2020-09-25T01:22:30Z,Nørkærbro,2020,305.5,-6.7
2020-09-25T02:22:30Z,Nørkærbro,2020,305.7,-6.5
2020-09-25T03:22:30Z,Nørkærbro,2020,306.1,-6.1
2020-09-25T04:22:30Z,Nørkærbro,2020,306.2,-6
2020-09-25T05:22:30Z,Nørkærbro,2020,306.3,-5.9
2020-09-25T06:22:30Z,Nørkærbro,2020,306.5,-5.8
2020-09-25T07:22:30Z,Nørkærbro,2020,306.5,-5.7
2020-09-25T08:22:30Z,Nørkærbro,2020,306.5,-5.7
2020-09-25T09:22:30Z,Nørkærbro,2020,306.6,-5.6
2020-09-25T10:22:30Z,Nørkærbro,2020,306.6,-5.6
2020-09-25T11:22:30Z,Nørkærbro,2020,306.7,-5.4
2020-09-25T12:22:30Z,Nørkærbro,2020,306.7,-5.5
2020-09-25T13:22:30Z,Nørkærbro,2020,306.8,-5.4
2020-09-25T14:22:30Z,Nørkærbro,2020,306.8,-5.4
2020-09-25T15:22:30Z,Nørkærbro,2020,306.8,-5.4
2020-09-25T16:22:30Z,Nørkærbro,2020,306.6,-5.6
2020-09-25T17:22:30Z,Nørkærbro,2020,306.5,-5.7
2020-09-25T18:22:30Z,Nørkærbro,2020,306,-6.2
2020-09-25T19:22:30Z,Nørkærbro,2020,306.1,-6.1
2020-09-25T20:22:30Z,Nørkærbro,2020,305.7,-6.6
2020-09-25T21:22:30Z,Nørkærbro,2020,305.6,-6.7
2020-09-25T22:22:30Z,Nørkærbro,2020,305.3,-6.9
2020-09-25T23:22:30Z,Nørkærbro,2020,305.3,-7
2020-09-26T00:22:30Z,Nørkærbro,2020,305.1,-7.2
2020-09-26T01:22:30Z,Nørkærbro,2020,304.9,-7.4
2020-09-26T02:22:30Z,Nørkærbro,2020,304.8,-7.5
2020-09-26T03:22:30Z,Nørkærbro,2020,304.7,-7.6
2020-09-26T04:22:30Z,Nørkærbro,2020,304.6,-7.7
2020-09-26T05:22:30Z,Nørkærbro,2020,304.6,-7.8
2020-09-26T06:22:30Z,Nørkærbro,2020,304.7,-7.7
2020-09-26T07:22:30Z,Nørkærbro,2020,304.8,-7.5
2020-09-26T08:22:30Z,Nørkærbro,2020,304.6,-7.7
2020-09-26T09:22:30Z,Nørkærbro,2020,304.6,-7.7
2020-09-26T10:22:30Z,Nørkærbro,2020,304.6,-7.7
2020-09-26T11:22:30Z,Nørkærbro,2020,304.5,-7.8
2020-09-26T12:22:30Z,Nørkærbro,2020,304.6,-7.7
2020-09-26T13:22:30Z,Nørkærbro,2020,304.5,-7.8
2020-09-11T00:22:30Z,Nørkærbro,2021,296.4,-13.3
2020-09-11T01:22:30Z,Nørkærbro,2021,296.2,-13.4
2020-09-11T02:22:30Z,Nørkærbro,2021,296.2,-13.4
2020-09-11T03:22:30Z,Nørkærbro,2021,296.6,-13
2020-09-11T04:22:30Z,Nørkærbro,2021,297.3,-12.3
2020-09-11T05:22:30Z,Nørkærbro,2021,298.7,-10.9
2020-09-11T06:22:30Z,Nørkærbro,2021,300,-9.6
2020-09-11T07:22:30Z,Nørkærbro,2021,301.5,-8.1
2020-09-11T08:22:30Z,Nørkærbro,2021,303.2,-6.3
2020-09-11T09:22:30Z,Nørkærbro,2021,305,-4.7
2020-09-11T10:22:30Z,Nørkærbro,2021,305.8,-3.8
2020-09-11T11:22:30Z,Nørkærbro,2021,306.6,-3
2020-09-11T12:22:30Z,Nørkærbro,2021,307.2,-2.4
2020-09-11T13:22:30Z,Nørkærbro,2021,307.6,-2
2020-09-11T14:22:30Z,Nørkærbro,2021,307.6,-2
2020-09-11T15:22:30Z,Nørkærbro,2021,307.7,-1.9
2020-09-11T16:22:30Z,Nørkærbro,2021,307.6,-2
2020-09-11T17:22:30Z,Nørkærbro,2021,307.4,-2.1
2020-09-11T18:22:30Z,Nørkærbro,2021,307.4,-2.2
2020-09-11T19:22:30Z,Nørkærbro,2021,306.9,-2.7
2020-09-11T20:22:30Z,Nørkærbro,2021,306.9,-2.7
2020-09-11T21:22:30Z,Nørkærbro,2021,306.8,-2.8
2020-09-11T22:22:30Z,Nørkærbro,2021,306.5,-3.1
2020-09-11T23:22:30Z,Nørkærbro,2021,306.5,-3
2020-09-12T00:22:30Z,Nørkærbro,2021,306.4,-3.4
2020-09-12T01:22:30Z,Nørkærbro,2021,306.2,-3.6
2020-09-12T02:22:30Z,Nørkærbro,2021,306,-3.8
2020-09-12T03:22:30Z,Nørkærbro,2021,305.9,-3.9
2020-09-12T04:22:30Z,Nørkærbro,2021,305.5,-4.3
2020-09-12T05:22:30Z,Nørkærbro,2021,305.4,-4.4
2020-09-12T06:22:30Z,Nørkærbro,2021,305.3,-4.5
2020-09-12T07:22:30Z,Nørkærbro,2021,305.1,-4.7
2020-09-12T08:22:30Z,Nørkærbro,2021,304.9,-5
2020-09-12T09:22:30Z,Nørkærbro,2021,304.7,-5.1
2020-09-12T10:22:30Z,Nørkærbro,2021,304.7,-5.1
2020-09-12T11:22:30Z,Nørkærbro,2021,304.8,-5.1
2020-09-12T12:22:30Z,Nørkærbro,2021,304.7,-5.1
2020-09-12T13:22:30Z,Nørkærbro,2021,304.6,-5.2
2020-09-12T14:22:30Z,Nørkærbro,2021,304.2,-5.6
2020-09-12T15:22:30Z,Nørkærbro,2021,304,-5.8
2020-09-12T16:22:30Z,Nørkærbro,2021,303.8,-6
2020-09-12T17:22:30Z,Nørkærbro,2021,303.7,-6.1
2020-09-12T18:22:30Z,Nørkærbro,2021,303.4,-6.4
2020-09-12T19:22:30Z,Nørkærbro,2021,303.5,-6.3
2020-09-12T20:22:30Z,Nørkærbro,2021,303.4,-6.4
2020-09-12T21:22:30Z,Nørkærbro,2021,303.2,-6.6
2020-09-12T22:22:30Z,Nørkærbro,2021,303.2,-6.7
2020-09-12T23:22:30Z,Nørkærbro,2021,303.1,-6.7
2020-09-13T00:22:30Z,Nørkærbro,2021,302.9,-7
2020-09-13T01:22:30Z,Nørkærbro,2021,303,-6.9
2020-09-13T02:22:30Z,Nørkærbro,2021,302.9,-7
2020-09-13T03:22:30Z,Nørkærbro,2021,302.7,-7.2
2020-09-13T04:22:30Z,Nørkærbro,2021,303,-6.9
2020-09-13T05:22:30Z,Nørkærbro,2021,302.8,-7.1
2020-09-13T06:22:30Z,Nørkærbro,2021,302.8,-7.1
2020-09-13T07:22:30Z,Nørkærbro,2021,302.7,-7.2
2020-09-13T08:22:30Z,Nørkærbro,2021,302.8,-7
2020-09-13T09:22:30Z,Nørkærbro,2021,302.8,-7.1
2020-09-13T10:22:30Z,Nørkærbro,2021,302.8,-7.1
2020-09-13T11:22:30Z,Nørkærbro,2021,303,-6.9
2020-09-13T12:22:30Z,Nørkærbro,2021,303.2,-6.7
2020-09-13T13:22:30Z,Nørkærbro,2021,303.2,-6.7
2020-09-13T14:22:30Z,Nørkærbro,2021,303.3,-6.7
2020-09-13T15:22:30Z,Nørkærbro,2021,303.1,-6.8
2020-09-13T16:22:30Z,Nørkærbro,2021,303,-6.9
2020-09-13T17:22:30Z,Nørkærbro,2021,303.1,-6.8
2020-09-13T18:22:30Z,Nørkærbro,2021,303.1,-6.9
2020-09-13T19:22:30Z,Nørkærbro,2021,303.1,-6.9
2020-09-13T20:22:30Z,Nørkærbro,2021,303,-6.9
2020-09-13T21:22:30Z,Nørkærbro,2021,303,-6.9
2020-09-13T22:22:30Z,Nørkærbro,2021,302.9,-7
2020-09-13T23:22:30Z,Nørkærbro,2021,302.7,-7.2
2020-09-14T00:22:30Z,Nørkærbro,2021,302.7,-7.4
2020-09-14T01:22:30Z,Nørkærbro,2021,302.6,-7.5
2020-09-14T02:22:30Z,Nørkærbro,2021,302.4,-7.7
2020-09-14T03:22:30Z,Nørkærbro,2021,302.2,-7.8
2020-09-14T04:22:30Z,Nørkærbro,2021,302.2,-7.8
2020-09-14T05:22:30Z,Nørkærbro,2021,302.3,-7.8
2020-09-14T06:22:30Z,Nørkærbro,2021,302,-8.1
2020-09-14T07:22:30Z,Nørkærbro,2021,302,-8.1
2020-09-14T08:22:30Z,Nørkærbro,2021,301.8,-8.3
2020-09-14T09:22:30Z,Nørkærbro,2021,301.5,-8.6
2020-09-14T10:22:30Z,Nørkærbro,2021,301.7,-8.5
2020-09-14T11:22:30Z,Nørkærbro,2021,301.5,-8.6
2020-09-14T12:22:30Z,Nørkærbro,2021,301.4,-8.6
2020-09-14T13:22:30Z,Nørkærbro,2021,301.5,-8.6
2020-09-14T14:22:30Z,Nørkærbro,2021,301.9,-8.2
2020-09-14T15:22:30Z,Nørkærbro,2021,302,-8.1
2020-09-14T16:22:30Z,Nørkærbro,2021,301.7,-8.4
2020-09-14T17:22:30Z,Nørkærbro,2021,301.7,-8.4
2020-09-14T18:22:30Z,Nørkærbro,2021,301.3,-8.8
2020-09-14T19:22:30Z,Nørkærbro,2021,301.1,-9
2020-09-14T20:22:30Z,Nørkærbro,2021,300.9,-9.2
2020-09-14T21:22:30Z,Nørkærbro,2021,301,-9.1
2020-09-14T22:22:30Z,Nørkærbro,2021,301.1,-9
2020-09-14T23:22:30Z,Nørkærbro,2021,301.2,-8.9
2020-09-15T00:22:30Z,Nørkærbro,2021,301.1,-9.2
2020-09-15T01:22:30Z,Nørkærbro,2021,301.2,-9.2
2020-09-15T02:22:30Z,Nørkærbro,2021,300.9,-9.4
2020-09-15T03:22:30Z,Nørkærbro,2021,300.9,-9.4
2020-09-15T04:22:30Z,Nørkærbro,2021,301,-9.3
2020-09-15T05:22:30Z,Nørkærbro,2021,300.9,-9.4
2020-09-15T06:22:30Z,Nørkærbro,2021,300.9,-9.4
2020-09-15T07:22:30Z,Nørkærbro,2021,301.1,-9.2
2020-09-15T08:22:30Z,Nørkærbro,2021,301.2,-9.1
2020-09-15T09:22:30Z,Nørkærbro,2021,301.1,-9.2
2020-09-15T10:22:30Z,Nørkærbro,2021,301.5,-8.8
2020-09-15T11:22:30Z,Nørkærbro,2021,301.9,-8.4
2020-09-15T12:22:30Z,Nørkærbro,2021,302.8,-7.5
2020-09-15T13:22:30Z,Nørkærbro,2021,304.1,-6.2
2020-09-15T14:22:30Z,Nørkærbro,2021,305.5,-4.9
2020-09-15T15:22:30Z,Nørkærbro,2021,307.5,-2.8
2020-09-15T16:22:30Z,Nørkærbro,2021,310,-0.3
2020-09-15T17:22:30Z,Nørkærbro,2021,312.9,2.6
2020-09-15T18:22:30Z,Nørkærbro,2021,315.4,5.1
2020-09-15T19:22:30Z,Nørkærbro,2021,317.6,7.3
2020-09-15T20:22:30Z,Nørkærbro,2021,319.2,8.9
2020-09-15T21:22:30Z,Nørkærbro,2021,320.7,10.4
2020-09-15T22:22:30Z,Nørkærbro,2021,321.8,11.5
2020-09-15T23:22:30Z,Nørkærbro,2021,322.8,12.5
2020-09-16T00:22:30Z,Nørkærbro,2021,323.3,12.9
2020-09-16T01:22:30Z,Nørkærbro,2021,323.8,13.3
2020-09-16T02:22:30Z,Nørkærbro,2021,324,13.5
2020-09-16T03:22:30Z,Nørkærbro,2021,324,13.5
2020-09-16T04:22:30Z,Nørkærbro,2021,324.1,13.6
2020-09-16T05:22:30Z,Nørkærbro,2021,323.9,13.4
2020-09-16T06:22:30Z,Nørkærbro,2021,324,13.5
2020-09-16T07:22:30Z,Nørkærbro,2021,324.1,13.5
2020-09-16T08:22:30Z,Nørkærbro,2021,323.9,13.5
2020-09-16T09:22:30Z,Nørkærbro,2021,323.9,13.4
2020-09-16T10:22:30Z,Nørkærbro,2021,323.8,13.3
2020-09-16T11:22:30Z,Nørkærbro,2021,323.6,13.1
2020-09-16T12:22:30Z,Nørkærbro,2021,323.4,12.9
2020-09-16T13:22:30Z,Nørkærbro,2021,323,12.5
2020-09-16T14:22:30Z,Nørkærbro,2021,322.6,12.1
2020-09-16T15:22:30Z,Nørkærbro,2021,322.2,11.7
2020-09-16T16:22:30Z,Nørkærbro,2021,322,11.5
2020-09-16T17:22:30Z,Nørkærbro,2021,321.4,10.9
2020-09-16T18:22:30Z,Nørkærbro,2021,321,10.5
2020-09-16T19:22:30Z,Nørkærbro,2021,320.6,10.1
2020-09-16T20:22:30Z,Nørkærbro,2021,320.1,9.6
2020-09-16T21:22:30Z,Nørkærbro,2021,319.5,9
2020-09-16T22:22:30Z,Nørkærbro,2021,318.9,8.4
2020-09-16T23:22:30Z,Nørkærbro,2021,318.1,7.6
2020-09-17T00:22:30Z,Nørkærbro,2021,317.4,6.7
2020-09-17T01:22:30Z,Nørkærbro,2021,316.6,5.9
2020-09-17T02:22:30Z,Nørkærbro,2021,315.9,5.2
2020-09-17T03:22:30Z,Nørkærbro,2021,315.1,4.4
2020-09-17T04:22:30Z,Nørkærbro,2021,314.3,3.6
2020-09-17T05:22:30Z,Nørkærbro,2021,313.8,3.1
2020-09-17T06:22:30Z,Nørkærbro,2021,313.2,2.5
2020-09-17T07:22:30Z,Nørkærbro,2021,312.5,1.8
2020-09-17T08:22:30Z,Nørkærbro,2021,312.1,1.4
2020-09-17T09:22:30Z,Nørkærbro,2021,311.6,0.9
2020-09-17T10:22:30Z,Nørkærbro,2021,311.5,0.8
2020-09-17T11:22:30Z,Nørkærbro,2021,311.5,0.8
2020-09-17T12:22:30Z,Nørkærbro,2021,311.4,0.7
2020-09-17T13:22:30Z,Nørkærbro,2021,311.3,0.7
2020-09-17T14:22:30Z,Nørkærbro,2021,311.3,0.5
2020-09-17T15:22:30Z,Nørkærbro,2021,311,0.3
2020-09-17T16:22:30Z,Nørkærbro,2021,311,0.4
2020-09-17T17:22:30Z,Nørkærbro,2021,311,0.4
2020-09-17T18:22:30Z,Nørkærbro,2021,310.7,0
2020-09-17T19:22:30Z,Nørkærbro,2021,310.1,-0.6
2020-09-17T20:22:30Z,Nørkærbro,2021,310,-0.7
2020-09-17T21:22:30Z,Nørkærbro,2021,309.8,-0.9
2020-09-17T22:22:30Z,Nørkærbro,2021,309.6,-1.1
2020-09-17T23:22:30Z,Nørkærbro,2021,309.3,-1.4
2020-09-18T00:22:30Z,Nørkærbro,2021,309.2,-1.6
2020-09-18T01:22:30Z,Nørkærbro,2021,308.9,-1.9
2020-09-18T02:22:30Z,Nørkærbro,2021,308.8,-2.1
2020-09-18T03:22:30Z,Nørkærbro,2021,308.4,-2.4
2020-09-18T04:22:30Z,Nørkærbro,2021,308.2,-2.6
2020-09-18T05:22:30Z,Nørkærbro,2021,308,-2.7
2020-09-18T06:22:30Z,Nørkærbro,2021,307.9,-2.9
2020-09-18T07:22:30Z,Nørkærbro,2021,307.8,-3
2020-09-18T08:22:30Z,Nørkærbro,2021,307.6,-3.2
2020-09-18T09:22:30Z,Nørkærbro,2021,307.4,-3.4
2020-09-18T10:22:30Z,Nørkærbro,2021,307.5,-3.3
2020-09-18T11:22:30Z,Nørkærbro,2021,307.5,-3.3
2020-09-18T12:22:30Z,Nørkærbro,2021,307.2,-3.6
2020-09-18T13:22:30Z,Nørkærbro,2021,307,-3.8
2020-09-18T14:22:30Z,Nørkærbro,2021,306.9,-3.9
2020-09-18T15:22:30Z,Nørkærbro,2021,306.8,-4
2020-09-18T16:22:30Z,Nørkærbro,2021,306.7,-4.2
2020-09-18T17:22:30Z,Nørkærbro,2021,306.5,-4.3
2020-09-18T18:22:30Z,Nørkærbro,2021,306.6,-4.2
2020-09-18T19:22:30Z,Nørkærbro,2021,306.4,-4.4
2020-09-18T20:22:30Z,Nørkærbro,2021,306.3,-4.5
2020-09-18T21:22:30Z,Nørkærbro,2021,306.3,-4.5
2020-09-18T22:22:30Z,Nørkærbro,2021,306.1,-4.7
2020-09-18T23:22:30Z,Nørkærbro,2021,306,-4.8
2020-09-19T00:22:30Z,Nørkærbro,2021,305.9,-5.1
2020-09-19T01:22:30Z,Nørkærbro,2021,305.8,-5.2
2020-09-19T02:22:30Z,Nørkærbro,2021,305.6,-5.4
2020-09-19T03:22:30Z,Nørkærbro,2021,305.7,-5.3
2020-09-19T04:22:30Z,Nørkærbro,2021,305.5,-5.6
2020-09-19T05:22:30Z,Nørkærbro,2021,305.4,-5.6
2020-09-19T06:22:30Z,Nørkærbro,2021,305.4,-5.6
2020-09-19T07:22:30Z,Nørkærbro,2021,305.1,-5.8
2020-09-19T08:22:30Z,Nørkærbro,2021,305.2,-5.8
2020-09-19T09:22:30Z,Nørkærbro,2021,305.1,-5.9
2020-09-19T10:22:30Z,Nørkærbro,2021,304.9,-6
2020-09-19T11:22:30Z,Nørkærbro,2021,305,-6
2020-09-19T12:22:30Z,Nørkærbro,2021,305.1,-5.8
2020-09-19T13:22:30Z,Nørkærbro,2021,305.1,-5.9
2020-09-19T14:22:30Z,Nørkærbro,2021,304.9,-6.1
2020-09-19T15:22:30Z,Nørkærbro,2021,304.9,-6.1
2020-09-19T16:22:30Z,Nørkærbro,2021,304.9,-6.2
2020-09-19T17:22:30Z,Nørkærbro,2021,304.6,-6.4
2020-09-19T18:22:30Z,Nørkærbro,2021,304.5,-6.4
2020-09-19T19:22:30Z,Nørkærbro,2021,304.4,-6.6
2020-09-19T20:22:30Z,Nørkærbro,2021,304.2,-6.8
2020-09-19T21:22:30Z,Nørkærbro,2021,304.2,-6.8
2020-09-19T22:22:30Z,Nørkærbro,2021,304.2,-6.8
2020-09-19T23:22:30Z,Nørkærbro,2021,304.1,-6.9
2020-09-20T00:22:30Z,Nørkærbro,2021,304.1,-7.2
2020-09-20T01:22:30Z,Nørkærbro,2021,304,-7.2
2020-09-20T02:22:30Z,Nørkærbro,2021,304,-7.2
2020-09-20T03:22:30Z,Nørkærbro,2021,304,-7.2
2020-09-20T04:22:30Z,Nørkærbro,2021,303.7,-7.5
2020-09-20T05:22:30Z,Nørkærbro,2021,303.8,-7.4
2020-09-20T06:22:30Z,Nørkærbro,2021,303.7,-7.5
2020-09-20T07:22:30Z,Nørkærbro,2021,303.5,-7.7
2020-09-20T08:22:30Z,Nørkærbro,2021,303.5,-7.7
2020-09-20T09:22:30Z,Nørkærbro,2021,303.5,-7.8
2020-09-20T10:22:30Z,Nørkærbro,2021,303.3,-7.8
2020-09-20T11:22:30Z,Nørkærbro,2021,303.4,-7.8
2020-09-20T12:22:30Z,Nørkærbro,2021,303.4,-7.8
2020-09-20T13:22:30Z,Nørkærbro,2021,303.3,-7.8
2020-09-20T14:22:30Z,Nørkærbro,2021,303.3,-7.9
2020-09-20T15:22:30Z,Nørkærbro,2021,303.3,-8
2020-09-20T16:22:30Z,Nørkærbro,2021,303,-8.2
2020-09-20T17:22:30Z,Nørkærbro,2021,303,-8.2
2020-09-20T18:22:30Z,Nørkærbro,2021,303,-8.2
2020-09-20T19:22:30Z,Nørkærbro,2021,302.9,-8.2
2020-09-20T20:22:30Z,Nørkærbro,2021,302.8,-8.4
2020-09-20T21:22:30Z,Nørkærbro,2021,302.7,-8.5
2020-09-20T22:22:30Z,Nørkærbro,2021,302.6,-8.6
2020-09-20T23:22:30Z,Nørkærbro,2021,302.7,-8.5
2020-09-21T00:22:30Z,Nørkærbro,2021,302.6,-8.6
2020-09-21T01:22:30Z,Nørkærbro,2021,302.8,-8.5
2020-09-21T02:22:30Z,Nørkærbro,2021,302.6,-8.7
2020-09-21T03:22:30Z,Nørkærbro,2021,302.6,-8.7
2020-09-21T04:22:30Z,Nørkærbro,2021,302.5,-8.8
2020-09-21T05:22:30Z,Nørkærbro,2021,302.6,-8.8
2020-09-21T06:22:30Z,Nørkærbro,2021,302.6,-8.6
2020-09-21T07:22:30Z,Nørkærbro,2021,302.5,-8.8
2020-09-21T08:22:30Z,Nørkærbro,2021,302.6,-8.8
2020-09-21T09:22:30Z,Nørkærbro,2021,302.7,-8.6
2020-09-21T10:22:30Z,Nørkærbro,2021,302.9,-8.4
2020-09-21T11:22:30Z,Nørkærbro,2021,302.8,-8.5
2020-09-21T12:22:30Z,Nørkærbro,2021,303.1,-8.2
2020-09-21T13:22:30Z,Nørkærbro,2021,303.2,-8.1
2020-09-21T14:22:30Z,Nørkærbro,2021,303.2,-8.1
2020-09-21T15:22:30Z,Nørkærbro,2021,303.2,-8.1
2020-09-21T16:22:30Z,Nørkærbro,2021,303.1,-8.2
2020-09-21T17:22:30Z,Nørkærbro,2021,303.1,-8.2
2020-09-21T18:22:30Z,Nørkærbro,2021,303.2,-8.1
2020-09-21T19:22:30Z,Nørkærbro,2021,303.1,-8.2
2020-09-21T20:22:30Z,Nørkærbro,2021,303.1,-8.2
2020-09-21T21:22:30Z,Nørkærbro,2021,303.1,-8.2
2020-09-21T22:22:30Z,Nørkærbro,2021,302.8,-8.5
2020-09-21T23:22:30Z,Nørkærbro,2021,302.7,-8.6
2020-09-22T00:22:30Z,Nørkærbro,2021,302.6,-8.9
2020-09-22T01:22:30Z,Nørkærbro,2021,302.6,-8.9
2020-09-22T02:22:30Z,Nørkærbro,2021,302.6,-8.9
2020-09-22T03:22:30Z,Nørkærbro,2021,302.5,-9
2020-09-22T04:22:30Z,Nørkærbro,2021,302.5,-9
2020-09-22T05:22:30Z,Nørkærbro,2021,302.4,-9.1
2020-09-22T06:22:30Z,Nørkærbro,2021,302.3,-9.2
2020-09-22T07:22:30Z,Nørkærbro,2021,302.4,-9
2020-09-22T08:22:30Z,Nørkærbro,2021,302.5,-9
2020-09-22T09:22:30Z,Nørkærbro,2021,302.5,-9
2020-09-22T10:22:30Z,Nørkærbro,2021,302.3,-9.2
2020-09-22T11:22:30Z,Nørkærbro,2021,302,-9.5
2020-09-22T12:22:30Z,Nørkærbro,2021,302.6,-8.9
2020-09-22T13:22:30Z,Nørkærbro,2021,302.8,-8.7
2020-09-22T14:22:30Z,Nørkærbro,2021,303,-8.5
2020-09-22T15:22:30Z,Nørkærbro,2021,303.1,-8.4
2020-09-22T16:22:30Z,Nørkærbro,2021,303,-8.5
2020-09-22T17:22:30Z,Nørkærbro,2021,303.1,-8.4
2020-09-22T18:22:30Z,Nørkærbro,2021,302.9,-8.5
2020-09-22T19:22:30Z,Nørkærbro,2021,302.8,-8.7
2020-09-22T20:22:30Z,Nørkærbro,2021,302.8,-8.7
2020-09-22T21:22:30Z,Nørkærbro,2021,302.8,-8.8
2020-09-22T22:22:30Z,Nørkærbro,2021,302.6,-8.8
2020-09-22T23:22:30Z,Nørkærbro,2021,302.9,-8.6
2020-09-23T00:22:30Z,Nørkærbro,2021,302.9,-8.8
2020-09-23T01:22:30Z,Nørkærbro,2021,302.7,-9
2020-09-23T02:22:30Z,Nørkærbro,2021,302.7,-8.9
2020-09-23T03:22:30Z,Nørkærbro,2021,302.6,-9.1
2020-09-23T04:22:30Z,Nørkærbro,2021,302.5,-9.2
2020-09-23T05:22:30Z,Nørkærbro,2021,302.6,-9.1
2020-09-23T06:22:30Z,Nørkærbro,2021,302.6,-9.1
2020-09-23T07:22:30Z,Nørkærbro,2021,303,-8.7
2020-09-23T08:22:30Z,Nørkærbro,2021,303.1,-8.6
2020-09-23T09:22:30Z,Nørkærbro,2021,303.5,-8.2
2020-09-23T10:22:30Z,Nørkærbro,2021,303.7,-8
2020-09-23T11:22:30Z,Nørkærbro,2021,304.3,-7.4
2020-09-23T12:22:30Z,Nørkærbro,2021,304.9,-6.8
2020-09-23T13:22:30Z,Nørkærbro,2021,305.2,-6.5
2020-09-23T14:22:30Z,Nørkærbro,2021,305.5,-6.2
2020-09-23T15:22:30Z,Nørkærbro,2021,306,-5.7
2020-09-23T16:22:30Z,Nørkærbro,2021,306.6,-5.1
2020-09-23T17:22:30Z,Nørkærbro,2021,306.9,-4.8
2020-09-23T18:22:30Z,Nørkærbro,2021,307.1,-4.6
2020-09-23T19:22:30Z,Nørkærbro,2021,307.5,-4.2
2020-09-23T20:22:30Z,Nørkærbro,2021,307.6,-4.1
2020-09-23T21:22:30Z,Nørkærbro,2021,307.7,-4
2020-09-23T22:22:30Z,Nørkærbro,2021,307.9,-3.9
2020-09-23T23:22:30Z,Nørkærbro,2021,307.9,-3.8
2020-09-24T00:22:30Z,Nørkærbro,2021,308.1,-3.7
2020-09-24T01:22:30Z,Nørkærbro,2021,308.1,-3.7
2020-09-24T02:22:30Z,Nørkærbro,2021,308.1,-3.7
2020-09-24T03:22:30Z,Nørkærbro,2021,308.2,-3.6
2020-09-24T04:22:30Z,Nørkærbro,2021,308.2,-3.6
2020-09-24T05:22:30Z,Nørkærbro,2021,308.1,-3.7
2020-09-24T06:22:30Z,Nørkærbro,2021,307.5,-4.3
2020-09-24T07:22:30Z,Nørkærbro,2021,307.4,-4.4
2020-09-24T08:22:30Z,Nørkærbro,2021,307.8,-4
2020-09-24T09:22:30Z,Nørkærbro,2021,307.1,-4.7
2020-09-24T10:22:30Z,Nørkærbro,2021,306.4,-5.4
2020-09-24T11:22:30Z,Nørkærbro,2021,306,-5.8
2020-09-24T12:22:30Z,Nørkærbro,2021,305.7,-6.1
2020-09-24T13:22:30Z,Nørkærbro,2021,305.6,-6.2
2020-09-24T14:22:30Z,Nørkærbro,2021,305.1,-6.7
2020-09-24T15:22:30Z,Nørkærbro,2021,305.2,-6.6
2020-09-24T16:22:30Z,Nørkærbro,2021,305,-6.8
2020-09-24T17:22:30Z,Nørkærbro,2021,304.7,-7.1
2020-09-24T18:22:30Z,Nørkærbro,2021,304.5,-7.3
2020-09-24T19:22:30Z,Nørkærbro,2021,304.4,-7.3
2020-09-24T20:22:30Z,Nørkærbro,2021,304,-7.8
2020-09-24T21:22:30Z,Nørkærbro,2021,303.9,-7.8
2020-09-24T22:22:30Z,Nørkærbro,2021,303.8,-8
2020-09-24T23:22:30Z,Nørkærbro,2021,303.8,-8
2020-09-25T00:22:30Z,Nørkærbro,2021,303.6,-8.4
2020-09-25T01:22:30Z,Nørkærbro,2021,303.3,-8.7
2020-09-25T02:22:30Z,Nørkærbro,2021,303.2,-8.8
2020-09-25T03:22:30Z,Nørkærbro,2021,303.1,-8.8
2020-09-25T04:22:30Z,Nørkærbro,2021,303,-8.9
2020-09-25T05:22:30Z,Nørkærbro,2021,302.9,-9.1
2020-09-25T06:22:30Z,Nørkærbro,2021,302.8,-9.2
2020-09-25T07:22:30Z,Nørkærbro,2021,302.7,-9.3
2020-09-25T08:22:30Z,Nørkærbro,2021,302.4,-9.6
2020-09-25T09:22:30Z,Nørkærbro,2021,302.6,-9.3
2020-09-25T10:22:30Z,Nørkærbro,2021,302.7,-9.2
2020-09-25T11:22:30Z,Nørkærbro,2021,302.8,-9.2
2020-09-25T12:22:30Z,Nørkærbro,2021,302.8,-9.2
2020-09-25T13:22:30Z,Nørkærbro,2021,302.5,-9.5
2020-09-25T14:22:30Z,Nørkærbro,2021,302.6,-9.4
2020-09-25T15:22:30Z,Nørkærbro,2021,302.4,-9.6
2020-09-25T16:22:30Z,Nørkærbro,2021,302.3,-9.7
2020-09-25T17:22:30Z,Nørkærbro,2021,302.1,-9.9
2020-09-25T18:22:30Z,Nørkærbro,2021,302,-10
2020-09-25T19:22:30Z,Nørkærbro,2021,302,-10.1
2020-09-25T20:22:30Z,Nørkærbro,2021,301.9,-10.1
2020-09-25T21:22:30Z,Nørkærbro,2021,301.7,-10.3
2020-09-25T22:22:30Z,Nørkærbro,2021,301.5,-10.5
2020-09-25T23:22:30Z,Nørkærbro,2021,301.4,-10.5
2020-09-26T00:22:30Z,Nørkærbro,2021,301.3,-10.9
2020-09-26T01:22:30Z,Nørkærbro,2021,301,-11.2
2020-09-26T02:22:30Z,Nørkærbro,2021,300.9,-11.2
2020-09-26T03:22:30Z,Nørkærbro,2021,300.8,-11.4
2020-09-26T04:22:30Z,Nørkærbro,2021,300.6,-11.6
2020-09-26T05:22:30Z,Nørkærbro,2021,300.7,-11.5
2020-09-26T06:22:30Z,Nørkærbro,2021,300.7,-11.5
2020-09-26T07:22:30Z,Nørkærbro,2021,300.6,-11.6
2020-09-26T08:22:30Z,Nørkærbro,2021,300.6,-11.6
2020-09-26T09:22:30Z,Nørkærbro,2021,300.5,-11.7
2020-09-26T10:22:30Z,Nørkærbro,2021,300.5,-11.7
2020-09-26T11:22:30Z,Nørkærbro,2021,300.4,-11.8
2020-09-26T12:22:30Z,Nørkærbro,2021,300.6,-11.6
2020-09-26T13:22:30Z,Nørkærbro,2021,300.7,-11.5
2020-09-11T00:25:00Z,Nørkærbro,2022,303.3,-6.3
2020-09-11T01:25:00Z,Nørkærbro,2022,303.1,-6.5
2020-09-11T02:25:00Z,Nørkærbro,2022,303,-6.6
2020-09-11T03:25:00Z,Nørkærbro,2022,302.8,-6.8
2020-09-11T04:25:00Z,Nørkærbro,2022,302.6,-7
2020-09-11T05:25:00Z,Nørkærbro,2022,302.4,-7.1
2020-09-11T06:25:00Z,Nørkærbro,2022,302.2,-7.4
2020-09-11T07:25:00Z,Nørkærbro,2022,301.9,-7.7
2020-09-11T08:25:00Z,Nørkærbro,2022,301.4,-8.2
2020-09-11T09:25:00Z,Nørkærbro,2022,301.3,-8.4
2020-09-11T10:25:00Z,Nørkærbro,2022,301.1,-8.5
2020-09-11T11:25:00Z,Nørkærbro,2022,301,-8.6
2020-09-11T12:25:00Z,Nørkærbro,2022,301,-8.6
2020-09-11T13:25:00Z,Nørkærbro,2022,301.1,-8.5
2020-09-11T14:25:00Z,Nørkærbro,2022,301.1,-8.5
2020-09-11T15:25:00Z,Nørkærbro,2022,301,-8.6
2020-09-11T16:25:00Z,Nørkærbro,2022,300.8,-8.8
2020-09-11T17:25:00Z,Nørkærbro,2022,300.8,-8.8
2020-09-11T18:25:00Z,Nørkærbro,2022,300.6,-9
2020-09-11T19:25:00Z,Nørkærbro,2022,300.4,-9.2
2020-09-11T20:25:00Z,Nørkærbro,2022,300.3,-9.3
2020-09-11T21:25:00Z,Nørkærbro,2022,300.2,-9.4
2020-09-11T22:25:00Z,Nørkærbro,2022,300.1,-9.5
2020-09-11T23:25:00Z,Nørkærbro,2022,300.1,-9.5
2020-09-12T00:25:00Z,Nørkærbro,2022,299.9,-10
2020-09-12T01:25:00Z,Nørkærbro,2022,299.8,-10
2020-09-12T02:25:00Z,Nørkærbro,2022,299.7,-10.1
2020-09-12T03:25:00Z,Nørkærbro,2022,299.7,-10.1
2020-09-12T04:25:00Z,Nørkærbro,2022,299.6,-10.2
2020-09-12T05:25:00Z,Nørkærbro,2022,299.4,-10.3
2020-09-12T06:25:00Z,Nørkærbro,2022,299.2,-10.5
2020-09-12T07:25:00Z,Nørkærbro,2022,299.2,-10.6
2020-09-12T08:25:00Z,Nørkærbro,2022,299,-10.8
2020-09-12T09:25:00Z,Nørkærbro,2022,299,-10.8
2020-09-12T10:25:00Z,Nørkærbro,2022,298.9,-10.9
2020-09-12T11:25:00Z,Nørkærbro,2022,299,-10.8
2020-09-12T12:25:00Z,Nørkærbro,2022,299.1,-10.8
2020-09-12T13:25:00Z,Nørkærbro,2022,299.3,-10.5
2020-09-12T14:25:00Z,Nørkærbro,2022,299.1,-10.7
2020-09-12T15:25:00Z,Nørkærbro,2022,299.3,-10.5
2020-09-12T16:25:00Z,Nørkærbro,2022,299.3,-10.5
2020-09-12T17:25:00Z,Nørkærbro,2022,299.2,-10.6
2020-09-12T18:25:00Z,Nørkærbro,2022,298.9,-10.9
2020-09-12T19:25:00Z,Nørkærbro,2022,299.2,-10.6
2020-09-12T20:25:00Z,Nørkærbro,2022,299.6,-10.2
2020-09-12T21:25:00Z,Nørkærbro,2022,300.2,-9.6
2020-09-12T22:25:00Z,Nørkærbro,2022,301.1,-8.7
2020-09-12T23:25:00Z,Nørkærbro,2022,301.9,-7.9
2020-09-13T00:25:00Z,Nørkærbro,2022,302.9,-7
2020-09-13T01:25:00Z,Nørkærbro,2022,304.3,-5.6
2020-09-13T02:25:00Z,Nørkærbro,2022,306.3,-3.6
2020-09-13T03:25:00Z,Nørkærbro,2022,308.2,-1.7
2020-09-13T04:25:00Z,Nørkærbro,2022,310.3,0.4
2020-09-13T05:25:00Z,Nørkærbro,2022,311.8,1.9
2020-09-13T06:25:00Z,Nørkærbro,2022,313.1,3.2
2020-09-13T07:25:00Z,Nørkærbro,2022,313.8,3.9
2020-09-13T08:25:00Z,Nørkærbro,2022,314.3,4.4
2020-09-13T09:25:00Z,Nørkærbro,2022,314.8,4.9
2020-09-13T10:25:00Z,Nørkærbro,2022,315.5,5.6
2020-09-13T11:25:00Z,Nørkærbro,2022,315.8,5.9
2020-09-13T12:25:00Z,Nørkærbro,2022,316.1,6.2
2020-09-13T13:25:00Z,Nørkærbro,2022,316.4,6.5
2020-09-13T14:25:00Z,Nørkærbro,2022,316.5,6.6
2020-09-13T15:25:00Z,Nørkærbro,2022,316.6,6.7
2020-09-13T16:25:00Z,Nørkærbro,2022,316.3,6.4
2020-09-13T17:25:00Z,Nørkærbro,2022,316.5,6.6
2020-09-13T18:25:00Z,Nørkærbro,2022,316.2,6.3
2020-09-13T19:25:00Z,Nørkærbro,2022,316.1,6.2
2020-09-13T20:25:00Z,Nørkærbro,2022,315.8,5.9
2020-09-13T21:25:00Z,Nørkærbro,2022,315.6,5.7
2020-09-13T22:25:00Z,Nørkærbro,2022,315.5,5.7
2020-09-13T23:25:00Z,Nørkærbro,2022,315.3,5.4
2020-09-14T00:25:00Z,Nørkærbro,2022,315,5
2020-09-14T01:25:00Z,Nørkærbro,2022,314.5,4.4
2020-09-14T02:25:00Z,Nørkærbro,2022,314.1,4
2020-09-14T03:25:00Z,Nørkærbro,2022,313.8,3.7
2020-09-14T04:25:00Z,Nørkærbro,2022,313.2,3.1
2020-09-14T05:25:00Z,Nørkærbro,2022,312.6,2.5
2020-09-14T06:25:00Z,Nørkærbro,2022,312.3,2.1
2020-09-14T07:25:00Z,Nørkærbro,2022,311.7,1.6
2020-09-14T08:25:00Z,Nørkærbro,2022,311.4,1.3
2020-09-14T09:25:00Z,Nørkærbro,2022,310.8,0.8
2020-09-14T10:25:00Z,Nørkærbro,2022,310.1,0
2020-09-14T11:25:00Z,Nørkærbro,2022,310.1,0
2020-09-14T12:25:00Z,Nørkærbro,2022,309.7,-0.4
2020-09-14T13:25:00Z,Nørkærbro,2022,309.4,-0.7
2020-09-14T14:25:00Z,Nørkærbro,2022,309.2,-0.9
2020-09-14T15:25:00Z,Nørkærbro,2022,309.1,-1
2020-09-14T16:25:00Z,Nørkærbro,2022,309,-1.1
2020-09-14T17:25:00Z,Nørkærbro,2022,308.9,-1.2
2020-09-14T18:25:00Z,Nørkærbro,2022,308.4,-1.7
2020-09-14T19:25:00Z,Nørkærbro,2022,308.2,-1.9
2020-09-14T20:25:00Z,Nørkærbro,2022,307.7,-2.4
2020-09-14T21:25:00Z,Nørkærbro,2022,307.2,-2.9
2020-09-14T22:25:00Z,Nørkærbro,2022,306.9,-3.2
2020-09-14T23:25:00Z,Nørkærbro,2022,306.4,-3.7
2020-09-15T00:25:00Z,Nørkærbro,2022,306.2,-4.1
2020-09-15T01:25:00Z,Nørkærbro,2022,305.9,-4.4
2020-09-15T02:25:00Z,Nørkærbro,2022,305.8,-4.5
2020-09-15T03:25:00Z,Nørkærbro,2022,305.7,-4.6
2020-09-15T04:25:00Z,Nørkærbro,2022,305.5,-4.8
2020-09-15T05:25:00Z,Nørkærbro,2022,305.5,-4.8
2020-09-15T06:25:00Z,Nørkærbro,2022,305.5,-4.8
2020-09-15T07:25:00Z,Nørkærbro,2022,305.5,-4.8
2020-09-15T08:25:00Z,Nørkærbro,2022,305.5,-4.8
2020-09-15T09:25:00Z,Nørkærbro,2022,305.5,-4.8
2020-09-15T10:25:00Z,Nørkærbro,2022,305.8,-4.5
2020-09-15T11:25:00Z,Nørkærbro,2022,306,-4.3
2020-09-15T12:25:00Z,Nørkærbro,2022,306.1,-4.2
2020-09-15T13:25:00Z,Nørkærbro,2022,306.6,-3.7
2020-09-15T14:25:00Z,Nørkærbro,2022,306.9,-3.4
2020-09-15T15:25:00Z,Nørkærbro,2022,306.6,-3.7
2020-09-15T16:25:00Z,Nørkærbro,2022,306.7,-3.6
2020-09-15T17:25:00Z,Nørkærbro,2022,306.3,-4
2020-09-15T18:25:00Z,Nørkærbro,2022,305.9,-4.3
2020-09-15T19:25:00Z,Nørkærbro,2022,305.7,-4.6
2020-09-15T20:25:00Z,Nørkærbro,2022,305.3,-5
2020-09-15T21:25:00Z,Nørkærbro,2022,305,-5.2
2020-09-15T22:25:00Z,Nørkærbro,2022,305.1,-5.2
2020-09-15T23:25:00Z,Nørkærbro,2022,304.7,-5.6
2020-09-16T00:25:00Z,Nørkærbro,2022,304.7,-5.8
2020-09-16T01:25:00Z,Nørkærbro,2022,304.5,-6
2020-09-16T02:25:00Z,Nørkærbro,2022,304.4,-6.1
2020-09-16T03:25:00Z,Nørkærbro,2022,304.4,-6.2
2020-09-16T04:25:00Z,Nørkærbro,2022,304.5,-6
2020-09-16T05:25:00Z,Nørkærbro,2022,304.9,-5.6
2020-09-16T06:25:00Z,Nørkærbro,2022,305.5,-5
2020-09-16T07:25:00Z,Nørkærbro,2022,306,-4.6
2020-09-16T08:25:00Z,Nørkærbro,2022,306.1,-4.4
2020-09-16T09:25:00Z,Nørkærbro,2022,306.3,-4.2
2020-09-16T10:25:00Z,Nørkærbro,2022,306.5,-4
2020-09-16T11:25:00Z,Nørkærbro,2022,306.6,-3.9
2020-09-16T12:25:00Z,Nørkærbro,2022,306.7,-3.8
2020-09-16T13:25:00Z,Nørkærbro,2022,306.7,-3.8
2020-09-16T14:25:00Z,Nørkærbro,2022,306.6,-3.9
2020-09-16T15:25:00Z,Nørkærbro,2022,306.7,-3.8
2020-09-16T16:25:00Z,Nørkærbro,2022,306.7,-3.8
2020-09-16T17:25:00Z,Nørkærbro,2022,306.7,-3.8
2020-09-16T18:25:00Z,Nørkærbro,2022,306.4,-4.1
2020-09-16T19:25:00Z,Nørkærbro,2022,306.4,-4
2020-09-16T20:25:00Z,Nørkærbro,2022,306.3,-4.2
2020-09-16T21:25:00Z,Nørkærbro,2022,306.1,-4.4
2020-09-16T22:25:00Z,Nørkærbro,2022,305.9,-4.6
2020-09-16T23:25:00Z,Nørkærbro,2022,305.7,-4.8
2020-09-17T00:25:00Z,Nørkærbro,2022,305.6,-5.1
2020-09-17T01:25:00Z,Nørkærbro,2022,305.5,-5.2
2020-09-17T02:25:00Z,Nørkærbro,2022,305,-5.7
2020-09-17T03:25:00Z,Nørkærbro,2022,304.8,-5.9
2020-09-17T04:25:00Z,Nørkærbro,2022,304.5,-6.2
2020-09-17T05:25:00Z,Nørkærbro,2022,304.5,-6.3
2020-09-17T06:25:00Z,Nørkærbro,2022,304.1,-6.6
2020-09-17T07:25:00Z,Nørkærbro,2022,304,-6.7
2020-09-17T08:25:00Z,Nørkærbro,2022,303.7,-7
2020-09-17T09:25:00Z,Nørkærbro,2022,303.3,-7.4
2020-09-17T10:25:00Z,Nørkærbro,2022,303.2,-7.5
2020-09-17T11:25:00Z,Nørkærbro,2022,303.1,-7.6
2020-09-17T12:25:00Z,Nørkærbro,2022,303.1,-7.6
2020-09-17T13:25:00Z,Nørkærbro,2022,303,-7.6
2020-09-17T14:25:00Z,Nørkærbro,2022,303,-7.7
2020-09-17T15:25:00Z,Nørkærbro,2022,303.1,-7.6
2020-09-17T16:25:00Z,Nørkærbro,2022,303,-7.7
2020-09-17T17:25:00Z,Nørkærbro,2022,302.9,-7.8
2020-09-17T18:25:00Z,Nørkærbro,2022,302.7,-8
2020-09-17T19:25:00Z,Nørkærbro,2022,302.5,-8.2
2020-09-17T20:25:00Z,Nørkærbro,2022,302.4,-8.3
2020-09-17T21:25:00Z,Nørkærbro,2022,302.4,-8.3
2020-09-17T22:25:00Z,Nørkærbro,2022,302.2,-8.5
2020-09-17T23:25:00Z,Nørkærbro,2022,302,-8.7
2020-09-18T00:25:00Z,Nørkærbro,2022,302,-8.8
2020-09-18T01:25:00Z,Nørkærbro,2022,301.9,-8.9
2020-09-18T02:25:00Z,Nørkærbro,2022,301.7,-9.1
2020-09-18T03:25:00Z,Nørkærbro,2022,301.8,-9
2020-09-18T04:25:00Z,Nørkærbro,2022,301.6,-9.2
2020-09-18T05:25:00Z,Nørkærbro,2022,301.5,-9.3
2020-09-18T06:25:00Z,Nørkærbro,2022,301.3,-9.6
2020-09-18T07:25:00Z,Nørkærbro,2022,301.1,-9.7
2020-09-18T08:25:00Z,Nørkærbro,2022,301.2,-9.6
2020-09-18T09:25:00Z,Nørkærbro,2022,301.3,-9.5
2020-09-18T10:25:00Z,Nørkærbro,2022,301.5,-9.3
2020-09-18T11:25:00Z,Nørkærbro,2022,301.6,-9.2
2020-09-18T12:25:00Z,Nørkærbro,2022,301.5,-9.3
2020-09-18T13:25:00Z,Nørkærbro,2022,301.4,-9.3
2020-09-18T14:25:00Z,Nørkærbro,2022,301.2,-9.6
2020-09-18T15:25:00Z,Nørkærbro,2022,301.2,-9.6
2020-09-18T16:25:00Z,Nørkærbro,2022,301.1,-9.7
2020-09-18T17:25:00Z,Nørkærbro,2022,301.1,-9.7
2020-09-18T18:25:00Z,Nørkærbro,2022,301.1,-9.7
2020-09-18T19:25:00Z,Nørkærbro,2022,300.9,-9.8
2020-09-18T20:25:00Z,Nørkærbro,2022,301,-9.8
2020-09-18T21:25:00Z,Nørkærbro,2022,300.9,-9.9
2020-09-18T22:25:00Z,Nørkærbro,2022,301.1,-9.7
2020-09-18T23:25:00Z,Nørkærbro,2022,301.2,-9.6
2020-09-19T00:25:00Z,Nørkærbro,2022,301,-10
2020-09-19T01:25:00Z,Nørkærbro,2022,301.3,-9.7
2020-09-19T02:25:00Z,Nørkærbro,2022,301.5,-9.5
2020-09-19T03:25:00Z,Nørkærbro,2022,301.5,-9.5
2020-09-19T04:25:00Z,Nørkærbro,2022,301.5,-9.5
2020-09-19T05:25:00Z,Nørkærbro,2022,301.5,-9.5
2020-09-19T06:25:00Z,Nørkærbro,2022,301.3,-9.7
2020-09-19T07:25:00Z,Nørkærbro,2022,301.4,-9.6
2020-09-19T08:25:00Z,Nørkærbro,2022,301.3,-9.7
2020-09-19T09:25:00Z,Nørkærbro,2022,301.2,-9.8
2020-09-19T10:25:00Z,Nørkærbro,2022,301.1,-9.9
2020-09-19T11:25:00Z,Nørkærbro,2022,301.2,-9.8
2020-09-19T12:25:00Z,Nørkærbro,2022,301.2,-9.8
2020-09-19T13:25:00Z,Nørkærbro,2022,301,-10
2020-09-19T14:25:00Z,Nørkærbro,2022,300.9,-10.1
2020-09-19T15:25:00Z,Nørkærbro,2022,300.8,-10.2
2020-09-19T16:25:00Z,Nørkærbro,2022,300.7,-10.3
2020-09-19T17:25:00Z,Nørkærbro,2022,300.6,-10.4
2020-09-19T18:25:00Z,Nørkærbro,2022,300.6,-10.4
2020-09-19T19:25:00Z,Nørkærbro,2022,300.5,-10.5
2020-09-19T20:25:00Z,Nørkærbro,2022,300.4,-10.6
2020-09-19T21:25:00Z,Nørkærbro,2022,300.5,-10.5
2020-09-19T22:25:00Z,Nørkærbro,2022,300.3,-10.8
2020-09-19T23:25:00Z,Nørkærbro,2022,300.3,-10.7
2020-09-20T00:25:00Z,Nørkærbro,2022,300.4,-10.8
2020-09-20T01:25:00Z,Nørkærbro,2022,300.4,-10.8
2020-09-20T02:25:00Z,Nørkærbro,2022,300.4,-10.8
2020-09-20T03:25:00Z,Nørkærbro,2022,300.5,-10.7
2020-09-20T04:25:00Z,Nørkærbro,2022,300.2,-10.9
2020-09-20T05:25:00Z,Nørkærbro,2022,300.2,-11
2020-09-20T06:25:00Z,Nørkærbro,2022,300.2,-11
2020-09-20T07:25:00Z,Nørkærbro,2022,300.2,-11
2020-09-20T08:25:00Z,Nørkærbro,2022,300,-11.2
2020-09-20T09:25:00Z,Nørkærbro,2022,299.6,-11.6
2020-09-20T10:25:00Z,Nørkærbro,2022,299.6,-11.6
2020-09-20T11:25:00Z,Nørkærbro,2022,299.5,-11.7
2020-09-20T12:25:00Z,Nørkærbro,2022,299.4,-11.8
2020-09-20T13:25:00Z,Nørkærbro,2022,299.3,-11.9
2020-09-20T14:25:00Z,Nørkærbro,2022,299.3,-11.9
2020-09-20T15:25:00Z,Nørkærbro,2022,299.5,-11.8
2020-09-20T16:25:00Z,Nørkærbro,2022,299.6,-11.6
2020-09-20T17:25:00Z,Nørkærbro,2022,299.7,-11.5
2020-09-20T18:25:00Z,Nørkærbro,2022,299.7,-11.4
2020-09-20T19:25:00Z,Nørkærbro,2022,299.8,-11.4
2020-09-20T20:25:00Z,Nørkærbro,2022,300,-11.2
2020-09-20T21:25:00Z,Nørkærbro,2022,299.8,-11.3
2020-09-20T22:25:00Z,Nørkærbro,2022,299.7,-11.5
2020-09-20T23:25:00Z,Nørkærbro,2022,299.6,-11.6
2020-09-21T00:25:00Z,Nørkærbro,2022,299.4,-11.9
2020-09-21T01:25:00Z,Nørkærbro,2022,299.3,-12
2020-09-21T02:25:00Z,Nørkærbro,2022,299.2,-12.1
2020-09-21T03:25:00Z,Nørkærbro,2022,299,-12.3
2020-09-21T04:25:00Z,Nørkærbro,2022,298.7,-12.6
2020-09-21T05:25:00Z,Nørkærbro,2022,298.6,-12.7
2020-09-21T06:25:00Z,Nørkærbro,2022,298.5,-12.8
2020-09-21T07:25:00Z,Nørkærbro,2022,298.3,-13
2020-09-21T08:30:00Z,Nørkærbro,2022,298.4,-12.9
2020-09-21T09:25:00Z,Nørkærbro,2022,298.1,-13.2
2020-09-21T10:25:00Z,Nørkærbro,2022,298.1,-13.2
2020-09-21T11:25:00Z,Nørkærbro,2022,298,-13.2
2020-09-21T12:25:00Z,Nørkærbro,2022,298,-13.3
2020-09-21T13:25:00Z,Nørkærbro,2022,298.1,-13.2
2020-09-21T14:25:00Z,Nørkærbro,2022,298.2,-13.1
2020-09-21T15:25:00Z,Nørkærbro,2022,298.4,-12.9
2020-09-21T16:25:00Z,Nørkærbro,2022,298.6,-12.7
2020-09-21T17:25:00Z,Nørkærbro,2022,298.9,-12.4
2020-09-21T18:25:00Z,Nørkærbro,2022,298.9,-12.4
2020-09-21T19:25:00Z,Nørkærbro,2022,299.1,-12.2
2020-09-21T20:25:00Z,Nørkærbro,2022,299.6,-11.7
2020-09-21T21:25:00Z,Nørkærbro,2022,299.6,-11.7
2020-09-21T22:25:00Z,Nørkærbro,2022,299.7,-11.6
2020-09-21T23:25:00Z,Nørkærbro,2022,299.6,-11.7
2020-09-22T00:25:00Z,Nørkærbro,2022,299.2,-12.3
2020-09-22T01:25:00Z,Nørkærbro,2022,299,-12.5
2020-09-22T02:25:00Z,Nørkærbro,2022,298.8,-12.7
2020-09-22T03:25:00Z,Nørkærbro,2022,298.7,-12.8
2020-09-22T04:25:00Z,Nørkærbro,2022,298.5,-13
2020-09-22T05:25:00Z,Nørkærbro,2022,298.5,-13
2020-09-22T06:25:00Z,Nørkærbro,2022,298.6,-12.9
2020-09-22T07:25:00Z,Nørkærbro,2022,298.7,-12.8
2020-09-22T08:25:00Z,Nørkærbro,2022,298.6,-13
2020-09-22T09:25:00Z,Nørkærbro,2022,298.4,-13.1
2020-09-22T10:25:00Z,Nørkærbro,2022,298.3,-13.2
2020-09-22T11:25:00Z,Nørkærbro,2022,298.2,-13.2
2020-09-22T12:25:00Z,Nørkærbro,2022,298.1,-13.4
2020-09-22T13:25:00Z,Nørkærbro,2022,298.2,-13.3
2020-09-22T14:25:00Z,Nørkærbro,2022,298.2,-13.3
2020-09-22T15:25:00Z,Nørkærbro,2022,298.1,-13.4
2020-09-22T16:25:00Z,Nørkærbro,2022,298.2,-13.3
2020-09-22T17:25:00Z,Nørkærbro,2022,298.2,-13.4
2020-09-22T18:25:00Z,Nørkærbro,2022,298.2,-13.3
2020-09-22T19:25:00Z,Nørkærbro,2022,298.3,-13.2
2020-09-22T20:25:00Z,Nørkærbro,2022,298.4,-13.1
2020-09-22T21:25:00Z,Nørkærbro,2022,298.4,-13.1
2020-09-22T22:25:00Z,Nørkærbro,2022,298.5,-13.1
2020-09-22T23:25:00Z,Nørkærbro,2022,298.6,-12.9
2020-09-23T00:25:00Z,Nørkærbro,2022,298.4,-13.2
2020-09-23T01:25:00Z,Nørkærbro,2022,298.2,-13.5
2020-09-23T02:25:00Z,Nørkærbro,2022,298.1,-13.6
2020-09-23T03:25:00Z,Nørkærbro,2022,298.1,-13.7
2020-09-23T04:25:00Z,Nørkærbro,2022,297.9,-13.8
2020-09-23T05:25:00Z,Nørkærbro,2022,298.1,-13.6
2020-09-23T06:25:00Z,Nørkærbro,2022,298,-13.7
2020-09-23T07:25:00Z,Nørkærbro,2022,297.8,-13.9
2020-09-23T08:25:00Z,Nørkærbro,2022,297.8,-13.9
2020-09-23T09:25:00Z,Nørkærbro,2022,298.1,-13.6
2020-09-23T10:25:00Z,Nørkærbro,2022,298.2,-13.5
2020-09-23T11:25:00Z,Nørkærbro,2022,298.4,-13.3
2020-09-23T12:25:00Z,Nørkærbro,2022,298.5,-13.2
2020-09-23T13:25:00Z,Nørkærbro,2022,298.8,-12.9
2020-09-23T14:25:00Z,Nørkærbro,2022,299.2,-12.5
2020-09-23T15:25:00Z,Nørkærbro,2022,299.3,-12.3
2020-09-23T16:25:00Z,Nørkærbro,2022,299.5,-12.2
2020-09-23T17:25:00Z,Nørkærbro,2022,299.6,-12.1
2020-09-23T18:25:00Z,Nørkærbro,2022,299.5,-12.2
2020-09-23T19:25:00Z,Nørkærbro,2022,299.3,-12.4
2020-09-23T20:25:00Z,Nørkærbro,2022,299.4,-12.3
2020-09-23T21:25:00Z,Nørkærbro,2022,299.3,-12.4
2020-09-23T22:25:00Z,Nørkærbro,2022,299.2,-12.5
2020-09-23T23:25:00Z,Nørkærbro,2022,299.1,-12.6
2020-09-24T00:25:00Z,Nørkærbro,2022,299,-12.8
2020-09-24T01:25:00Z,Nørkærbro,2022,299.2,-12.6
2020-09-24T02:25:00Z,Nørkærbro,2022,299.1,-12.7
2020-09-24T03:25:00Z,Nørkærbro,2022,298.9,-12.9
2020-09-24T04:25:00Z,Nørkærbro,2022,298.7,-13.1
2020-09-24T05:25:00Z,Nørkærbro,2022,298.6,-13.2
2020-09-24T06:25:00Z,Nørkærbro,2022,298.6,-13.2
2020-09-24T07:25:00Z,Nørkærbro,2022,298.5,-13.3
2020-09-24T08:25:00Z,Nørkærbro,2022,298.5,-13.3
2020-09-24T09:25:00Z,Nørkærbro,2022,298.5,-13.4
2020-09-24T10:25:00Z,Nørkærbro,2022,298.3,-13.5
2020-09-24T11:25:00Z,Nørkærbro,2022,298.4,-13.4
2020-09-24T12:25:00Z,Nørkærbro,2022,298.3,-13.5
2020-09-24T13:25:00Z,Nørkærbro,2022,298.2,-13.6
2020-09-24T14:25:00Z,Nørkærbro,2022,298.3,-13.5
2020-09-24T15:25:00Z,Nørkærbro,2022,298.3,-13.4
2020-09-24T16:25:00Z,Nørkærbro,2022,298.3,-13.5
2020-09-24T17:25:00Z,Nørkærbro,2022,298.4,-13.4
2020-09-24T18:25:00Z,Nørkærbro,2022,298.5,-13.3
2020-09-24T19:25:00Z,Nørkærbro,2022,298.4,-13.4
2020-09-24T20:25:00Z,Nørkærbro,2022,298.5,-13.3
2020-09-24T21:25:00Z,Nørkærbro,2022,298.5,-13.2
2020-09-24T22:25:00Z,Nørkærbro,2022,298.4,-13.4
2020-09-24T23:25:00Z,Nørkærbro,2022,298.3,-13.5
2020-09-25T00:25:00Z,Nørkærbro,2022,298.5,-13.5
2020-09-25T01:25:00Z,Nørkærbro,2022,298.4,-13.6
2020-09-25T02:25:00Z,Nørkærbro,2022,298.5,-13.5
2020-09-25T03:25:00Z,Nørkærbro,2022,298.4,-13.7
2020-09-25T04:25:00Z,Nørkærbro,2022,298.2,-13.8
2020-09-25T05:25:00Z,Nørkærbro,2022,298.2,-13.8
2020-09-25T06:25:00Z,Nørkærbro,2022,298.2,-13.8
2020-09-25T07:25:00Z,Nørkærbro,2022,298.2,-13.8
2020-09-25T08:25:00Z,Nørkærbro,2022,297.9,-14
2020-09-25T09:25:00Z,Nørkærbro,2022,297.9,-14.1
2020-09-25T10:25:00Z,Nørkærbro,2022,298.1,-13.9
2020-09-25T11:25:00Z,Nørkærbro,2022,298.1,-13.9
2020-09-25T12:25:00Z,Nørkærbro,2022,298.2,-13.8
2020-09-25T13:25:00Z,Nørkærbro,2022,298.3,-13.7
2020-09-25T14:25:00Z,Nørkærbro,2022,298.2,-13.8
2020-09-25T15:25:00Z,Nørkærbro,2022,298.2,-13.8
2020-09-25T16:25:00Z,Nørkærbro,2022,298.2,-13.8
2020-09-25T17:25:00Z,Nørkærbro,2022,298.1,-13.9
2020-09-25T18:25:00Z,Nørkærbro,2022,298.2,-13.8
2020-09-25T19:25:00Z,Nørkærbro,2022,298.1,-13.9
2020-09-25T20:25:00Z,Nørkærbro,2022,298.1,-13.9
2020-09-25T21:25:00Z,Nørkærbro,2022,298.3,-13.7
2020-09-25T22:25:00Z,Nørkærbro,2022,298.4,-13.6
2020-09-25T23:25:00Z,Nørkærbro,2022,298.5,-13.5
2020-09-26T00:25:00Z,Nørkærbro,2022,298.7,-13.6
2020-09-26T01:25:00Z,Nørkærbro,2022,298.6,-13.6
2020-09-26T02:25:00Z,Nørkærbro,2022,298.7,-13.5
2020-09-26T03:25:00Z,Nørkærbro,2022,298.8,-13.4
2020-09-26T04:25:00Z,Nørkærbro,2022,299,-13.2
2020-09-26T05:25:00Z,Nørkærbro,2022,299.3,-12.9
2020-09-26T06:25:00Z,Nørkærbro,2022,299.6,-12.6
2020-09-26T07:25:00Z,Nørkærbro,2022,299.7,-12.5
2020-09-26T08:25:00Z,Nørkærbro,2022,300.1,-12.1
2020-09-26T09:25:00Z,Nørkærbro,2022,300.3,-11.9
2020-09-26T10:25:00Z,Nørkærbro,2022,300.9,-11.3
2020-09-26T11:25:00Z,Nørkærbro,2022,301.4,-10.8
2020-09-26T12:25:00Z,Nørkærbro,2022,301.8,-10.4
2020-09-26T13:25:00Z,Nørkærbro,2022,302.5,-9.7
2020-09-11T00:25:00Z,Nørkærbro,2023,303.7,-5.9
2020-09-11T01:25:00Z,Nørkærbro,2023,303.8,-5.8
2020-09-11T02:25:00Z,Nørkærbro,2023,303.6,-6
2020-09-11T03:25:00Z,Nørkærbro,2023,303.6,-6
2020-09-11T04:25:00Z,Nørkærbro,2023,303.8,-5.8
2020-09-11T05:25:00Z,Nørkærbro,2023,303.7,-5.9
2020-09-11T06:25:00Z,Nørkærbro,2023,303.8,-5.9
2020-09-11T07:25:00Z,Nørkærbro,2023,303.6,-6
2020-09-11T08:25:00Z,Nørkærbro,2023,303.7,-5.9
2020-09-11T09:25:00Z,Nørkærbro,2023,303.6,-6
2020-09-11T10:25:00Z,Nørkærbro,2023,304.3,-5.3
2020-09-11T11:25:00Z,Nørkærbro,2023,304.9,-4.7
2020-09-11T12:25:00Z,Nørkærbro,2023,305.2,-4.4
2020-09-11T13:25:00Z,Nørkærbro,2023,306.9,-2.6
2020-09-11T14:25:00Z,Nørkærbro,2023,307.2,-2.5
2020-09-11T15:25:00Z,Nørkærbro,2023,306.8,-2.8
2020-09-11T16:25:00Z,Nørkærbro,2023,306.7,-2.9
2020-09-11T17:25:00Z,Nørkærbro,2023,307,-2.6
2020-09-11T18:25:00Z,Nørkærbro,2023,307.2,-2.4
2020-09-11T19:25:00Z,Nørkærbro,2023,307.6,-2
2020-09-11T20:25:00Z,Nørkærbro,2023,308.1,-1.5
2020-09-11T21:25:00Z,Nørkærbro,2023,308.7,-0.9
2020-09-11T22:25:00Z,Nørkærbro,2023,309.8,0.2
2020-09-11T23:25:00Z,Nørkærbro,2023,310.6,1
2020-09-12T00:25:00Z,Nørkærbro,2023,311.4,1.6
2020-09-12T01:25:00Z,Nørkærbro,2023,312.2,2.4
2020-09-12T02:25:00Z,Nørkærbro,2023,312.6,2.8
2020-09-12T03:25:00Z,Nørkærbro,2023,313.1,3.3
2020-09-12T04:25:00Z,Nørkærbro,2023,313.3,3.5
2020-09-12T05:25:00Z,Nørkærbro,2023,313.3,3.5
2020-09-12T06:25:00Z,Nørkærbro,2023,313.1,3.2
2020-09-12T07:25:00Z,Nørkærbro,2023,313.2,3.4
2020-09-12T08:25:00Z,Nørkærbro,2023,313,3.2
2020-09-12T09:25:00Z,Nørkærbro,2023,313,3.2
2020-09-12T10:25:00Z,Nørkærbro,2023,313,3.2
2020-09-12T11:25:00Z,Nørkærbro,2023,312.9,3.1
2020-09-12T12:25:00Z,Nørkærbro,2023,312.8,3
2020-09-12T13:25:00Z,Nørkærbro,2023,312.8,3
2020-09-12T14:25:00Z,Nørkærbro,2023,312.9,3
2020-09-12T15:25:00Z,Nørkærbro,2023,312.5,2.7
2020-09-12T16:25:00Z,Nørkærbro,2023,312.4,2.6
2020-09-12T17:25:00Z,Nørkærbro,2023,312.3,2.5
2020-09-12T18:25:00Z,Nørkærbro,2023,312.1,2.3
2020-09-12T19:25:00Z,Nørkærbro,2023,312,2.2
2020-09-12T20:25:00Z,Nørkærbro,2023,311.6,1.8
2020-09-12T21:25:00Z,Nørkærbro,2023,311.2,1.4
2020-09-12T22:25:00Z,Nørkærbro,2023,310.8,1
2020-09-12T23:25:00Z,Nørkærbro,2023,310.4,0.6
2020-09-13T00:25:00Z,Nørkærbro,2023,310.3,0.4
2020-09-13T01:25:00Z,Nørkærbro,2023,310,0.1
2020-09-13T02:25:00Z,Nørkærbro,2023,309.7,-0.2
2020-09-13T03:25:00Z,Nørkærbro,2023,309.6,-0.3
2020-09-13T04:25:00Z,Nørkærbro,2023,309.2,-0.7
2020-09-13T05:25:00Z,Nørkærbro,2023,309.2,-0.7
2020-09-13T06:25:00Z,Nørkærbro,2023,309.2,-0.7
2020-09-13T07:25:00Z,Nørkærbro,2023,309,-0.9
2020-09-13T08:25:00Z,Nørkærbro,2023,308.9,-1
2020-09-13T09:25:00Z,Nørkærbro,2023,308.7,-1.2
2020-09-13T10:25:00Z,Nørkærbro,2023,308.5,-1.4
2020-09-13T11:25:00Z,Nørkærbro,2023,308.5,-1.4
2020-09-13T12:25:00Z,Nørkærbro,2023,308.3,-1.6
2020-09-13T13:25:00Z,Nørkærbro,2023,308.4,-1.5
2020-09-13T14:25:00Z,Nørkærbro,2023,308.3,-1.6
2020-09-13T15:25:00Z,Nørkærbro,2023,308.3,-1.6
2020-09-13T16:25:00Z,Nørkærbro,2023,308.2,-1.7
2020-09-13T17:25:00Z,Nørkærbro,2023,308.2,-1.7
2020-09-13T18:25:00Z,Nørkærbro,2023,308.3,-1.6
2020-09-13T19:25:00Z,Nørkærbro,2023,308.4,-1.5
2020-09-13T20:25:00Z,Nørkærbro,2023,308.2,-1.7
2020-09-13T21:25:00Z,Nørkærbro,2023,308.1,-1.8
2020-09-13T22:25:00Z,Nørkærbro,2023,307.9,-2
2020-09-13T23:25:00Z,Nørkærbro,2023,307.6,-2.2
2020-09-14T00:25:00Z,Nørkærbro,2023,307.4,-2.6
2020-09-14T01:25:00Z,Nørkærbro,2023,306.9,-3.2
2020-09-14T02:25:00Z,Nørkærbro,2023,306.9,-3.2
2020-09-14T03:25:00Z,Nørkærbro,2023,306.8,-3.3
2020-09-14T04:25:00Z,Nørkærbro,2023,306.8,-3.3
2020-09-14T05:25:00Z,Nørkærbro,2023,306.6,-3.6
2020-09-14T06:25:00Z,Nørkærbro,2023,306.4,-3.8
2020-09-14T07:25:00Z,Nørkærbro,2023,306.2,-3.9
2020-09-14T08:25:00Z,Nørkærbro,2023,306,-4.1
2020-09-14T09:25:00Z,Nørkærbro,2023,306,-4.1
2020-09-14T10:25:00Z,Nørkærbro,2023,305.9,-4.2
2020-09-14T11:25:00Z,Nørkærbro,2023,305.8,-4.3
2020-09-14T12:25:00Z,Nørkærbro,2023,305.6,-4.5
2020-09-14T13:25:00Z,Nørkærbro,2023,305.6,-4.5
2020-09-14T14:25:00Z,Nørkærbro,2023,305.7,-4.4
2020-09-14T15:25:00Z,Nørkærbro,2023,306,-4.1
2020-09-14T16:25:00Z,Nørkærbro,2023,305.7,-4.4
2020-09-14T17:25:00Z,Nørkærbro,2023,305.8,-4.3
2020-09-14T18:25:00Z,Nørkærbro,2023,305.7,-4.4
2020-09-14T19:25:00Z,Nørkærbro,2023,305.8,-4.3
2020-09-14T20:25:00Z,Nørkærbro,2023,305.6,-4.6
2020-09-14T21:25:00Z,Nørkærbro,2023,305.4,-4.8
2020-09-14T22:25:00Z,Nørkærbro,2023,305.4,-4.7
2020-09-14T23:25:00Z,Nørkærbro,2023,305.4,-4.7
2020-09-15T00:25:00Z,Nørkærbro,2023,305.5,-4.9
2020-09-15T01:25:00Z,Nørkærbro,2023,305.4,-4.9
2020-09-15T02:25:00Z,Nørkærbro,2023,305.3,-5
2020-09-15T03:25:00Z,Nørkærbro,2023,305.1,-5.2
2020-09-15T04:25:00Z,Nørkærbro,2023,305.2,-5.1
2020-09-15T05:25:00Z,Nørkærbro,2023,305.1,-5.2
2020-09-15T06:25:00Z,Nørkærbro,2023,305,-5.3
2020-09-15T07:25:00Z,Nørkærbro,2023,305,-5.2
2020-09-15T08:25:00Z,Nørkærbro,2023,305.1,-5.2
2020-09-15T09:25:00Z,Nørkærbro,2023,304.9,-5.4
2020-09-15T10:25:00Z,Nørkærbro,2023,304.9,-5.4
2020-09-15T11:25:00Z,Nørkærbro,2023,305,-5.3
2020-09-15T12:25:00Z,Nørkærbro,2023,304.8,-5.5
2020-09-15T13:25:00Z,Nørkærbro,2023,304.7,-5.6
2020-09-15T14:25:00Z,Nørkærbro,2023,304.5,-5.8
2020-09-15T15:25:00Z,Nørkærbro,2023,304.7,-5.6
2020-09-15T16:25:00Z,Nørkærbro,2023,304.7,-5.6
2020-09-15T17:25:00Z,Nørkærbro,2023,304.9,-5.4
2020-09-15T18:25:00Z,Nørkærbro,2023,304.9,-5.3
2020-09-15T19:25:00Z,Nørkærbro,2023,304.7,-5.6
2020-09-15T20:25:00Z,Nørkærbro,2023,304.9,-5.4
2020-09-15T21:25:00Z,Nørkærbro,2023,304.7,-5.6
2020-09-15T22:25:00Z,Nørkærbro,2023,304.7,-5.6
2020-09-15T23:25:00Z,Nørkærbro,2023,304.8,-5.5
2020-09-16T00:25:00Z,Nørkærbro,2023,304.4,-6.1
2020-09-16T01:25:00Z,Nørkærbro,2023,304.3,-6.2
2020-09-16T02:25:00Z,Nørkærbro,2023,304.2,-6.3
2020-09-16T03:25:00Z,Nørkærbro,2023,304.2,-6.3
2020-09-16T04:25:00Z,Nørkærbro,2023,304.2,-6.3
2020-09-16T05:25:00Z,Nørkærbro,2023,304.1,-6.4
2020-09-16T06:25:00Z,Nørkærbro,2023,304,-6.5
2020-09-16T07:25:00Z,Nørkærbro,2023,303.9,-6.6
2020-09-16T08:25:00Z,Nørkærbro,2023,303.9,-6.6
2020-09-16T09:25:00Z,Nørkærbro,2023,303.6,-6.9
2020-09-16T10:25:00Z,Nørkærbro,2023,303.5,-7
2020-09-16T11:25:00Z,Nørkærbro,2023,303.7,-6.8
2020-09-16T12:25:00Z,Nørkærbro,2023,303.7,-6.8
2020-09-16T13:25:00Z,Nørkærbro,2023,303.9,-6.6
2020-09-16T14:25:00Z,Nørkærbro,2023,304.1,-6.4
2020-09-16T15:25:00Z,Nørkærbro,2023,304.1,-6.4
2020-09-16T16:25:00Z,Nørkærbro,2023,304.1,-6.4
2020-09-16T17:25:00Z,Nørkærbro,2023,304.1,-6.4
2020-09-16T18:25:00Z,Nørkærbro,2023,304.1,-6.4
2020-09-16T19:25:00Z,Nørkærbro,2023,303.9,-6.6
2020-09-16T20:25:00Z,Nørkærbro,2023,304.1,-6.4
2020-09-16T21:25:00Z,Nørkærbro,2023,303.8,-6.7
2020-09-16T22:25:00Z,Nørkærbro,2023,304.1,-6.4
2020-09-16T23:25:00Z,Nørkærbro,2023,304,-6.5
2020-09-17T00:25:00Z,Nørkærbro,2023,303.9,-6.8
2020-09-17T01:25:00Z,Nørkærbro,2023,303.9,-6.9
2020-09-17T02:25:00Z,Nørkærbro,2023,303.9,-6.8
2020-09-17T03:25:00Z,Nørkærbro,2023,303.8,-6.8
2020-09-17T04:25:00Z,Nørkærbro,2023,303.8,-6.9
2020-09-17T05:25:00Z,Nørkærbro,2023,303.9,-6.8
2020-09-17T06:25:00Z,Nørkærbro,2023,303.9,-6.8
2020-09-17T07:25:00Z,Nørkærbro,2023,303.9,-6.8
2020-09-17T08:25:00Z,Nørkærbro,2023,303.9,-6.8
2020-09-17T09:25:00Z,Nørkærbro,2023,303.6,-7.1
2020-09-17T10:25:00Z,Nørkærbro,2023,303.7,-7
2020-09-17T11:25:00Z,Nørkærbro,2023,303.6,-7.1
2020-09-17T12:25:00Z,Nørkærbro,2023,303.8,-6.9
2020-09-17T13:25:00Z,Nørkærbro,2023,303.9,-6.8
2020-09-17T14:25:00Z,Nørkærbro,2023,303.8,-6.9
2020-09-17T15:25:00Z,Nørkærbro,2023,303.9,-6.8
2020-09-17T16:25:00Z,Nørkærbro,2023,303.7,-7
2020-09-17T17:25:00Z,Nørkærbro,2023,303.8,-6.9
2020-09-17T18:25:00Z,Nørkærbro,2023,303.6,-7.1
2020-09-17T19:25:00Z,Nørkærbro,2023,303.6,-7.1
2020-09-17T20:25:00Z,Nørkærbro,2023,303.6,-7
2020-09-17T21:25:00Z,Nørkærbro,2023,303.5,-7.2
2020-09-17T22:25:00Z,Nørkærbro,2023,303.6,-7.1
2020-09-17T23:25:00Z,Nørkærbro,2023,303.6,-7.1
2020-09-18T00:25:00Z,Nørkærbro,2023,303.7,-7.1
2020-09-18T01:25:00Z,Nørkærbro,2023,304,-6.9
2020-09-18T02:25:00Z,Nørkærbro,2023,303.7,-7.1
2020-09-18T03:25:00Z,Nørkærbro,2023,303.7,-7.1
2020-09-18T04:25:00Z,Nørkærbro,2023,303.7,-7.1
2020-09-18T05:25:00Z,Nørkærbro,2023,303.7,-7.1
2020-09-18T06:25:00Z,Nørkærbro,2023,303.8,-7
2020-09-18T07:25:00Z,Nørkærbro,2023,303.9,-6.9
2020-09-18T08:25:00Z,Nørkærbro,2023,304.2,-6.6
2020-09-18T09:25:00Z,Nørkærbro,2023,304.4,-6.3
2020-09-18T10:25:00Z,Nørkærbro,2023,304.6,-6.2
2020-09-18T11:25:00Z,Nørkærbro,2023,304.7,-6.1
2020-09-18T12:25:00Z,Nørkærbro,2023,304.9,-5.9
2020-09-18T13:25:00Z,Nørkærbro,2023,305.2,-5.6
2020-09-18T14:25:00Z,Nørkærbro,2023,305.7,-5.1
2020-09-18T15:25:00Z,Nørkærbro,2023,306.3,-4.5
2020-09-18T16:25:00Z,Nørkærbro,2023,306.9,-3.9
2020-09-18T17:25:00Z,Nørkærbro,2023,307.4,-3.4
2020-09-18T18:25:00Z,Nørkærbro,2023,308,-2.8
2020-09-18T19:25:00Z,Nørkærbro,2023,308.6,-2.2
2020-09-18T20:25:00Z,Nørkærbro,2023,309,-1.8
2020-09-18T21:25:00Z,Nørkærbro,2023,309.4,-1.4
2020-09-18T22:25:00Z,Nørkærbro,2023,309.7,-1.1
2020-09-18T23:25:00Z,Nørkærbro,2023,310,-0.8
2020-09-19T00:25:00Z,Nørkærbro,2023,310.8,-0.2
2020-09-19T01:25:00Z,Nørkærbro,2023,311.3,0.4
2020-09-19T02:25:00Z,Nørkærbro,2023,311.6,0.6
2020-09-19T03:25:00Z,Nørkærbro,2023,312,0.9
2020-09-19T04:25:00Z,Nørkærbro,2023,312.3,1.3
2020-09-19T05:25:00Z,Nørkærbro,2023,312.6,1.6
2020-09-19T06:25:00Z,Nørkærbro,2023,312.7,1.7
2020-09-19T07:25:00Z,Nørkærbro,2023,313,2
2020-09-19T08:25:00Z,Nørkærbro,2023,313.4,2.5
2020-09-19T09:25:00Z,Nørkærbro,2023,314,3
2020-09-19T10:25:00Z,Nørkærbro,2023,314,3
2020-09-19T11:25:00Z,Nørkærbro,2023,314.7,3.8
2020-09-19T12:25:00Z,Nørkærbro,2023,315.5,4.5
2020-09-19T13:25:00Z,Nørkærbro,2023,316.2,5.2
2020-09-19T14:25:00Z,Nørkærbro,2023,316.7,5.8
2020-09-19T15:25:00Z,Nørkærbro,2023,317.5,6.5
2020-09-19T16:25:00Z,Nørkærbro,2023,318.7,7.6
2020-09-19T17:25:00Z,Nørkærbro,2023,319.3,8.3
2020-09-19T18:25:00Z,Nørkærbro,2023,320.6,9.6
2020-09-19T19:25:00Z,Nørkærbro,2023,322.3,11.2
2020-09-19T20:25:00Z,Nørkærbro,2023,323.8,12.8
2020-09-19T21:25:00Z,Nørkærbro,2023,325.1,14
2020-09-19T22:25:00Z,Nørkærbro,2023,326.2,15.2
2020-09-19T23:25:00Z,Nørkærbro,2023,327.5,16.6
2020-09-20T00:25:00Z,Nørkærbro,2023,328.6,17.4
2020-09-20T01:25:00Z,Nørkærbro,2023,329.8,18.6
2020-09-20T02:25:00Z,Nørkærbro,2023,330.9,19.7
2020-09-20T03:25:00Z,Nørkærbro,2023,332,20.8
2020-09-20T04:25:00Z,Nørkærbro,2023,332.9,21.8
2020-09-20T05:25:00Z,Nørkærbro,2023,333.6,22.3
2020-09-20T06:25:00Z,Nørkærbro,2023,334.3,23.1
2020-09-20T07:25:00Z,Nørkærbro,2023,334.8,23.5
2020-09-20T08:25:00Z,Nørkærbro,2023,335,23.8
2020-09-20T09:25:00Z,Nørkærbro,2023,335.7,24.5
2020-09-20T10:25:00Z,Nørkærbro,2023,336,24.8
2020-09-20T11:25:00Z,Nørkærbro,2023,336.2,25
2020-09-20T12:25:00Z,Nørkærbro,2023,336.4,25.2
2020-09-20T13:25:00Z,Nørkærbro,2023,336.9,25.7
2020-09-20T14:25:00Z,Nørkærbro,2023,337,25.8
2020-09-20T15:25:00Z,Nørkærbro,2023,337.1,25.9
2020-09-20T16:25:00Z,Nørkærbro,2023,337.2,26
2020-09-20T17:25:00Z,Nørkærbro,2023,337.3,26.1
2020-09-20T18:25:00Z,Nørkærbro,2023,337.6,26.4
2020-09-20T19:25:00Z,Nørkærbro,2023,337.7,26.5
2020-09-20T20:25:00Z,Nørkærbro,2023,337.6,26.5
2020-09-20T21:25:00Z,Nørkærbro,2023,337.8,26.6
2020-09-20T22:25:00Z,Nørkærbro,2023,337.9,26.7
2020-09-20T23:25:00Z,Nørkærbro,2023,338,26.8
2020-09-21T00:25:00Z,Nørkærbro,2023,337.9,26.6
2020-09-21T01:25:00Z,Nørkærbro,2023,338.3,27
2020-09-21T02:25:00Z,Nørkærbro,2023,338.1,26.7
2020-09-21T03:25:00Z,Nørkærbro,2023,338.1,26.8
2020-09-21T04:25:00Z,Nørkærbro,2023,338.1,26.8
2020-09-21T05:25:00Z,Nørkærbro,2023,338.2,26.9
2020-09-21T06:25:00Z,Nørkærbro,2023,337.8,26.5
2020-09-21T07:25:00Z,Nørkærbro,2023,337.9,26.6
2020-09-21T08:25:00Z,Nørkærbro,2023,337.7,26.4
2020-09-21T09:25:00Z,Nørkærbro,2023,337.3,26
2020-09-21T10:25:00Z,Nørkærbro,2023,337.1,25.8
2020-09-21T11:25:00Z,Nørkærbro,2023,336.6,25.3
2020-09-21T12:25:00Z,Nørkærbro,2023,336.3,25
2020-09-21T13:25:00Z,Nørkærbro,2023,335.9,24.6
2020-09-21T14:25:00Z,Nørkærbro,2023,335.7,24.4
2020-09-21T15:25:00Z,Nørkærbro,2023,335.3,24
2020-09-21T16:25:00Z,Nørkærbro,2023,334.9,23.6
2020-09-21T17:25:00Z,Nørkærbro,2023,334.6,23.3
2020-09-21T18:25:00Z,Nørkærbro,2023,334.4,23.1
2020-09-21T19:25:00Z,Nørkærbro,2023,334.1,22.8
2020-09-21T20:25:00Z,Nørkærbro,2023,334,22.7
2020-09-21T21:25:00Z,Nørkærbro,2023,333.8,22.5
2020-09-21T22:25:00Z,Nørkærbro,2023,334.6,23.3
2020-09-21T23:25:00Z,Nørkærbro,2023,334.9,23.6
2020-09-22T00:25:00Z,Nørkærbro,2023,335.5,24
2020-09-22T01:25:00Z,Nørkærbro,2023,336.5,25
2020-09-22T02:25:00Z,Nørkærbro,2023,337.5,26
2020-09-22T03:25:00Z,Nørkærbro,2023,338.4,26.9
2020-09-22T04:25:00Z,Nørkærbro,2023,339.1,27.6
2020-09-22T05:25:00Z,Nørkærbro,2023,339.7,28.2
2020-09-22T06:25:00Z,Nørkærbro,2023,340.4,28.9
2020-09-22T07:25:00Z,Nørkærbro,2023,341,29.5
2020-09-22T08:25:00Z,Nørkærbro,2023,341.7,30.2
2020-09-22T09:25:00Z,Nørkærbro,2023,342.2,30.7
2020-09-22T10:25:00Z,Nørkærbro,2023,342.9,31.4
2020-09-22T11:25:00Z,Nørkærbro,2023,343.6,32.1
2020-09-22T12:25:00Z,Nørkærbro,2023,344.2,32.7
2020-09-22T13:25:00Z,Nørkærbro,2023,345.1,33.6
2020-09-22T14:25:00Z,Nørkærbro,2023,345.8,34.4
2020-09-22T15:25:00Z,Nørkærbro,2023,346.6,35.1
2020-09-22T16:25:00Z,Nørkærbro,2023,347.4,35.9
2020-09-22T17:25:00Z,Nørkærbro,2023,348.2,36.6
2020-09-22T18:25:00Z,Nørkærbro,2023,348.7,37.2
2020-09-22T19:25:00Z,Nørkærbro,2023,349.2,37.7
2020-09-22T20:25:00Z,Nørkærbro,2023,349.8,38.4
2020-09-22T21:25:00Z,Nørkærbro,2023,350.4,38.9
2020-09-22T22:25:00Z,Nørkærbro,2023,350.6,39.1
2020-09-22T23:25:00Z,Nørkærbro,2023,350.8,39.3
2020-09-23T00:25:00Z,Nørkærbro,2023,351,39.3
2020-09-23T01:25:00Z,Nørkærbro,2023,351.3,39.6
2020-09-23T02:25:00Z,Nørkærbro,2023,351.8,40.1
2020-09-23T03:25:00Z,Nørkærbro,2023,352.1,40.4
2020-09-23T04:25:00Z,Nørkærbro,2023,352.1,40.4
2020-09-23T05:25:00Z,Nørkærbro,2023,352.1,40.4
2020-09-23T06:25:00Z,Nørkærbro,2023,352.3,40.6
2020-09-23T07:25:00Z,Nørkærbro,2023,352.4,40.7
2020-09-23T08:25:00Z,Nørkærbro,2023,352.5,40.8
2020-09-23T09:25:00Z,Nørkærbro,2023,352.7,41
2020-09-23T10:25:00Z,Nørkærbro,2023,352.7,41
2020-09-23T11:25:00Z,Nørkærbro,2023,352.9,41.2
2020-09-23T12:25:00Z,Nørkærbro,2023,352.7,41
2020-09-23T13:25:00Z,Nørkærbro,2023,353,41.2
2020-09-23T14:25:00Z,Nørkærbro,2023,352.7,41
2020-09-23T15:25:00Z,Nørkærbro,2023,352.7,41
2020-09-23T16:25:00Z,Nørkærbro,2023,352.5,40.8
2020-09-23T17:25:00Z,Nørkærbro,2023,352.3,40.6
2020-09-23T18:25:00Z,Nørkærbro,2023,352.2,40.5
2020-09-23T19:25:00Z,Nørkærbro,2023,351.6,40
2020-09-23T20:25:00Z,Nørkærbro,2023,351.3,39.6
2020-09-23T21:25:00Z,Nørkærbro,2023,350.8,39.1
2020-09-23T22:25:00Z,Nørkærbro,2023,350.6,38.9
2020-09-23T23:25:00Z,Nørkærbro,2023,350.2,38.5
2020-09-24T00:25:00Z,Nørkærbro,2023,350,38.1
2020-09-24T01:25:00Z,Nørkærbro,2023,349.4,37.6
2020-09-24T02:25:00Z,Nørkærbro,2023,348.7,36.9
2020-09-24T03:25:00Z,Nørkærbro,2023,348.3,36.5
2020-09-24T04:25:00Z,Nørkærbro,2023,347.7,35.9
2020-09-24T05:25:00Z,Nørkærbro,2023,347.1,35.2
2020-09-24T06:25:00Z,Nørkærbro,2023,346.6,34.8
2020-09-24T07:25:00Z,Nørkærbro,2023,346,34.2
2020-09-24T08:25:00Z,Nørkærbro,2023,345.6,33.8
2020-09-24T09:25:00Z,Nørkærbro,2023,344.8,33
2020-09-24T10:25:00Z,Nørkærbro,2023,344.3,32.5
2020-09-24T11:25:00Z,Nørkærbro,2023,343.8,32
2020-09-24T12:25:00Z,Nørkærbro,2023,343.4,31.6
2020-09-24T13:25:00Z,Nørkærbro,2023,343,31.2
2020-09-24T14:25:00Z,Nørkærbro,2023,342.5,30.7
2020-09-24T15:25:00Z,Nørkærbro,2023,342,30.2
2020-09-24T16:25:00Z,Nørkærbro,2023,341.5,29.7
2020-09-24T17:25:00Z,Nørkærbro,2023,341.1,29.3
2020-09-24T18:25:00Z,Nørkærbro,2023,340.7,28.9
2020-09-24T19:25:00Z,Nørkærbro,2023,340.1,28.3
2020-09-24T20:25:00Z,Nørkærbro,2023,339.8,28
2020-09-24T21:25:00Z,Nørkærbro,2023,339.4,27.6
2020-09-24T22:25:00Z,Nørkærbro,2023,338.8,27
2020-09-24T23:25:00Z,Nørkærbro,2023,338.5,26.7
2020-09-25T00:25:00Z,Nørkærbro,2023,337.8,25.8
2020-09-25T01:25:00Z,Nørkærbro,2023,337.4,25.4
2020-09-25T02:25:00Z,Nørkærbro,2023,337.3,25.3
2020-09-25T03:25:00Z,Nørkærbro,2023,336.7,24.7
2020-09-25T04:25:00Z,Nørkærbro,2023,336.4,24.3
2020-09-25T05:25:00Z,Nørkærbro,2023,335.9,23.9
2020-09-25T06:25:00Z,Nørkærbro,2023,335.6,23.6
2020-09-25T07:25:00Z,Nørkærbro,2023,335.1,23.2
2020-09-25T08:25:00Z,Nørkærbro,2023,334.8,22.8
2020-09-25T09:25:00Z,Nørkærbro,2023,334.6,22.6
2020-09-25T10:25:00Z,Nørkærbro,2023,334.2,22.2
2020-09-25T11:25:00Z,Nørkærbro,2023,333.7,21.7
2020-09-25T12:25:00Z,Nørkærbro,2023,333.3,21.2
2020-09-25T13:25:00Z,Nørkærbro,2023,333.2,21.2
2020-09-25T14:25:00Z,Nørkærbro,2023,332.5,20.5
2020-09-25T15:25:00Z,Nørkærbro,2023,332.4,20.4
2020-09-25T16:25:00Z,Nørkærbro,2023,332,20
2020-09-25T17:25:00Z,Nørkærbro,2023,331.7,19.7
2020-09-25T18:25:00Z,Nørkærbro,2023,331.2,19.2
2020-09-25T19:25:00Z,Nørkærbro,2023,330.9,18.9
2020-09-25T20:25:00Z,Nørkærbro,2023,330.4,18.4
2020-09-25T21:25:00Z,Nørkærbro,2023,330.1,18.1
2020-09-25T22:25:00Z,Nørkærbro,2023,329.8,17.8
2020-09-25T23:25:00Z,Nørkærbro,2023,329.7,17.7
2020-09-26T00:25:00Z,Nørkærbro,2023,329.2,17
2020-09-26T01:25:00Z,Nørkærbro,2023,328.9,16.8
2020-09-26T02:25:00Z,Nørkærbro,2023,328.4,16.2
2020-09-26T03:25:00Z,Nørkærbro,2023,328.1,15.9
2020-09-26T04:25:00Z,Nørkærbro,2023,327.8,15.6
2020-09-26T05:25:00Z,Nørkærbro,2023,327.6,15.4
2020-09-26T06:25:00Z,Nørkærbro,2023,327.1,14.9
2020-09-26T07:25:00Z,Nørkærbro,2023,326.8,14.6
2020-09-26T08:25:00Z,Nørkærbro,2023,326.7,14.5
2020-09-26T09:25:00Z,Nørkærbro,2023,326.3,14.2
2020-09-26T10:25:00Z,Nørkærbro,2023,326.2,14
2020-09-26T11:25:00Z,Nørkærbro,2023,326.1,13.9
2020-09-26T12:25:00Z,Nørkærbro,2023,325.7,13.5
2020-09-26T13:25:00Z,Nørkærbro,2023,325.3,13.1
2020-09-11T00:25:00Z,Nørkærbro,2024,330.7,20.9
2020-09-11T01:25:00Z,Nørkærbro,2024,331,21.2
2020-09-11T02:25:00Z,Nørkærbro,2024,331.3,21.4
2020-09-11T03:25:00Z,Nørkærbro,2024,331.5,21.7
2020-09-11T04:25:00Z,Nørkærbro,2024,331.5,21.7
2020-09-11T05:25:00Z,Nørkærbro,2024,331.4,21.6
2020-09-11T06:25:00Z,Nørkærbro,2024,331.2,21.3
2020-09-11T07:25:00Z,Nørkærbro,2024,330.9,21.1
2020-09-11T08:25:00Z,Nørkærbro,2024,330.7,20.9
2020-09-11T09:25:00Z,Nørkærbro,2024,330.6,20.8
2020-09-11T10:25:00Z,Nørkærbro,2024,330.4,20.6
2020-09-11T11:25:00Z,Nørkærbro,2024,330.3,20.5
2020-09-11T12:25:00Z,Nørkærbro,2024,330.2,20.4
2020-09-11T13:25:00Z,Nørkærbro,2024,330.2,20.4
2020-09-11T14:25:00Z,Nørkærbro,2024,330,20.2
2020-09-11T15:25:00Z,Nørkærbro,2024,330.2,20.4
2020-09-11T16:25:00Z,Nørkærbro,2024,330,20.2
2020-09-11T17:25:00Z,Nørkærbro,2024,330.2,20.4
2020-09-11T18:25:00Z,Nørkærbro,2024,330.4,20.5
2020-09-11T19:25:00Z,Nørkærbro,2024,330.1,20.3
2020-09-11T20:25:00Z,Nørkærbro,2024,330,20.2
2020-09-11T21:25:00Z,Nørkærbro,2024,329.8,20
2020-09-11T22:25:00Z,Nørkærbro,2024,329.6,19.8
2020-09-11T23:25:00Z,Nørkærbro,2024,329.3,19.6
2020-09-12T00:25:00Z,Nørkærbro,2024,328.9,19
2020-09-12T01:25:00Z,Nørkærbro,2024,328.7,18.8
2020-09-12T02:25:00Z,Nørkærbro,2024,328.4,18.5
2020-09-12T03:25:00Z,Nørkærbro,2024,328.1,18.2
2020-09-12T04:25:00Z,Nørkærbro,2024,327.8,17.9
2020-09-12T05:25:00Z,Nørkærbro,2024,327.6,17.8
2020-09-12T06:25:00Z,Nørkærbro,2024,327.6,17.7
2020-09-12T07:25:00Z,Nørkærbro,2024,327.3,17.4
2020-09-12T08:25:00Z,Nørkærbro,2024,327.3,17.4
2020-09-12T09:25:00Z,Nørkærbro,2024,327.2,17.2
2020-09-12T10:25:00Z,Nørkærbro,2024,326.9,17
2020-09-12T11:25:00Z,Nørkærbro,2024,326.8,16.9
2020-09-12T12:25:00Z,Nørkærbro,2024,326.8,16.9
2020-09-12T13:25:00Z,Nørkærbro,2024,326.8,16.9
2020-09-12T14:25:00Z,Nørkærbro,2024,326.6,16.7
2020-09-12T15:25:00Z,Nørkærbro,2024,326.7,16.8
2020-09-12T16:25:00Z,Nørkærbro,2024,326.4,16.6
2020-09-12T17:25:00Z,Nørkærbro,2024,326.3,16.4
2020-09-12T18:25:00Z,Nørkærbro,2024,326,16.1
2020-09-12T19:25:00Z,Nørkærbro,2024,325.6,15.7
2020-09-12T20:25:00Z,Nørkærbro,2024,325.2,15.3
2020-09-12T21:25:00Z,Nørkærbro,2024,325.1,15.2
2020-09-12T22:25:00Z,Nørkærbro,2024,324.8,14.9
2020-09-12T23:25:00Z,Nørkærbro,2024,324.6,14.7
2020-09-13T00:25:00Z,Nørkærbro,2024,324.4,14.3
2020-09-13T01:25:00Z,Nørkærbro,2024,324.3,14.2
2020-09-13T02:25:00Z,Nørkærbro,2024,324.3,14.2
2020-09-13T03:25:00Z,Nørkærbro,2024,324.1,14
2020-09-13T04:25:00Z,Nørkærbro,2024,324,13.9
2020-09-13T05:25:00Z,Nørkærbro,2024,323.9,13.8
2020-09-13T06:25:00Z,Nørkærbro,2024,323.7,13.6
2020-09-13T07:25:00Z,Nørkærbro,2024,323.7,13.6
2020-09-13T08:25:00Z,Nørkærbro,2024,323.4,13.3
2020-09-13T09:25:00Z,Nørkærbro,2024,323.5,13.4
2020-09-13T10:25:00Z,Nørkærbro,2024,323.2,13.1
2020-09-13T11:25:00Z,Nørkærbro,2024,323.2,13.1
2020-09-13T12:25:00Z,Nørkærbro,2024,323.4,13.2
2020-09-13T13:25:00Z,Nørkærbro,2024,323.2,13.1
2020-09-13T14:25:00Z,Nørkærbro,2024,322.9,12.8
2020-09-13T15:25:00Z,Nørkærbro,2024,322.9,12.8
2020-09-13T16:25:00Z,Nørkærbro,2024,322.8,12.7
2020-09-13T17:25:00Z,Nørkærbro,2024,322.9,12.8
2020-09-13T18:25:00Z,Nørkærbro,2024,322.7,12.6
2020-09-13T19:25:00Z,Nørkærbro,2024,322.3,12.2
2020-09-13T20:25:00Z,Nørkærbro,2024,322.2,12.1
2020-09-13T21:25:00Z,Nørkærbro,2024,321.8,11.7
2020-09-13T22:25:00Z,Nørkærbro,2024,321.7,11.6
2020-09-13T23:25:00Z,Nørkærbro,2024,321.5,11.4
2020-09-14T00:25:00Z,Nørkærbro,2024,321.5,11.2
2020-09-14T01:25:00Z,Nørkærbro,2024,321.3,11
2020-09-14T02:25:00Z,Nørkærbro,2024,321.1,10.8
2020-09-14T03:25:00Z,Nørkærbro,2024,320.9,10.6
2020-09-14T04:25:00Z,Nørkærbro,2024,320.8,10.5
2020-09-14T05:25:00Z,Nørkærbro,2024,320.5,10.2
2020-09-14T06:25:00Z,Nørkærbro,2024,320.5,10.2
2020-09-14T07:25:00Z,Nørkærbro,2024,320.4,10.1
2020-09-14T08:25:00Z,Nørkærbro,2024,320.4,10.1
2020-09-14T09:25:00Z,Nørkærbro,2024,320.6,10.3
2020-09-14T10:25:00Z,Nørkærbro,2024,320.6,10.3
2020-09-14T11:25:00Z,Nørkærbro,2024,320.6,10.3
2020-09-14T12:25:00Z,Nørkærbro,2024,320.4,10.2
2020-09-14T13:25:00Z,Nørkærbro,2024,320.3,10
2020-09-14T14:25:00Z,Nørkærbro,2024,320.2,9.9
2020-09-14T15:25:00Z,Nørkærbro,2024,320.4,10.2
2020-09-14T16:25:00Z,Nørkærbro,2024,320.3,10
2020-09-14T17:25:00Z,Nørkærbro,2024,320.1,9.8
2020-09-14T18:25:00Z,Nørkærbro,2024,319.8,9.5
2020-09-14T19:25:00Z,Nørkærbro,2024,319.9,9.6
2020-09-14T20:25:00Z,Nørkærbro,2024,319.9,9.6
2020-09-14T21:25:00Z,Nørkærbro,2024,319.8,9.5
2020-09-14T22:25:00Z,Nørkærbro,2024,319.7,9.4
2020-09-14T23:25:00Z,Nørkærbro,2024,319.7,9.3
2020-09-15T00:25:00Z,Nørkærbro,2024,319.7,9.2
2020-09-15T01:25:00Z,Nørkærbro,2024,319.5,9
2020-09-15T02:25:00Z,Nørkærbro,2024,319.4,8.9
2020-09-15T03:25:00Z,Nørkærbro,2024,319.4,8.9
2020-09-15T04:25:00Z,Nørkærbro,2024,319.3,8.8
2020-09-15T05:25:00Z,Nørkærbro,2024,319.2,8.7
2020-09-15T06:25:00Z,Nørkærbro,2024,319.2,8.7
2020-09-15T07:25:00Z,Nørkærbro,2024,319,8.5
2020-09-15T08:25:00Z,Nørkærbro,2024,318.9,8.4
2020-09-15T09:25:00Z,Nørkærbro,2024,318.9,8.4
2020-09-15T10:25:00Z,Nørkærbro,2024,318.7,8.2
2020-09-15T11:25:00Z,Nørkærbro,2024,318.7,8.2
2020-09-15T12:25:00Z,Nørkærbro,2024,318.8,8.3
2020-09-15T13:25:00Z,Nørkærbro,2024,318.7,8.2
2020-09-15T14:25:00Z,Nørkærbro,2024,318.5,8
2020-09-15T15:25:00Z,Nørkærbro,2024,318.4,7.9
2020-09-15T16:25:00Z,Nørkærbro,2024,318.5,8
2020-09-15T17:25:00Z,Nørkærbro,2024,318.8,8.3
2020-09-15T18:25:00Z,Nørkærbro,2024,318.8,8.3
2020-09-15T19:25:00Z,Nørkærbro,2024,318.9,8.4
2020-09-15T20:25:00Z,Nørkærbro,2024,319,8.5
2020-09-15T21:25:00Z,Nørkærbro,2024,319,8.5
2020-09-15T22:25:00Z,Nørkærbro,2024,319,8.5
2020-09-15T23:25:00Z,Nørkærbro,2024,319,8.5
2020-09-16T00:25:00Z,Nørkærbro,2024,318.9,8.2
2020-09-16T01:25:00Z,Nørkærbro,2024,318.9,8.2
2020-09-16T02:25:00Z,Nørkærbro,2024,318.8,8.1
2020-09-16T03:25:00Z,Nørkærbro,2024,318.6,7.9
2020-09-16T04:25:00Z,Nørkærbro,2024,318.6,7.9
2020-09-16T05:25:00Z,Nørkærbro,2024,318.8,8.1
2020-09-16T06:25:00Z,Nørkærbro,2024,318.6,7.9
2020-09-16T07:25:00Z,Nørkærbro,2024,318.5,7.8
2020-09-16T08:25:00Z,Nørkærbro,2024,318.4,7.8
2020-09-16T09:25:00Z,Nørkærbro,2024,318.7,8
2020-09-16T10:25:00Z,Nørkærbro,2024,318.7,8
2020-09-16T11:25:00Z,Nørkærbro,2024,318.8,8.1
2020-09-16T12:25:00Z,Nørkærbro,2024,319,8.3
2020-09-16T13:25:00Z,Nørkærbro,2024,318.7,8
2020-09-16T14:25:00Z,Nørkærbro,2024,318.9,8.2
2020-09-16T15:25:00Z,Nørkærbro,2024,319,8.3
2020-09-16T16:25:00Z,Nørkærbro,2024,319.1,8.4
2020-09-16T17:25:00Z,Nørkærbro,2024,319,8.3
2020-09-16T18:25:00Z,Nørkærbro,2024,319.2,8.5
2020-09-16T19:25:00Z,Nørkærbro,2024,319.2,8.5
2020-09-16T20:25:00Z,Nørkærbro,2024,319.1,8.4
2020-09-16T21:25:00Z,Nørkærbro,2024,318.8,8.1
2020-09-16T22:25:00Z,Nørkærbro,2024,318.7,8
2020-09-16T23:25:00Z,Nørkærbro,2024,318.4,7.8
2020-09-17T00:25:00Z,Nørkærbro,2024,318.4,7.6
2020-09-17T01:25:00Z,Nørkærbro,2024,318.4,7.6
2020-09-17T02:25:00Z,Nørkærbro,2024,318.2,7.4
2020-09-17T03:25:00Z,Nørkærbro,2024,318.2,7.4
2020-09-17T04:25:00Z,Nørkærbro,2024,318.1,7.3
2020-09-17T05:25:00Z,Nørkærbro,2024,318.1,7.3
2020-09-17T06:25:00Z,Nørkærbro,2024,318.2,7.4
2020-09-17T07:25:00Z,Nørkærbro,2024,318.1,7.3
2020-09-17T08:25:00Z,Nørkærbro,2024,318.3,7.5
2020-09-17T09:25:00Z,Nørkærbro,2024,318.4,7.6
2020-09-17T10:25:00Z,Nørkærbro,2024,318.4,7.6
2020-09-17T11:25:00Z,Nørkærbro,2024,318.2,7.4
2020-09-17T12:25:00Z,Nørkærbro,2024,318.2,7.4
2020-09-17T13:25:00Z,Nørkærbro,2024,318.2,7.4
2020-09-17T14:25:00Z,Nørkærbro,2024,318.3,7.5
2020-09-17T15:25:00Z,Nørkærbro,2024,318.2,7.4
2020-09-17T16:25:00Z,Nørkærbro,2024,318.2,7.4
2020-09-17T17:25:00Z,Nørkærbro,2024,318.2,7.4
2020-09-17T18:25:00Z,Nørkærbro,2024,318.2,7.4
2020-09-17T19:25:00Z,Nørkærbro,2024,318.1,7.3
2020-09-17T20:25:00Z,Nørkærbro,2024,318.2,7.4
2020-09-17T21:25:00Z,Nørkærbro,2024,318,7.2
2020-09-17T22:25:00Z,Nørkærbro,2024,318,7.2
2020-09-17T23:25:00Z,Nørkærbro,2024,317.8,7
2020-09-18T00:25:00Z,Nørkærbro,2024,317.7,6.7
2020-09-18T01:25:00Z,Nørkærbro,2024,317.4,6.4
2020-09-18T02:25:00Z,Nørkærbro,2024,317.3,6.3
2020-09-18T03:25:00Z,Nørkærbro,2024,317.2,6.2
2020-09-18T04:25:00Z,Nørkærbro,2024,317.2,6.2
2020-09-18T05:25:00Z,Nørkærbro,2024,317.1,6.1
2020-09-18T06:25:00Z,Nørkærbro,2024,317.1,6.1
2020-09-18T07:25:00Z,Nørkærbro,2024,317.1,6.1
2020-09-18T08:25:00Z,Nørkærbro,2024,317.3,6.3
2020-09-18T09:25:00Z,Nørkærbro,2024,317.5,6.5
2020-09-18T10:10:00Z,Nørkærbro,2024,317.3,6.3
2020-09-20T05:45:00Z,Nørkærbro,2024,315.4,4.1
2020-09-20T06:25:00Z,Nørkærbro,2024,315.5,4.2
2020-09-20T07:25:00Z,Nørkærbro,2024,315.6,4.3
2020-09-20T08:25:00Z,Nørkærbro,2024,316,4.7
2020-09-20T09:25:00Z,Nørkærbro,2024,316,4.8
2020-09-20T10:25:00Z,Nørkærbro,2024,316.2,4.9
2020-09-20T11:25:00Z,Nørkærbro,2024,316,4.7
2020-09-20T12:25:00Z,Nørkærbro,2024,315.8,4.5
2020-09-20T13:25:00Z,Nørkærbro,2024,316.1,4.8
2020-09-20T14:25:00Z,Nørkærbro,2024,316.1,4.8
2020-09-20T15:25:00Z,Nørkærbro,2024,316,4.7
2020-09-20T16:25:00Z,Nørkærbro,2024,316,4.8
2020-09-20T17:25:00Z,Nørkærbro,2024,316,4.7
2020-09-20T18:25:00Z,Nørkærbro,2024,316,4.8
2020-09-20T19:25:00Z,Nørkærbro,2024,315.9,4.6
2020-09-20T20:25:00Z,Nørkærbro,2024,315.7,4.4
2020-09-20T21:25:00Z,Nørkærbro,2024,315.7,4.4
2020-09-20T22:25:00Z,Nørkærbro,2024,315.7,4.4
2020-09-20T23:25:00Z,Nørkærbro,2024,315.6,4.3
2020-09-21T00:25:00Z,Nørkærbro,2024,315.5,4
2020-09-21T01:25:00Z,Nørkærbro,2024,315.5,4
2020-09-21T02:25:00Z,Nørkærbro,2024,315.5,4
2020-09-21T03:25:00Z,Nørkærbro,2024,315.4,4
2020-09-21T04:25:00Z,Nørkærbro,2024,315.7,4.2
2020-09-21T05:25:00Z,Nørkærbro,2024,315.8,4.3
2020-09-21T06:25:00Z,Nørkærbro,2024,315.9,4.4
2020-09-21T07:25:00Z,Nørkærbro,2024,315.9,4.4
2020-09-21T08:25:00Z,Nørkærbro,2024,316.1,4.6
2020-09-21T09:25:00Z,Nørkærbro,2024,316.1,4.6
2020-09-21T10:25:00Z,Nørkærbro,2024,316.3,4.8
2020-09-21T11:25:00Z,Nørkærbro,2024,316.2,4.7
2020-09-21T12:25:00Z,Nørkærbro,2024,316.3,4.8
2020-09-21T13:25:00Z,Nørkærbro,2024,316.1,4.6
2020-09-21T14:25:00Z,Nørkærbro,2024,316,4.6
2020-09-21T15:25:00Z,Nørkærbro,2024,315.9,4.4
2020-09-21T16:25:00Z,Nørkærbro,2024,316,4.5
2020-09-21T17:25:00Z,Nørkærbro,2024,315.9,4.4
2020-09-21T18:25:00Z,Nørkærbro,2024,316,4.4
2020-09-21T19:25:00Z,Nørkærbro,2024,315.8,4.3
2020-09-21T20:25:00Z,Nørkærbro,2024,315.5,4
2020-09-21T21:25:00Z,Nørkærbro,2024,315.5,4
2020-09-21T22:25:00Z,Nørkærbro,2024,315.4,3.9
2020-09-21T23:25:00Z,Nørkærbro,2024,315.2,3.7
2020-09-22T00:25:00Z,Nørkærbro,2024,315.3,3.6
2020-09-22T01:25:00Z,Nørkærbro,2024,315.1,3.4
2020-09-22T02:25:00Z,Nørkærbro,2024,315.1,3.4
2020-09-22T03:25:00Z,Nørkærbro,2024,315,3.3
2020-09-22T04:25:00Z,Nørkærbro,2024,315,3.3
2020-09-22T05:25:00Z,Nørkærbro,2024,315.2,3.5
2020-09-22T06:25:00Z,Nørkærbro,2024,315.2,3.5
2020-09-22T07:25:00Z,Nørkærbro,2024,315.1,3.4
2020-09-22T08:25:00Z,Nørkærbro,2024,315.4,3.7
2020-09-22T09:25:00Z,Nørkærbro,2024,315.4,3.6
2020-09-22T10:25:00Z,Nørkærbro,2024,315.3,3.6
2020-09-22T11:25:00Z,Nørkærbro,2024,315.1,3.4
2020-09-22T12:25:00Z,Nørkærbro,2024,315.3,3.6
2020-09-22T13:25:00Z,Nørkærbro,2024,315.2,3.5
2020-09-22T14:25:00Z,Nørkærbro,2024,315.2,3.5
2020-09-22T15:25:00Z,Nørkærbro,2024,315.4,3.7
2020-09-22T16:25:00Z,Nørkærbro,2024,315.4,3.7
2020-09-22T17:25:00Z,Nørkærbro,2024,315.6,3.9
2020-09-22T18:25:00Z,Nørkærbro,2024,315.3,3.6
2020-09-22T19:25:00Z,Nørkærbro,2024,315.3,3.6
2020-09-22T20:25:00Z,Nørkærbro,2024,315.3,3.6
2020-09-22T21:25:00Z,Nørkærbro,2024,315.3,3.6
2020-09-22T22:25:00Z,Nørkærbro,2024,315.1,3.4
2020-09-22T23:25:00Z,Nørkærbro,2024,315.1,3.4
2020-09-23T00:25:00Z,Nørkærbro,2024,315.1,3.3
2020-09-23T01:25:00Z,Nørkærbro,2024,315.1,3.3
2020-09-23T02:25:00Z,Nørkærbro,2024,315,3.2
2020-09-23T03:25:00Z,Nørkærbro,2024,314.9,3.1
2020-09-23T04:25:00Z,Nørkærbro,2024,314.9,3.1
2020-09-23T05:25:00Z,Nørkærbro,2024,315,3.2
2020-09-23T06:25:00Z,Nørkærbro,2024,314.9,3.1
2020-09-23T07:25:00Z,Nørkærbro,2024,314.9,3.1
2020-09-23T08:25:00Z,Nørkærbro,2024,314.8,3
2020-09-23T09:25:00Z,Nørkærbro,2024,314.7,2.9
2020-09-23T10:25:00Z,Nørkærbro,2024,314.7,2.9
2020-09-23T11:25:00Z,Nørkærbro,2024,314.8,3
2020-09-23T12:25:00Z,Nørkærbro,2024,314.9,3.1
2020-09-23T13:25:00Z,Nørkærbro,2024,314.9,3.1
2020-09-23T14:25:00Z,Nørkærbro,2024,314.9,3.1
2020-09-23T15:25:00Z,Nørkærbro,2024,315.1,3.3
2020-09-23T16:25:00Z,Nørkærbro,2024,315,3.2
2020-09-23T17:25:00Z,Nørkærbro,2024,315.2,3.4
2020-09-23T18:25:00Z,Nørkærbro,2024,315.2,3.4
2020-09-23T19:25:00Z,Nørkærbro,2024,314.9,3.1
2020-09-23T20:25:00Z,Nørkærbro,2024,314.8,3
2020-09-23T21:25:00Z,Nørkærbro,2024,314.7,2.9
2020-09-23T22:25:00Z,Nørkærbro,2024,314.7,2.9
2020-09-23T23:25:00Z,Nørkærbro,2024,314.7,2.9
2020-09-24T00:25:00Z,Nørkærbro,2024,314.6,2.6
2020-09-24T01:25:00Z,Nørkærbro,2024,314.6,2.6
2020-09-24T02:25:00Z,Nørkærbro,2024,314.6,2.6
2020-09-24T03:25:00Z,Nørkærbro,2024,314.7,2.7
2020-09-24T04:25:00Z,Nørkærbro,2024,314.8,2.8
2020-09-24T05:25:00Z,Nørkærbro,2024,314.7,2.7
2020-09-24T06:25:00Z,Nørkærbro,2024,315.1,3.1
2020-09-24T07:25:00Z,Nørkærbro,2024,315.2,3.2
2020-09-24T08:25:00Z,Nørkærbro,2024,315,3
2020-09-24T09:25:00Z,Nørkærbro,2024,315.2,3.2
2020-09-24T10:25:00Z,Nørkærbro,2024,315.5,3.5
2020-09-24T11:25:00Z,Nørkærbro,2024,315.6,3.7
2020-09-24T12:25:00Z,Nørkærbro,2024,315.9,3.9
2020-09-24T13:25:00Z,Nørkærbro,2024,316.2,4.2
2020-09-24T14:25:00Z,Nørkærbro,2024,316.3,4.3
2020-09-24T15:25:00Z,Nørkærbro,2024,316.4,4.4
2020-09-24T16:25:00Z,Nørkærbro,2024,316.4,4.4
2020-09-24T17:25:00Z,Nørkærbro,2024,316.6,4.6
2020-09-24T18:25:00Z,Nørkærbro,2024,316.6,4.6
2020-09-24T19:25:00Z,Nørkærbro,2024,316.6,4.6
2020-09-24T20:25:00Z,Nørkærbro,2024,316.7,4.7
2020-09-24T21:25:00Z,Nørkærbro,2024,316.9,4.9
2020-09-24T22:25:00Z,Nørkærbro,2024,316.8,4.8
2020-09-24T23:25:00Z,Nørkærbro,2024,316.8,4.9
2020-09-25T00:25:00Z,Nørkærbro,2024,317.1,4.9
2020-09-25T01:25:00Z,Nørkærbro,2024,317.2,5
2020-09-25T02:25:00Z,Nørkærbro,2024,317.3,5.1
2020-09-25T03:25:00Z,Nørkærbro,2024,317.3,5.1
2020-09-25T04:25:00Z,Nørkærbro,2024,317.3,5.1
2020-09-25T05:25:00Z,Nørkærbro,2024,317.2,5
2020-09-25T06:25:00Z,Nørkærbro,2024,317.1,4.9
2020-09-25T07:25:00Z,Nørkærbro,2024,317,4.9
2020-09-25T08:25:00Z,Nørkærbro,2024,316.8,4.6
2020-09-25T09:25:00Z,Nørkærbro,2024,316.9,4.7
2020-09-25T10:25:00Z,Nørkærbro,2024,317,4.8
2020-09-25T11:25:00Z,Nørkærbro,2024,317.3,5.1
2020-09-25T12:25:00Z,Nørkærbro,2024,317.5,5.3
2020-09-25T13:25:00Z,Nørkærbro,2024,317.6,5.4
2020-09-25T14:25:00Z,Nørkærbro,2024,317.7,5.5
2020-09-25T15:25:00Z,Nørkærbro,2024,318.1,5.9
2020-09-25T16:25:00Z,Nørkærbro,2024,318.6,6.4
2020-09-25T17:25:00Z,Nørkærbro,2024,318.7,6.5
2020-09-25T18:25:00Z,Nørkærbro,2024,318.8,6.6
2020-09-25T19:25:00Z,Nørkærbro,2024,318.9,6.7
2020-09-25T20:25:00Z,Nørkærbro,2024,318.7,6.5
2020-09-25T21:25:00Z,Nørkærbro,2024,318.6,6.4
2020-09-25T22:25:00Z,Nørkærbro,2024,318.4,6.2
2020-09-25T23:25:00Z,Nørkærbro,2024,318.1,5.9
2020-09-26T00:25:00Z,Nørkærbro,2024,317.9,5.6
2020-09-26T01:25:00Z,Nørkærbro,2024,317.7,5.4
2020-09-26T02:25:00Z,Nørkærbro,2024,317.8,5.5
2020-09-26T03:25:00Z,Nørkærbro,2024,317.4,5.1
2020-09-26T04:25:00Z,Nørkærbro,2024,317.6,5.3
2020-09-26T05:25:00Z,Nørkærbro,2024,317.3,5.1
2020-09-26T06:25:00Z,Nørkærbro,2024,317.2,4.9
2020-09-26T07:25:00Z,Nørkærbro,2024,317.4,5.1
2020-09-26T08:25:00Z,Nørkærbro,2024,317.4,5.1
2020-09-26T09:25:00Z,Nørkærbro,2024,317.1,4.8
2020-09-26T10:25:00Z,Nørkærbro,2024,317.4,5.1
2020-09-26T11:25:00Z,Nørkærbro,2024,317.4,5.1
2020-09-26T12:25:00Z,Nørkærbro,2024,317.5,5.2
2020-09-26T13:25:00Z,Nørkærbro,2024,317.5,5.2
2020-09-11T00:25:00Z,Nørkærbro,2025,306.9,-2.7
2020-09-11T01:25:00Z,Nørkærbro,2025,307.1,-2.5
2020-09-11T02:25:00Z,Nørkærbro,2025,307.6,-2
2020-09-11T03:25:00Z,Nørkærbro,2025,308.1,-1.5
2020-09-11T04:25:00Z,Nørkærbro,2025,308.5,-1.1
2020-09-11T05:25:00Z,Nørkærbro,2025,309,-0.6
2020-09-11T06:25:00Z,Nørkærbro,2025,309.4,-0.2
2020-09-11T07:25:00Z,Nørkærbro,2025,309.7,0.1
2020-09-11T08:25:00Z,Nørkærbro,2025,309.8,0.2
2020-09-11T09:25:00Z,Nørkærbro,2025,310,0.4
2020-09-11T10:25:00Z,Nørkærbro,2025,310,0.4
2020-09-11T11:25:00Z,Nørkærbro,2025,309.9,0.3
2020-09-11T12:25:00Z,Nørkærbro,2025,310.2,0.6
2020-09-11T13:25:00Z,Nørkærbro,2025,310.4,0.8
2020-09-11T14:25:00Z,Nørkærbro,2025,310.5,0.9
2020-09-11T15:25:00Z,Nørkærbro,2025,310.7,1.1
2020-09-11T16:25:00Z,Nørkærbro,2025,310.7,1.1
2020-09-11T17:25:00Z,Nørkærbro,2025,311,1.4
2020-09-11T18:25:00Z,Nørkærbro,2025,311.2,1.7
2020-09-11T19:25:00Z,Nørkærbro,2025,311.3,1.7
2020-09-11T20:25:00Z,Nørkærbro,2025,311.3,1.7
2020-09-11T21:25:00Z,Nørkærbro,2025,311.3,1.7
2020-09-11T22:25:00Z,Nørkærbro,2025,311.1,1.5
2020-09-11T23:25:00Z,Nørkærbro,2025,310.8,1.2
2020-09-12T00:25:00Z,Nørkærbro,2025,310.5,0.7
2020-09-12T01:25:00Z,Nørkærbro,2025,309.9,0.1
2020-09-12T02:25:00Z,Nørkærbro,2025,309.8,0
2020-09-12T03:25:00Z,Nørkærbro,2025,309.3,-0.5
2020-09-12T04:25:00Z,Nørkærbro,2025,309.1,-0.7
2020-09-12T05:25:00Z,Nørkærbro,2025,308.6,-1.2
2020-09-12T06:25:00Z,Nørkærbro,2025,308.5,-1.3
2020-09-12T07:25:00Z,Nørkærbro,2025,308.4,-1.4
2020-09-12T08:25:00Z,Nørkærbro,2025,308.2,-1.6
2020-09-12T09:25:00Z,Nørkærbro,2025,308.2,-1.6
2020-09-12T10:25:00Z,Nørkærbro,2025,308.1,-1.7
2020-09-12T11:25:00Z,Nørkærbro,2025,307.9,-1.9
2020-09-12T12:25:00Z,Nørkærbro,2025,307.8,-2
2020-09-12T13:25:00Z,Nørkærbro,2025,307.6,-2.2
2020-09-12T14:25:00Z,Nørkærbro,2025,307.6,-2.2
2020-09-12T15:25:00Z,Nørkærbro,2025,307.5,-2.3
2020-09-12T16:25:00Z,Nørkærbro,2025,307.7,-2.1
2020-09-12T17:25:00Z,Nørkærbro,2025,307.7,-2.1
2020-09-12T18:25:00Z,Nørkærbro,2025,307.8,-2
2020-09-12T19:25:00Z,Nørkærbro,2025,307.9,-1.9
2020-09-12T20:25:00Z,Nørkærbro,2025,307.7,-2.1
2020-09-12T21:25:00Z,Nørkærbro,2025,307.9,-1.9
2020-09-12T22:25:00Z,Nørkærbro,2025,307.9,-1.9
2020-09-12T23:25:00Z,Nørkærbro,2025,307.8,-2
2020-09-13T00:25:00Z,Nørkærbro,2025,307.7,-2.2
2020-09-13T01:25:00Z,Nørkærbro,2025,307.8,-2.1
2020-09-13T02:25:00Z,Nørkærbro,2025,307.8,-2.1
2020-09-13T03:25:00Z,Nørkærbro,2025,307.8,-2.1
2020-09-13T04:25:00Z,Nørkærbro,2025,307.6,-2.4
2020-09-13T05:25:00Z,Nørkærbro,2025,307.6,-2.3
2020-09-13T06:25:00Z,Nørkærbro,2025,307.6,-2.3
2020-09-13T07:25:00Z,Nørkærbro,2025,307.6,-2.3
2020-09-13T08:25:00Z,Nørkærbro,2025,307.4,-2.5
2020-09-13T09:25:00Z,Nørkærbro,2025,307.3,-2.6
2020-09-13T10:25:00Z,Nørkærbro,2025,307.3,-2.6
2020-09-13T11:25:00Z,Nørkærbro,2025,307.2,-2.8
2020-09-13T12:25:00Z,Nørkærbro,2025,306.9,-3
2020-09-13T13:25:00Z,Nørkærbro,2025,307,-2.9
2020-09-13T14:25:00Z,Nørkærbro,2025,306.7,-3.2
2020-09-13T15:25:00Z,Nørkærbro,2025,306.6,-3.3
2020-09-13T16:25:00Z,Nørkærbro,2025,306.6,-3.3
2020-09-13T17:25:00Z,Nørkærbro,2025,306.4,-3.5
2020-09-13T18:25:00Z,Nørkærbro,2025,306.3,-3.6
2020-09-13T19:25:00Z,Nørkærbro,2025,306.3,-3.6
2020-09-13T20:25:00Z,Nørkærbro,2025,306.1,-3.8
2020-09-13T21:25:00Z,Nørkærbro,2025,306.2,-3.7
2020-09-13T22:25:00Z,Nørkærbro,2025,306.2,-3.7
2020-09-13T23:25:00Z,Nørkærbro,2025,306.1,-3.8
2020-09-14T00:25:00Z,Nørkærbro,2025,306,-4.1
2020-09-14T01:25:00Z,Nørkærbro,2025,305.9,-4.2
2020-09-14T02:25:00Z,Nørkærbro,2025,305.9,-4.2
2020-09-14T03:25:00Z,Nørkærbro,2025,305.8,-4.3
2020-09-14T04:25:00Z,Nørkærbro,2025,305.6,-4.5
2020-09-14T05:25:00Z,Nørkærbro,2025,305.6,-4.5
2020-09-14T06:25:00Z,Nørkærbro,2025,305.4,-4.7
2020-09-14T07:25:00Z,Nørkærbro,2025,305.4,-4.7
2020-09-14T08:25:00Z,Nørkærbro,2025,305.1,-5
2020-09-14T09:25:00Z,Nørkærbro,2025,305.2,-4.9
2020-09-14T10:25:00Z,Nørkærbro,2025,305.1,-5
2020-09-14T11:25:00Z,Nørkærbro,2025,304.9,-5.2
2020-09-14T12:25:00Z,Nørkærbro,2025,304.9,-5.2
2020-09-14T13:25:00Z,Nørkærbro,2025,304.9,-5.2
2020-09-14T14:25:00Z,Nørkærbro,2025,305.1,-5
2020-09-14T15:25:00Z,Nørkærbro,2025,305.2,-4.9
2020-09-14T16:25:00Z,Nørkærbro,2025,305.4,-4.7
2020-09-14T17:25:00Z,Nørkærbro,2025,305.5,-4.6
2020-09-14T18:25:00Z,Nørkærbro,2025,305.7,-4.4
2020-09-14T19:25:00Z,Nørkærbro,2025,305.7,-4.4
2020-09-14T20:25:00Z,Nørkærbro,2025,305.7,-4.4
2020-09-14T21:25:00Z,Nørkærbro,2025,305.7,-4.4
2020-09-14T22:25:00Z,Nørkærbro,2025,305.4,-4.7
2020-09-14T23:25:00Z,Nørkærbro,2025,305.2,-4.9
2020-09-15T00:25:00Z,Nørkærbro,2025,305,-5.3
2020-09-15T01:25:00Z,Nørkærbro,2025,304.9,-5.4
2020-09-15T02:25:00Z,Nørkærbro,2025,304.8,-5.5
2020-09-15T03:25:00Z,Nørkærbro,2025,304.6,-5.8
2020-09-15T04:25:00Z,Nørkærbro,2025,304.6,-5.7
2020-09-15T05:25:00Z,Nørkærbro,2025,304.4,-5.9
2020-09-15T06:25:00Z,Nørkærbro,2025,304.2,-6.1
2020-09-15T07:25:00Z,Nørkærbro,2025,304.2,-6.1
2020-09-15T08:25:00Z,Nørkærbro,2025,304.3,-6
2020-09-15T09:25:00Z,Nørkærbro,2025,304.4,-5.9
2020-09-15T10:25:00Z,Nørkærbro,2025,304.5,-5.8
2020-09-15T11:25:00Z,Nørkærbro,2025,304.8,-5.5
2020-09-15T12:25:00Z,Nørkærbro,2025,305,-5.3
2020-09-15T13:25:00Z,Nørkærbro,2025,305.2,-5.1
2020-09-15T14:25:00Z,Nørkærbro,2025,305.3,-5
2020-09-15T15:25:00Z,Nørkærbro,2025,305.6,-4.7
2020-09-15T16:25:00Z,Nørkærbro,2025,305.8,-4.5
2020-09-15T17:25:00Z,Nørkærbro,2025,306.5,-3.8
2020-09-15T18:25:00Z,Nørkærbro,2025,307.1,-3.2
2020-09-15T19:25:00Z,Nørkærbro,2025,308,-2.3
2020-09-15T20:25:00Z,Nørkærbro,2025,308.9,-1.4
2020-09-15T21:25:00Z,Nørkærbro,2025,310.1,-0.2
2020-09-15T22:25:00Z,Nørkærbro,2025,311.3,1
2020-09-15T23:25:00Z,Nørkærbro,2025,312.2,1.9
2020-09-16T00:25:00Z,Nørkærbro,2025,313,2.5
2020-09-16T01:25:00Z,Nørkærbro,2025,313.8,3.3
2020-09-16T02:25:00Z,Nørkærbro,2025,314.3,3.8
2020-09-16T03:25:00Z,Nørkærbro,2025,315.2,4.7
2020-09-16T04:25:00Z,Nørkærbro,2025,316.1,5.6
2020-09-16T05:25:00Z,Nørkærbro,2025,317,6.5
2020-09-16T06:25:00Z,Nørkærbro,2025,317.8,7.3
2020-09-16T07:25:00Z,Nørkærbro,2025,319,8.5
2020-09-16T08:25:00Z,Nørkærbro,2025,319.8,9.3
2020-09-16T09:25:00Z,Nørkærbro,2025,320.6,10.1
2020-09-16T10:25:00Z,Nørkærbro,2025,321.4,10.9
2020-09-16T11:25:00Z,Nørkærbro,2025,322.1,11.6
2020-09-16T12:25:00Z,Nørkærbro,2025,322.3,11.8
2020-09-16T13:25:00Z,Nørkærbro,2025,322.9,12.4
2020-09-16T14:25:00Z,Nørkærbro,2025,323.2,12.7
2020-09-16T15:25:00Z,Nørkærbro,2025,323.4,12.9
2020-09-16T16:25:00Z,Nørkærbro,2025,323.7,13.2
2020-09-16T17:25:00Z,Nørkærbro,2025,323.9,13.4
2020-09-16T18:25:00Z,Nørkærbro,2025,324.1,13.6
2020-09-16T19:25:00Z,Nørkærbro,2025,324.2,13.7
2020-09-16T20:25:00Z,Nørkærbro,2025,323.8,13.3
2020-09-16T21:25:00Z,Nørkærbro,2025,323.8,13.3
2020-09-16T22:25:00Z,Nørkærbro,2025,323.7,13.2
2020-09-16T23:25:00Z,Nørkærbro,2025,323.7,13.2
2020-09-17T00:25:00Z,Nørkærbro,2025,323.2,12.6
2020-09-17T01:25:00Z,Nørkærbro,2025,323.1,12.4
2020-09-17T02:25:00Z,Nørkærbro,2025,322.9,12.2
2020-09-17T03:25:00Z,Nørkærbro,2025,322.3,11.6
2020-09-17T04:25:00Z,Nørkærbro,2025,322,11.2
2020-09-17T05:25:00Z,Nørkærbro,2025,321.5,10.8
2020-09-17T06:25:00Z,Nørkærbro,2025,321.1,10.4
2020-09-17T07:25:00Z,Nørkærbro,2025,320.7,10
2020-09-17T08:25:00Z,Nørkærbro,2025,320.2,9.5
2020-09-17T09:25:00Z,Nørkærbro,2025,319.6,8.9
2020-09-17T10:25:00Z,Nørkærbro,2025,319.4,8.7
2020-09-17T11:25:00Z,Nørkærbro,2025,318.9,8.2
2020-09-17T12:25:00Z,Nørkærbro,2025,318.9,8.2
2020-09-17T13:25:00Z,Nørkærbro,2025,318.8,8.1
2020-09-17T14:25:00Z,Nørkærbro,2025,318.2,7.6
2020-09-17T15:25:00Z,Nørkærbro,2025,318.2,7.5
2020-09-17T16:25:00Z,Nørkærbro,2025,318,7.3
2020-09-17T17:25:00Z,Nørkærbro,2025,317.9,7.2
2020-09-17T18:25:00Z,Nørkærbro,2025,317.9,7.2
2020-09-17T19:25:00Z,Nørkærbro,2025,317.8,7.1
2020-09-17T20:25:00Z,Nørkærbro,2025,317.8,7.1
2020-09-17T21:25:00Z,Nørkærbro,2025,317.7,7
2020-09-17T22:25:00Z,Nørkærbro,2025,317.4,6.7
2020-09-17T23:25:00Z,Nørkærbro,2025,317.3,6.6
2020-09-18T00:25:00Z,Nørkærbro,2025,317,6.2
2020-09-18T01:25:00Z,Nørkærbro,2025,316.6,5.8
2020-09-18T02:25:00Z,Nørkærbro,2025,316.3,5.5
2020-09-18T03:25:00Z,Nørkærbro,2025,315.9,5.1
2020-09-18T04:25:00Z,Nørkærbro,2025,315.4,4.6
2020-09-18T05:25:00Z,Nørkærbro,2025,315.3,4.5
2020-09-18T06:25:00Z,Nørkærbro,2025,315,4.2
2020-09-18T07:25:00Z,Nørkærbro,2025,314.7,3.9
2020-09-18T08:25:00Z,Nørkærbro,2025,314.4,3.6
2020-09-18T09:25:00Z,Nørkærbro,2025,314.1,3.4
2020-09-18T10:25:00Z,Nørkærbro,2025,314.2,3.4
2020-09-18T11:25:00Z,Nørkærbro,2025,313.9,3.1
2020-09-18T12:25:00Z,Nørkærbro,2025,313.8,3
2020-09-18T13:25:00Z,Nørkærbro,2025,313.5,2.7
2020-09-18T14:25:00Z,Nørkærbro,2025,313.5,2.7
2020-09-18T15:25:00Z,Nørkærbro,2025,313.2,2.4
2020-09-18T16:25:00Z,Nørkærbro,2025,312.8,2
2020-09-18T17:25:00Z,Nørkærbro,2025,312.7,1.9
2020-09-18T18:25:00Z,Nørkærbro,2025,312.8,2
2020-09-18T19:25:00Z,Nørkærbro,2025,312.5,1.7
2020-09-18T20:25:00Z,Nørkærbro,2025,312.4,1.7
2020-09-18T21:25:00Z,Nørkærbro,2025,312,1.2
2020-09-18T22:25:00Z,Nørkærbro,2025,311.8,1
2020-09-18T23:25:00Z,Nørkærbro,2025,311.6,0.8
2020-09-19T00:25:00Z,Nørkærbro,2025,311.3,0.3
2020-09-19T01:25:00Z,Nørkærbro,2025,311,0
2020-09-19T02:25:00Z,Nørkærbro,2025,310.8,-0.2
2020-09-19T03:25:00Z,Nørkærbro,2025,310.5,-0.5
2020-09-19T04:25:00Z,Nørkærbro,2025,310.3,-0.7
2020-09-19T05:25:00Z,Nørkærbro,2025,310,-1
2020-09-19T06:25:00Z,Nørkærbro,2025,309.8,-1.2
2020-09-19T07:25:00Z,Nørkærbro,2025,309.6,-1.4
2020-09-19T08:25:00Z,Nørkærbro,2025,309.4,-1.6
2020-09-19T09:25:00Z,Nørkærbro,2025,309.4,-1.7
2020-09-19T10:25:00Z,Nørkærbro,2025,309.2,-1.8
2020-09-19T11:25:00Z,Nørkærbro,2025,309.1,-1.9
2020-09-19T12:25:00Z,Nørkærbro,2025,308.8,-2.2
2020-09-19T13:25:00Z,Nørkærbro,2025,308.8,-2.1
2020-09-19T14:25:00Z,Nørkærbro,2025,308.8,-2.2
2020-09-19T15:25:00Z,Nørkærbro,2025,308.6,-2.5
2020-09-19T16:25:00Z,Nørkærbro,2025,308.4,-2.6
2020-09-19T17:25:00Z,Nørkærbro,2025,308.4,-2.6
2020-09-19T18:25:00Z,Nørkærbro,2025,308.3,-2.6
2020-09-19T19:25:00Z,Nørkærbro,2025,308.1,-2.9
2020-09-19T20:25:00Z,Nørkærbro,2025,308,-2.9
2020-09-19T21:25:00Z,Nørkærbro,2025,307.9,-3.1
2020-09-19T22:25:00Z,Nørkærbro,2025,307.8,-3.2
2020-09-19T23:25:00Z,Nørkærbro,2025,307.8,-3.2
2020-09-20T00:25:00Z,Nørkærbro,2025,307.6,-3.6
2020-09-20T01:25:00Z,Nørkærbro,2025,307.4,-3.8
2020-09-20T02:25:00Z,Nørkærbro,2025,307.2,-4
2020-09-20T03:25:00Z,Nørkærbro,2025,307.3,-3.9
2020-09-20T04:25:00Z,Nørkærbro,2025,307.2,-4
2020-09-20T05:25:00Z,Nørkærbro,2025,307.2,-4
2020-09-20T06:25:00Z,Nørkærbro,2025,306.9,-4.3
2020-09-20T07:25:00Z,Nørkærbro,2025,307,-4.2
2020-09-20T08:25:00Z,Nørkærbro,2025,306.9,-4.3
2020-09-20T09:25:00Z,Nørkærbro,2025,306.8,-4.4
2020-09-20T10:25:00Z,Nørkærbro,2025,306.7,-4.5
2020-09-20T11:25:00Z,Nørkærbro,2025,306.6,-4.6
2020-09-20T12:25:00Z,Nørkærbro,2025,306.5,-4.7
2020-09-20T13:25:00Z,Nørkærbro,2025,306.6,-4.7
2020-09-20T14:25:00Z,Nørkærbro,2025,306.6,-4.7
2020-09-20T15:25:00Z,Nørkærbro,2025,306.6,-4.7
2020-09-20T16:25:00Z,Nørkærbro,2025,306.6,-4.6
2020-09-20T17:25:00Z,Nørkærbro,2025,306.9,-4.3
2020-09-20T18:25:00Z,Nørkærbro,2025,306.7,-4.5
2020-09-20T19:25:00Z,Nørkærbro,2025,306.8,-4.4
2020-09-20T20:25:00Z,Nørkærbro,2025,306.6,-4.6
2020-09-20T21:25:00Z,Nørkærbro,2025,306.6,-4.6
2020-09-20T22:25:00Z,Nørkærbro,2025,306.6,-4.6
2020-09-20T23:25:00Z,Nørkærbro,2025,306.7,-4.5
2020-09-21T00:25:00Z,Nørkærbro,2025,306.4,-4.9
2020-09-21T01:25:00Z,Nørkærbro,2025,306.4,-5
2020-09-21T02:25:00Z,Nørkærbro,2025,306.4,-4.9
2020-09-21T03:25:00Z,Nørkærbro,2025,306.6,-4.7
2020-09-21T04:25:00Z,Nørkærbro,2025,306.7,-4.6
2020-09-21T05:25:00Z,Nørkærbro,2025,306.9,-4.4
2020-09-21T06:25:00Z,Nørkærbro,2025,306.9,-4.4
2020-09-21T07:25:00Z,Nørkærbro,2025,307.2,-4.1
2020-09-21T08:25:00Z,Nørkærbro,2025,307.4,-3.9
2020-09-21T09:25:00Z,Nørkærbro,2025,307.7,-3.6
2020-09-21T10:25:00Z,Nørkærbro,2025,308.2,-3.1
2020-09-21T11:25:00Z,Nørkærbro,2025,308.5,-2.8
2020-09-21T12:25:00Z,Nørkærbro,2025,309,-2.3
2020-09-21T13:25:00Z,Nørkærbro,2025,309.5,-1.8
2020-09-21T14:25:00Z,Nørkærbro,2025,309.4,-1.9
2020-09-21T15:25:00Z,Nørkærbro,2025,309.8,-1.5
2020-09-21T16:25:00Z,Nørkærbro,2025,309.7,-1.6
2020-09-21T17:25:00Z,Nørkærbro,2025,309.8,-1.5
2020-09-21T18:25:00Z,Nørkærbro,2025,309.7,-1.6
2020-09-21T19:25:00Z,Nørkærbro,2025,309.4,-1.8
2020-09-21T20:25:00Z,Nørkærbro,2025,309.4,-1.9
2020-09-21T21:25:00Z,Nørkærbro,2025,309.1,-2.2
2020-09-21T22:25:00Z,Nørkærbro,2025,308.7,-2.6
2020-09-21T23:25:00Z,Nørkærbro,2025,308.7,-2.6
2020-09-22T00:25:00Z,Nørkærbro,2025,308.2,-3.3
2020-09-22T01:25:00Z,Nørkærbro,2025,307.8,-3.7
2020-09-22T02:25:00Z,Nørkærbro,2025,307.5,-4
2020-09-22T03:25:00Z,Nørkærbro,2025,307.4,-4.1
2020-09-22T04:25:00Z,Nørkærbro,2025,307.2,-4.3
2020-09-22T05:25:00Z,Nørkærbro,2025,306.9,-4.6
2020-09-22T06:25:00Z,Nørkærbro,2025,306.7,-4.8
2020-09-22T07:25:00Z,Nørkærbro,2025,306.3,-5.2
2020-09-22T08:25:00Z,Nørkærbro,2025,306.1,-5.4
2020-09-22T09:25:00Z,Nørkærbro,2025,305.9,-5.6
2020-09-22T10:25:00Z,Nørkærbro,2025,305.8,-5.7
2020-09-22T11:20:00Z,Nørkærbro,2025,306.5,-5
2020-09-22T12:25:00Z,Nørkærbro,2025,307.4,-4.1
2020-09-22T13:25:00Z,Nørkærbro,2025,307.7,-3.8
2020-09-22T14:25:00Z,Nørkærbro,2025,307.8,-3.8
2020-09-22T15:25:00Z,Nørkærbro,2025,307.9,-3.6
2020-09-22T16:25:00Z,Nørkærbro,2025,308.1,-3.4
2020-09-22T17:25:00Z,Nørkærbro,2025,308,-3.5
2020-09-22T18:25:00Z,Nørkærbro,2025,308,-3.5
2020-09-22T19:25:00Z,Nørkærbro,2025,307.9,-3.6
2020-09-22T20:25:00Z,Nørkærbro,2025,308,-3.5
2020-09-22T21:25:00Z,Nørkærbro,2025,308,-3.5
2020-09-22T22:25:00Z,Nørkærbro,2025,307.8,-3.7
2020-09-22T23:25:00Z,Nørkærbro,2025,307.7,-3.8
2020-09-23T00:25:00Z,Nørkærbro,2025,307.5,-4.2
2020-09-23T01:25:00Z,Nørkærbro,2025,307.4,-4.3
2020-09-23T02:25:00Z,Nørkærbro,2025,307.4,-4.3
2020-09-23T03:25:00Z,Nørkærbro,2025,307.4,-4.3
2020-09-23T04:25:00Z,Nørkærbro,2025,307.3,-4.4
2020-09-23T05:25:00Z,Nørkærbro,2025,307.3,-4.4
2020-09-23T06:25:00Z,Nørkærbro,2025,307.1,-4.6
2020-09-23T07:25:00Z,Nørkærbro,2025,307.1,-4.6
2020-09-23T08:25:00Z,Nørkærbro,2025,306.9,-4.8
2020-09-23T09:25:00Z,Nørkærbro,2025,306.8,-4.9
2020-09-23T10:25:00Z,Nørkærbro,2025,306.6,-5.1
2020-09-23T11:25:00Z,Nørkærbro,2025,306.6,-5.1
2020-09-23T12:25:00Z,Nørkærbro,2025,306.7,-5
2020-09-23T13:25:00Z,Nørkærbro,2025,306.8,-4.9
2020-09-23T14:25:00Z,Nørkærbro,2025,306.8,-4.9
2020-09-23T15:25:00Z,Nørkærbro,2025,306.8,-5
2020-09-23T16:25:00Z,Nørkærbro,2025,306.9,-4.8
2020-09-23T17:25:00Z,Nørkærbro,2025,306.6,-5.1
2020-09-23T18:25:00Z,Nørkærbro,2025,306.6,-5.1
2020-09-23T19:25:00Z,Nørkærbro,2025,306.5,-5.2
2020-09-23T20:25:00Z,Nørkærbro,2025,306.4,-5.3
2020-09-23T21:25:00Z,Nørkærbro,2025,306.2,-5.4
2020-09-23T22:25:00Z,Nørkærbro,2025,306,-5.7
2020-09-23T23:25:00Z,Nørkærbro,2025,306,-5.7
2020-09-24T00:25:00Z,Nørkærbro,2025,306,-5.8
2020-09-24T01:25:00Z,Nørkærbro,2025,305.8,-6
2020-09-24T02:25:00Z,Nørkærbro,2025,305.7,-6.2
2020-09-24T03:25:00Z,Nørkærbro,2025,305.7,-6.1
2020-09-24T04:25:00Z,Nørkærbro,2025,305.6,-6.2
2020-09-24T05:25:00Z,Nørkærbro,2025,305.5,-6.3
2020-09-24T06:25:00Z,Nørkærbro,2025,305.6,-6.2
2020-09-24T07:25:00Z,Nørkærbro,2025,305.3,-6.5
2020-09-24T08:25:00Z,Nørkærbro,2025,305,-6.8
2020-09-24T09:25:00Z,Nørkærbro,2025,305,-6.8
2020-09-24T10:25:00Z,Nørkærbro,2025,304.6,-7.2
2020-09-24T11:25:00Z,Nørkærbro,2025,304.6,-7.1
2020-09-24T12:25:00Z,Nørkærbro,2025,304.8,-7
2020-09-24T13:25:00Z,Nørkærbro,2025,304.7,-7.1
2020-09-24T14:25:00Z,Nørkærbro,2025,304.6,-7.2
2020-09-24T15:25:00Z,Nørkærbro,2025,304.6,-7.2
2020-09-24T16:25:00Z,Nørkærbro,2025,304.9,-6.9
2020-09-24T17:25:00Z,Nørkærbro,2025,305,-6.9
2020-09-24T18:25:00Z,Nørkærbro,2025,305.1,-6.7
2020-09-24T19:25:00Z,Nørkærbro,2025,305,-6.8
2020-09-24T20:25:00Z,Nørkærbro,2025,305,-6.8
2020-09-24T21:25:00Z,Nørkærbro,2025,304.8,-7
2020-09-24T22:25:00Z,Nørkærbro,2025,304.8,-7
2020-09-24T23:25:00Z,Nørkærbro,2025,304.7,-7.1
2020-09-25T00:25:00Z,Nørkærbro,2025,304.5,-7.5
2020-09-25T01:25:00Z,Nørkærbro,2025,304.6,-7.4
2020-09-25T02:25:00Z,Nørkærbro,2025,304.5,-7.5
2020-09-25T03:25:00Z,Nørkærbro,2025,304.4,-7.6
2020-09-25T04:25:00Z,Nørkærbro,2025,304.4,-7.6
2020-09-25T05:25:00Z,Nørkærbro,2025,304.4,-7.6
2020-09-25T06:25:00Z,Nørkærbro,2025,304.2,-7.8
2020-09-25T07:25:00Z,Nørkærbro,2025,304.2,-7.8
2020-09-25T08:25:00Z,Nørkærbro,2025,304.1,-7.9
2020-09-25T09:25:00Z,Nørkærbro,2025,304.2,-7.8
2020-09-25T10:25:00Z,Nørkærbro,2025,304.1,-7.9
2020-09-25T11:25:00Z,Nørkærbro,2025,304.1,-7.9
2020-09-25T12:25:00Z,Nørkærbro,2025,304.3,-7.7
2020-09-25T13:25:00Z,Nørkærbro,2025,304.6,-7.4
2020-09-25T14:25:00Z,Nørkærbro,2025,304.4,-7.6
2020-09-25T15:25:00Z,Nørkærbro,2025,304.4,-7.6
2020-09-25T16:25:00Z,Nørkærbro,2025,304.2,-7.8
2020-09-25T17:25:00Z,Nørkærbro,2025,304.3,-7.7
2020-09-25T18:25:00Z,Nørkærbro,2025,304.3,-7.7
2020-09-25T19:25:00Z,Nørkærbro,2025,304.2,-7.8
2020-09-25T20:25:00Z,Nørkærbro,2025,304.1,-7.9
2020-09-25T21:25:00Z,Nørkærbro,2025,304.1,-7.9
2020-09-25T22:25:00Z,Nørkærbro,2025,304,-8
2020-09-25T23:25:00Z,Nørkærbro,2025,303.8,-8.2
2020-09-26T00:25:00Z,Nørkærbro,2025,303.8,-8.4
2020-09-26T01:25:00Z,Nørkærbro,2025,303.8,-8.4
2020-09-26T02:25:00Z,Nørkærbro,2025,303.6,-8.6
2020-09-26T03:25:00Z,Nørkærbro,2025,303.7,-8.5
2020-09-26T04:25:00Z,Nørkærbro,2025,303.7,-8.5
2020-09-26T05:25:00Z,Nørkærbro,2025,303.6,-8.6
2020-09-26T06:25:00Z,Nørkærbro,2025,303.4,-8.8
2020-09-26T07:25:00Z,Nørkærbro,2025,303.5,-8.7
2020-09-26T08:25:00Z,Nørkærbro,2025,303.5,-8.7
2020-09-26T09:25:00Z,Nørkærbro,2025,303.5,-8.7
2020-09-26T10:25:00Z,Nørkærbro,2025,303.4,-8.8
2020-09-26T11:25:00Z,Nørkærbro,2025,303.6,-8.6
2020-09-26T12:25:00Z,Nørkærbro,2025,303.4,-8.8
2020-09-26T13:25:00Z,Nørkærbro,2025,303.5,-8.7
2020-09-11T00:25:00Z,Nørkærbro,2026,299.6,-10
2020-09-11T01:25:00Z,Nørkærbro,2026,299.4,-10.2
2020-09-11T02:25:00Z,Nørkærbro,2026,299.5,-10.1
2020-09-11T03:25:00Z,Nørkærbro,2026,299.2,-10.4
2020-09-11T04:25:00Z,Nørkærbro,2026,299,-10.7
2020-09-11T05:25:00Z,Nørkærbro,2026,298.8,-10.8
2020-09-11T06:25:00Z,Nørkærbro,2026,298.6,-10.9
2020-09-11T07:25:00Z,Nørkærbro,2026,298.5,-11.1
2020-09-11T08:25:00Z,Nørkærbro,2026,298.6,-11
2020-09-11T09:25:00Z,Nørkærbro,2026,298.6,-11.1
2020-09-11T10:25:00Z,Nørkærbro,2026,298.5,-11.1
2020-09-11T11:25:00Z,Nørkærbro,2026,298.4,-11.2
2020-09-11T12:25:00Z,Nørkærbro,2026,298.5,-11.1
2020-09-11T13:25:00Z,Nørkærbro,2026,298.4,-11.2
2020-09-11T14:25:00Z,Nørkærbro,2026,298.4,-11.2
2020-09-11T15:25:00Z,Nørkærbro,2026,298.3,-11.3
2020-09-11T16:25:00Z,Nørkærbro,2026,298.4,-11.2
2020-09-11T17:25:00Z,Nørkærbro,2026,298.3,-11.3
2020-09-11T18:25:00Z,Nørkærbro,2026,298.3,-11.3
2020-09-11T19:25:00Z,Nørkærbro,2026,298.3,-11.3
2020-09-11T20:25:00Z,Nørkærbro,2026,298.4,-11.2
2020-09-11T21:25:00Z,Nørkærbro,2026,298.4,-11.2
2020-09-11T22:25:00Z,Nørkærbro,2026,298.4,-11.2
2020-09-11T23:25:00Z,Nørkærbro,2026,298.4,-11.2
2020-09-12T00:25:00Z,Nørkærbro,2026,298.4,-11.4
2020-09-12T01:25:00Z,Nørkærbro,2026,298.4,-11.4
2020-09-12T02:25:00Z,Nørkærbro,2026,298.6,-11.2
2020-09-12T03:25:00Z,Nørkærbro,2026,298.5,-11.3
2020-09-12T04:25:00Z,Nørkærbro,2026,298.5,-11.3
2020-09-12T05:25:00Z,Nørkærbro,2026,298.6,-11.2
2020-09-12T06:25:00Z,Nørkærbro,2026,298.6,-11.2
2020-09-12T07:25:00Z,Nørkærbro,2026,298.6,-11.2
2020-09-12T08:25:00Z,Nørkærbro,2026,298.6,-11.2
2020-09-12T09:25:00Z,Nørkærbro,2026,298.5,-11.3
2020-09-12T10:25:00Z,Nørkærbro,2026,298.7,-11.1
2020-09-12T11:25:00Z,Nørkærbro,2026,298.9,-10.9
2020-09-12T12:25:00Z,Nørkærbro,2026,298.7,-11.1
2020-09-12T13:25:00Z,Nørkærbro,2026,298.7,-11.1
2020-09-12T14:25:00Z,Nørkærbro,2026,298.8,-11
2020-09-12T15:25:00Z,Nørkærbro,2026,298.8,-11
2020-09-12T16:25:00Z,Nørkærbro,2026,299.1,-10.7
2020-09-12T17:25:00Z,Nørkærbro,2026,298.9,-10.9
2020-09-12T18:25:00Z,Nørkærbro,2026,298.9,-10.9
2020-09-12T19:25:00Z,Nørkærbro,2026,298.8,-11
2020-09-12T20:25:00Z,Nørkærbro,2026,298.8,-11
2020-09-12T21:25:00Z,Nørkærbro,2026,298.7,-11.1
2020-09-12T22:25:00Z,Nørkærbro,2026,298.7,-11.1
2020-09-12T23:25:00Z,Nørkærbro,2026,298.8,-11
2020-09-13T00:25:00Z,Nørkærbro,2026,298.8,-11.1
2020-09-13T01:25:00Z,Nørkærbro,2026,298.9,-11
2020-09-13T02:25:00Z,Nørkærbro,2026,298.9,-11
2020-09-13T03:25:00Z,Nørkærbro,2026,299,-10.9
2020-09-13T04:25:00Z,Nørkærbro,2026,298.9,-11
2020-09-13T05:25:00Z,Nørkærbro,2026,299.3,-10.6
2020-09-13T06:25:00Z,Nørkærbro,2026,299.2,-10.7
2020-09-13T07:25:00Z,Nørkærbro,2026,299.2,-10.7
2020-09-13T08:25:00Z,Nørkærbro,2026,299.3,-10.6
2020-09-13T09:25:00Z,Nørkærbro,2026,299.3,-10.6
2020-09-13T10:25:00Z,Nørkærbro,2026,299.4,-10.5
2020-09-13T11:25:00Z,Nørkærbro,2026,299.7,-10.2
2020-09-13T12:25:00Z,Nørkærbro,2026,299.6,-10.3
2020-09-13T13:25:00Z,Nørkærbro,2026,299.8,-10.1
2020-09-13T14:25:00Z,Nørkærbro,2026,299.9,-10
2020-09-13T15:25:00Z,Nørkærbro,2026,300,-9.9
2020-09-13T16:25:00Z,Nørkærbro,2026,300.1,-9.8
2020-09-13T17:25:00Z,Nørkærbro,2026,300,-10
2020-09-13T18:25:00Z,Nørkærbro,2026,300.1,-9.8
2020-09-13T19:25:00Z,Nørkærbro,2026,300,-9.9
2020-09-13T20:25:00Z,Nørkærbro,2026,299.9,-10
2020-09-13T21:25:00Z,Nørkærbro,2026,299.8,-10.1
2020-09-13T22:25:00Z,Nørkærbro,2026,299.6,-10.3
2020-09-13T23:25:00Z,Nørkærbro,2026,299.6,-10.3
2020-09-14T00:25:00Z,Nørkærbro,2026,299.5,-10.6
2020-09-14T01:25:00Z,Nørkærbro,2026,299.3,-10.8
2020-09-14T02:25:00Z,Nørkærbro,2026,299.2,-10.9
2020-09-14T03:25:00Z,Nørkærbro,2026,299,-11.1
2020-09-14T04:25:00Z,Nørkærbro,2026,299,-11.1
2020-09-14T05:25:00Z,Nørkærbro,2026,298.7,-11.4
2020-09-14T06:25:00Z,Nørkærbro,2026,298.5,-11.6
2020-09-14T07:25:00Z,Nørkærbro,2026,298.4,-11.7
2020-09-14T08:25:00Z,Nørkærbro,2026,298,-12.1
2020-09-14T09:25:00Z,Nørkærbro,2026,298.2,-11.9
2020-09-14T10:25:00Z,Nørkærbro,2026,298.1,-12
2020-09-14T11:25:00Z,Nørkærbro,2026,298,-12.1
2020-09-14T12:25:00Z,Nørkærbro,2026,298,-12.1
2020-09-14T13:25:00Z,Nørkærbro,2026,298,-12
2020-09-14T14:25:00Z,Nørkærbro,2026,298,-12.1
2020-09-14T15:25:00Z,Nørkærbro,2026,298,-12.1
2020-09-14T16:25:00Z,Nørkærbro,2026,298,-12.1
2020-09-14T17:25:00Z,Nørkærbro,2026,298,-12.2
2020-09-14T18:25:00Z,Nørkærbro,2026,298,-12.1
2020-09-14T19:25:00Z,Nørkærbro,2026,298,-12.1
2020-09-14T20:25:00Z,Nørkærbro,2026,297.9,-12.2
2020-09-14T21:25:00Z,Nørkærbro,2026,297.8,-12.3
2020-09-14T22:25:00Z,Nørkærbro,2026,297.5,-12.6
2020-09-14T23:25:00Z,Nørkærbro,2026,297.5,-12.6
2020-09-15T00:25:00Z,Nørkærbro,2026,297.5,-12.8
2020-09-15T01:25:00Z,Nørkærbro,2026,297.5,-12.8
2020-09-15T02:25:00Z,Nørkærbro,2026,297.4,-13
2020-09-15T03:25:00Z,Nørkærbro,2026,297.5,-12.8
2020-09-15T04:25:00Z,Nørkærbro,2026,297.4,-12.9
2020-09-15T05:25:00Z,Nørkærbro,2026,297.4,-12.9
2020-09-15T06:25:00Z,Nørkærbro,2026,297.4,-13
2020-09-15T07:25:00Z,Nørkærbro,2026,297.3,-13
2020-09-15T08:25:00Z,Nørkærbro,2026,297.2,-13.1
2020-09-15T09:25:00Z,Nørkærbro,2026,297.2,-13.1
2020-09-15T10:25:00Z,Nørkærbro,2026,297.2,-13.1
2020-09-15T11:25:00Z,Nørkærbro,2026,297.5,-12.8
2020-09-15T12:25:00Z,Nørkærbro,2026,297.3,-13
2020-09-15T13:25:00Z,Nørkærbro,2026,297.4,-13
2020-09-15T14:25:00Z,Nørkærbro,2026,297.3,-13
2020-09-15T15:25:00Z,Nørkærbro,2026,297.6,-12.7
2020-09-15T16:25:00Z,Nørkærbro,2026,297.5,-12.8
2020-09-15T17:25:00Z,Nørkærbro,2026,297.6,-12.7
2020-09-15T18:25:00Z,Nørkærbro,2026,297.8,-12.5
2020-09-15T19:25:00Z,Nørkærbro,2026,297.7,-12.6
2020-09-15T20:25:00Z,Nørkærbro,2026,297.8,-12.6
2020-09-15T21:25:00Z,Nørkærbro,2026,297.7,-12.6
2020-09-15T22:25:00Z,Nørkærbro,2026,297.9,-12.4
2020-09-15T23:25:00Z,Nørkærbro,2026,298,-12.3
2020-09-16T00:25:00Z,Nørkærbro,2026,298,-12.4
2020-09-16T01:25:00Z,Nørkærbro,2026,298.2,-12.3
2020-09-16T02:25:00Z,Nørkærbro,2026,298.2,-12.2
2020-09-16T03:25:00Z,Nørkærbro,2026,298.4,-12.1
2020-09-16T04:25:00Z,Nørkærbro,2026,298.4,-12.1
2020-09-16T05:25:00Z,Nørkærbro,2026,298.4,-12.1
2020-09-16T06:25:00Z,Nørkærbro,2026,298.5,-12
2020-09-16T07:25:00Z,Nørkærbro,2026,298.4,-12.1
2020-09-16T08:25:00Z,Nørkærbro,2026,298.7,-11.8
2020-09-16T09:25:00Z,Nørkærbro,2026,298.8,-11.7
2020-09-16T10:25:00Z,Nørkærbro,2026,298.7,-11.8
2020-09-16T11:25:00Z,Nørkærbro,2026,298.8,-11.7
2020-09-16T12:25:00Z,Nørkærbro,2026,299,-11.5
2020-09-16T13:25:00Z,Nørkærbro,2026,299.4,-11.1
2020-09-16T14:25:00Z,Nørkærbro,2026,299.6,-10.9
2020-09-16T15:25:00Z,Nørkærbro,2026,299.9,-10.6
2020-09-16T16:25:00Z,Nørkærbro,2026,300.1,-10.4
2020-09-16T17:25:00Z,Nørkærbro,2026,300,-10.5
2020-09-16T18:25:00Z,Nørkærbro,2026,300.2,-10.3
2020-09-16T19:25:00Z,Nørkærbro,2026,300.1,-10.3
2020-09-16T20:25:00Z,Nørkærbro,2026,300.1,-10.3
2020-09-16T21:25:00Z,Nørkærbro,2026,299.9,-10.6
2020-09-16T22:25:00Z,Nørkærbro,2026,299.8,-10.7
2020-09-16T23:25:00Z,Nørkærbro,2026,299.8,-10.7
2020-09-17T00:25:00Z,Nørkærbro,2026,299.5,-11.2
2020-09-17T01:25:00Z,Nørkærbro,2026,299.4,-11.3
2020-09-17T02:25:00Z,Nørkærbro,2026,299.3,-11.4
2020-09-17T03:25:00Z,Nørkærbro,2026,299.1,-11.6
2020-09-17T04:25:00Z,Nørkærbro,2026,299,-11.7
2020-09-17T05:25:00Z,Nørkærbro,2026,298.9,-11.8
2020-09-17T06:25:00Z,Nørkærbro,2026,298.8,-11.9
2020-09-17T07:25:00Z,Nørkærbro,2026,298.8,-11.9
2020-09-17T08:25:00Z,Nørkærbro,2026,298.6,-12.1
2020-09-17T09:25:00Z,Nørkærbro,2026,298.6,-12
2020-09-17T10:25:00Z,Nørkærbro,2026,298.4,-12.3
2020-09-17T11:25:00Z,Nørkærbro,2026,298.6,-12.1
2020-09-17T12:25:00Z,Nørkærbro,2026,298.7,-12
2020-09-17T13:25:00Z,Nørkærbro,2026,298.8,-11.9
2020-09-17T14:25:00Z,Nørkærbro,2026,298.8,-11.9
2020-09-17T15:25:00Z,Nørkærbro,2026,298.8,-11.9
2020-09-17T16:25:00Z,Nørkærbro,2026,298.7,-12
2020-09-17T17:25:00Z,Nørkærbro,2026,299,-11.7
2020-09-17T18:25:00Z,Nørkærbro,2026,299.3,-11.4
2020-09-17T19:25:00Z,Nørkærbro,2026,299.4,-11.3
2020-09-17T20:25:00Z,Nørkærbro,2026,299.6,-11.1
2020-09-17T21:25:00Z,Nørkærbro,2026,299.7,-11
2020-09-17T22:25:00Z,Nørkærbro,2026,299.7,-11
2020-09-17T23:25:00Z,Nørkærbro,2026,300,-10.7
2020-09-18T00:25:00Z,Nørkærbro,2026,300,-10.8
2020-09-18T01:25:00Z,Nørkærbro,2026,300,-10.8
2020-09-18T02:25:00Z,Nørkærbro,2026,300,-10.8
2020-09-18T03:25:00Z,Nørkærbro,2026,300.1,-10.7
2020-09-18T04:25:00Z,Nørkærbro,2026,300.5,-10.3
2020-09-18T05:25:00Z,Nørkærbro,2026,300.7,-10.1
2020-09-18T06:25:00Z,Nørkærbro,2026,300.7,-10.1
2020-09-18T07:25:00Z,Nørkærbro,2026,300.7,-10.1
2020-09-18T08:25:00Z,Nørkærbro,2026,300.8,-10
2020-09-18T09:25:00Z,Nørkærbro,2026,301,-9.8
2020-09-18T10:25:00Z,Nørkærbro,2026,301.2,-9.6
2020-09-18T11:25:00Z,Nørkærbro,2026,301.4,-9.4
2020-09-18T12:25:00Z,Nørkærbro,2026,301.7,-9.2
2020-09-18T13:25:00Z,Nørkærbro,2026,301.9,-8.9
2020-09-18T14:25:00Z,Nørkærbro,2026,302.4,-8.4
2020-09-18T15:25:00Z,Nørkærbro,2026,302.7,-8.1
2020-09-18T16:25:00Z,Nørkærbro,2026,302.9,-7.9
2020-09-18T17:25:00Z,Nørkærbro,2026,303.4,-7.4
2020-09-18T18:25:00Z,Nørkærbro,2026,303.4,-7.3
2020-09-18T19:25:00Z,Nørkærbro,2026,303.5,-7.3
2020-09-18T20:25:00Z,Nørkærbro,2026,303.6,-7.2
2020-09-18T21:25:00Z,Nørkærbro,2026,303.7,-7.1
2020-09-18T22:25:00Z,Nørkærbro,2026,303.7,-7.1
2020-09-18T23:25:00Z,Nørkærbro,2026,303.8,-7
2020-09-19T00:25:00Z,Nørkærbro,2026,303.6,-7.4
2020-09-19T01:25:00Z,Nørkærbro,2026,303.5,-7.5
2020-09-19T02:25:00Z,Nørkærbro,2026,303.3,-7.7
2020-09-19T03:25:00Z,Nørkærbro,2026,303.4,-7.6
2020-09-19T04:25:00Z,Nørkærbro,2026,303.5,-7.5
2020-09-19T05:25:00Z,Nørkærbro,2026,303.2,-7.8
2020-09-19T06:25:00Z,Nørkærbro,2026,303.2,-7.8
2020-09-19T07:25:00Z,Nørkærbro,2026,303.1,-7.9
2020-09-19T08:25:00Z,Nørkærbro,2026,303,-8
2020-09-19T09:25:00Z,Nørkærbro,2026,302.7,-8.3
2020-09-19T10:25:00Z,Nørkærbro,2026,302.9,-8.1
2020-09-19T11:25:00Z,Nørkærbro,2026,302.7,-8.3
2020-09-19T12:25:00Z,Nørkærbro,2026,302.5,-8.5
2020-09-19T13:25:00Z,Nørkærbro,2026,302.5,-8.5
2020-09-19T14:25:00Z,Nørkærbro,2026,302.9,-8.2
2020-09-19T15:25:00Z,Nørkærbro,2026,302.7,-8.3
2020-09-19T16:25:00Z,Nørkærbro,2026,302.7,-8.3
2020-09-19T17:25:00Z,Nørkærbro,2026,302.8,-8.2
2020-09-19T18:25:00Z,Nørkærbro,2026,302.8,-8.2
2020-09-19T19:25:00Z,Nørkærbro,2026,302.9,-8.1
2020-09-19T20:25:00Z,Nørkærbro,2026,302.8,-8.2
2020-09-19T21:25:00Z,Nørkærbro,2026,302.9,-8.1
2020-09-19T22:25:00Z,Nørkærbro,2026,302.8,-8.2
2020-09-19T23:25:00Z,Nørkærbro,2026,302.7,-8.3
2020-09-20T00:25:00Z,Nørkærbro,2026,302.8,-8.4
2020-09-20T01:25:00Z,Nørkærbro,2026,302.8,-8.4
2020-09-20T02:25:00Z,Nørkærbro,2026,302.8,-8.4
2020-09-20T03:25:00Z,Nørkærbro,2026,302.6,-8.5
2020-09-20T04:25:00Z,Nørkærbro,2026,302.6,-8.5
2020-09-20T05:25:00Z,Nørkærbro,2026,302.7,-8.5
2020-09-20T06:25:00Z,Nørkærbro,2026,302.6,-8.6
2020-09-20T07:25:00Z,Nørkærbro,2026,302.5,-8.7
2020-09-20T08:25:00Z,Nørkærbro,2026,302.6,-8.6
2020-09-20T09:25:00Z,Nørkærbro,2026,302.6,-8.6
2020-09-20T10:25:00Z,Nørkærbro,2026,302.6,-8.6
2020-09-20T11:25:00Z,Nørkærbro,2026,302.4,-8.8
2020-09-20T12:25:00Z,Nørkærbro,2026,302.6,-8.5
2020-09-20T13:25:00Z,Nørkærbro,2026,303.2,-8
2020-09-20T14:25:00Z,Nørkærbro,2026,303.4,-7.8
2020-09-20T15:25:00Z,Nørkærbro,2026,303.6,-7.6
2020-09-20T16:25:00Z,Nørkærbro,2026,303.8,-7.4
2020-09-20T17:25:00Z,Nørkærbro,2026,304.2,-7
2020-09-20T18:25:00Z,Nørkærbro,2026,304.6,-6.6
2020-09-20T19:25:00Z,Nørkærbro,2026,304.9,-6.3
2020-09-20T20:25:00Z,Nørkærbro,2026,305,-6.2
2020-09-20T21:25:00Z,Nørkærbro,2026,305.1,-6.1
2020-09-20T22:25:00Z,Nørkærbro,2026,305.1,-6
2020-09-20T23:25:00Z,Nørkærbro,2026,305.1,-6
2020-09-21T00:25:00Z,Nørkærbro,2026,305.2,-6.1
2020-09-21T01:25:00Z,Nørkærbro,2026,305.4,-5.9
2020-09-21T02:25:00Z,Nørkærbro,2026,305.5,-5.8
2020-09-21T03:25:00Z,Nørkærbro,2026,305.5,-5.9
2020-09-21T04:25:00Z,Nørkærbro,2026,305.8,-5.5
2020-09-21T05:25:00Z,Nørkærbro,2026,305.8,-5.5
2020-09-21T06:25:00Z,Nørkærbro,2026,305.8,-5.5
2020-09-21T07:25:00Z,Nørkærbro,2026,306.1,-5.2
2020-09-21T08:25:00Z,Nørkærbro,2026,306.2,-5.1
2020-09-21T09:25:00Z,Nørkærbro,2026,306.1,-5.2
2020-09-21T10:25:00Z,Nørkærbro,2026,306.3,-5
2020-09-21T11:25:00Z,Nørkærbro,2026,306.4,-4.9
2020-09-21T12:25:00Z,Nørkærbro,2026,306.7,-4.6
2020-09-21T13:25:00Z,Nørkærbro,2026,306.6,-4.7
2020-09-21T14:25:00Z,Nørkærbro,2026,306.8,-4.5
2020-09-21T15:25:00Z,Nørkærbro,2026,307,-4.3
2020-09-21T16:25:00Z,Nørkærbro,2026,306.8,-4.5
2020-09-21T17:25:00Z,Nørkærbro,2026,307,-4.3
2020-09-21T18:25:00Z,Nørkærbro,2026,306.7,-4.6
2020-09-21T19:25:00Z,Nørkærbro,2026,306.6,-4.7
2020-09-21T20:25:00Z,Nørkærbro,2026,306.6,-4.7
2020-09-21T21:25:00Z,Nørkærbro,2026,306.3,-5
2020-09-21T22:25:00Z,Nørkærbro,2026,306.2,-5.1
2020-09-21T23:25:00Z,Nørkærbro,2026,306,-5.3
2020-09-22T00:25:00Z,Nørkærbro,2026,305.8,-5.7
2020-09-22T01:25:00Z,Nørkærbro,2026,305.5,-6
2020-09-22T02:25:00Z,Nørkærbro,2026,305.2,-6.3
2020-09-22T03:25:00Z,Nørkærbro,2026,304.8,-6.7
2020-09-22T04:25:00Z,Nørkærbro,2026,304.8,-6.7
2020-09-22T05:25:00Z,Nørkærbro,2026,304.4,-7.1
2020-09-22T06:25:00Z,Nørkærbro,2026,304.2,-7.3
2020-09-22T07:25:00Z,Nørkærbro,2026,303.8,-7.7
2020-09-22T08:25:00Z,Nørkærbro,2026,303.5,-8
2020-09-22T09:25:00Z,Nørkærbro,2026,303.2,-8.3
2020-09-22T10:25:00Z,Nørkærbro,2026,303.5,-8
2020-09-22T11:25:00Z,Nørkærbro,2026,304,-7.5
2020-09-22T12:25:00Z,Nørkærbro,2026,303.8,-7.7
2020-09-22T13:25:00Z,Nørkærbro,2026,303.8,-7.7
2020-09-22T14:25:00Z,Nørkærbro,2026,303.7,-7.8
2020-09-22T15:25:00Z,Nørkærbro,2026,303.7,-7.8
2020-09-22T16:25:00Z,Nørkærbro,2026,303.6,-7.9
2020-09-22T17:25:00Z,Nørkærbro,2026,303.5,-8
2020-09-22T18:25:00Z,Nørkærbro,2026,303.4,-8.1
2020-09-22T19:25:00Z,Nørkærbro,2026,303.4,-8.1
2020-09-22T20:25:00Z,Nørkærbro,2026,303.4,-8.1
2020-09-22T21:25:00Z,Nørkærbro,2026,303.4,-8.1
2020-09-22T22:25:00Z,Nørkærbro,2026,303.3,-8.2
2020-09-22T23:25:00Z,Nørkærbro,2026,303.3,-8.2
2020-09-23T00:25:00Z,Nørkærbro,2026,303.3,-8.4
2020-09-23T01:25:00Z,Nørkærbro,2026,302.9,-8.8
2020-09-23T02:25:00Z,Nørkærbro,2026,303.1,-8.6
2020-09-23T03:25:00Z,Nørkærbro,2026,303,-8.7
2020-09-23T04:25:00Z,Nørkærbro,2026,302.9,-8.8
2020-09-23T05:25:00Z,Nørkærbro,2026,302.8,-8.9
2020-09-23T06:25:00Z,Nørkærbro,2026,302.7,-9
2020-09-23T07:25:00Z,Nørkærbro,2026,302.6,-9.1
2020-09-23T08:25:00Z,Nørkærbro,2026,302.3,-9.3
2020-09-23T09:25:00Z,Nørkærbro,2026,302.3,-9.4
2020-09-23T10:25:00Z,Nørkærbro,2026,302.3,-9.4
2020-09-23T11:25:00Z,Nørkærbro,2026,302.1,-9.6
2020-09-23T12:25:00Z,Nørkærbro,2026,302.2,-9.5
2020-09-23T13:25:00Z,Nørkærbro,2026,302.2,-9.5
2020-09-23T14:25:00Z,Nørkærbro,2026,302,-9.7
2020-09-23T15:25:00Z,Nørkærbro,2026,302.2,-9.5
2020-09-23T16:25:00Z,Nørkærbro,2026,302.1,-9.6
2020-09-23T17:25:00Z,Nørkærbro,2026,302.4,-9.3
2020-09-23T18:25:00Z,Nørkærbro,2026,302.6,-9.1
2020-09-23T19:25:00Z,Nørkærbro,2026,302.5,-9.2
2020-09-23T20:25:00Z,Nørkærbro,2026,302.7,-9
2020-09-23T21:25:00Z,Nørkærbro,2026,302.9,-8.8
2020-09-23T22:25:00Z,Nørkærbro,2026,303.2,-8.5
2020-09-23T23:25:00Z,Nørkærbro,2026,303.1,-8.6
2020-09-24T00:25:00Z,Nørkærbro,2026,303.1,-8.7
2020-09-24T01:25:00Z,Nørkærbro,2026,303.2,-8.6
2020-09-24T02:25:00Z,Nørkærbro,2026,303.4,-8.4
2020-09-24T03:25:00Z,Nørkærbro,2026,303.3,-8.5
2020-09-24T04:25:00Z,Nørkærbro,2026,303.3,-8.5
2020-09-24T05:25:00Z,Nørkærbro,2026,303.5,-8.3
2020-09-24T06:25:00Z,Nørkærbro,2026,303.5,-8.3
2020-09-24T07:25:00Z,Nørkærbro,2026,303.7,-8.1
2020-09-24T08:25:00Z,Nørkærbro,2026,303.8,-8
2020-09-24T09:25:00Z,Nørkærbro,2026,303.7,-8.1
2020-09-24T10:25:00Z,Nørkærbro,2026,303.8,-8
2020-09-24T11:25:00Z,Nørkærbro,2026,304,-7.8
2020-09-24T12:25:00Z,Nørkærbro,2026,304,-7.8
2020-09-24T13:25:00Z,Nørkærbro,2026,304.1,-7.7
2020-09-24T14:25:00Z,Nørkærbro,2026,304.1,-7.7
2020-09-24T15:25:00Z,Nørkærbro,2026,304.3,-7.5
2020-09-24T16:25:00Z,Nørkærbro,2026,304.3,-7.4
2020-09-24T17:25:00Z,Nørkærbro,2026,304.3,-7.4
2020-09-24T18:25:00Z,Nørkærbro,2026,304.5,-7.3
2020-09-24T19:25:00Z,Nørkærbro,2026,304.3,-7.5
2020-09-24T20:25:00Z,Nørkærbro,2026,304.6,-7.2
2020-09-24T21:25:00Z,Nørkærbro,2026,304.4,-7.4
2020-09-24T22:25:00Z,Nørkærbro,2026,304.3,-7.5
2020-09-24T23:25:00Z,Nørkærbro,2026,304.4,-7.4
2020-09-25T00:25:00Z,Nørkærbro,2026,304.2,-7.8
2020-09-25T01:25:00Z,Nørkærbro,2026,304.4,-7.6
2020-09-25T02:25:00Z,Nørkærbro,2026,304.2,-7.8
2020-09-25T03:25:00Z,Nørkærbro,2026,304,-8
2020-09-25T04:25:00Z,Nørkærbro,2026,303.9,-8.1
2020-09-25T05:25:00Z,Nørkærbro,2026,303.7,-8.3
2020-09-25T06:25:00Z,Nørkærbro,2026,303.7,-8.3
2020-09-25T07:25:00Z,Nørkærbro,2026,303.5,-8.5
2020-09-25T08:25:00Z,Nørkærbro,2026,303.3,-8.7
2020-09-25T09:25:00Z,Nørkærbro,2026,303.1,-8.8
2020-09-25T10:25:00Z,Nørkærbro,2026,303,-9
2020-09-25T11:25:00Z,Nørkærbro,2026,302.9,-9.1
2020-09-25T12:25:00Z,Nørkærbro,2026,302.7,-9.3
2020-09-25T13:25:00Z,Nørkærbro,2026,302.8,-9.2
2020-09-25T14:25:00Z,Nørkærbro,2026,302.8,-9.2
2020-09-25T15:25:00Z,Nørkærbro,2026,302.8,-9.2
2020-09-25T16:25:00Z,Nørkærbro,2026,302.8,-9.2
2020-09-25T17:25:00Z,Nørkærbro,2026,302.8,-9.2
2020-09-25T18:25:00Z,Nørkærbro,2026,302.6,-9.3
2020-09-25T19:25:00Z,Nørkærbro,2026,302.7,-9.3
2020-09-25T20:25:00Z,Nørkærbro,2026,302.6,-9.4
2020-09-25T21:25:00Z,Nørkærbro,2026,302.6,-9.4
2020-09-25T22:25:00Z,Nørkærbro,2026,302.5,-9.5
2020-09-25T23:25:00Z,Nørkærbro,2026,302.4,-9.6
2020-09-26T00:25:00Z,Nørkærbro,2026,302.6,-9.6
2020-09-26T01:25:00Z,Nørkærbro,2026,302.6,-9.7
2020-09-26T02:25:00Z,Nørkærbro,2026,302.6,-9.6
2020-09-26T03:25:00Z,Nørkærbro,2026,302.4,-9.8
2020-09-26T04:25:00Z,Nørkærbro,2026,302.2,-10
2020-09-26T05:25:00Z,Nørkærbro,2026,302.2,-10
2020-09-26T06:25:00Z,Nørkærbro,2026,302.1,-10.1
2020-09-26T07:25:00Z,Nørkærbro,2026,302.1,-10.1
2020-09-26T08:25:00Z,Nørkærbro,2026,301.8,-10.4
2020-09-26T09:25:00Z,Nørkærbro,2026,301.5,-10.7
2020-09-26T10:25:00Z,Nørkærbro,2026,301.5,-10.7
2020-09-26T11:25:00Z,Nørkærbro,2026,301.6,-10.6
2020-09-26T12:25:00Z,Nørkærbro,2026,301.4,-10.8
2020-09-26T13:25:00Z,Nørkærbro,2026,301.8,-10.4
2020-09-26T14:10:00Z,Nørkærbro,2026,301.9,-10.3
