Month,Total,Female,Male,SexUnknown,Released,Killed,KilledUnknown,LengthAvg,LengthMax,WeightAvg,WeightMax,Kg,FultonAvg,FultonMax,Middle,Lower,Haderis,"NA"
Jul,5,1,2,2,0,5,0,51,60,1.7,2.6,8.5,1.2091669171453612,1.3325679609660093,1,4,0,0
Jun,32,11,3,18,10,22,0,52.59375,75,2.433333333333333,4.9,43.8,1.2069734015882578,1.4979227336208758,7,23,1,1
May,3,2,1,0,0,3,0,60.666666666666664,72,2.7,4.3,5.4,1.2216856769150541,1.2913223140495869,0,3,0,0
Apr,7,3,2,2,3,4,0,55,73,3,4.6,12,1.1711174681593852,1.285235715024126,0,7,0,0
Mar,19,7,4,8,11,8,0,60.94736842105263,78,2.1285714285714286,2.9,14.9,0.9690346900303854,1.1597819609913336,3,16,0,0
