Month,Total,Female,Male,SexUnknown,Released,Killed,KilledUnknown,LengthAvg,LengthMax,WeightAvg,WeightMax,Kg,FultonAvg,FultonMax,Haderis,Middle,Lower,Upper,"NA"
Jul,553,251,118,184,94,459,0,59.11573236889693,95,2.91368909512761,12.3,1255.8,1.199664145460256,1.7528569133163565,12,87,441,10,3
Jun,42,13,4,25,12,30,0,54.214285714285715,90,2.7384615384615385,10.2,71.2,1.2120329403092513,1.5026296018031555,1,7,32,1,1
May,3,2,1,0,0,3,0,60.666666666666664,72,2.7,4.3,5.4,1.2216856769150541,1.2913223140495869,0,0,3,0,0
Apr,7,3,2,2,3,4,0,55,73,3,4.6,12,1.1711174681593852,1.285235715024126,0,0,7,0,0
Mar,19,7,4,8,11,8,0,60.94736842105263,78,2.1285714285714286,2.9,14.9,0.9690346900303854,1.1597819609913336,0,3,16,0,0
