Month,Total,Female,Male,SexUnknown,Released,Killed,KilledUnknown,LengthAvg,LengthMax,WeightAvg,WeightMax,Kg,FultonAvg,FultonMax,Middle,Lower,Upper,Haderis,"NA"
Sep,40,14,17,9,12,28,0,60.5,80,3.2,6.6,86.4,1.14604130532988,1.5740740740740742,14,24,2,0,0
Aug,222,84,67,71,58,164,0,61.0045045045045,97,3.1605263157894736,11,480.4,1.1624983716997868,1.6203703703703705,98,100,9,15,0
Jul,577,261,124,192,99,478,0,59.22183708838821,95,2.9233853006681514,12.3,1312.6,1.198359825647685,1.7528569133163565,96,454,12,12,3
Jun,46,14,6,26,13,33,0,54.76086956521739,90,2.6925925925925926,10.2,72.7,1.204459243988122,1.5026296018031555,10,33,1,1,1
May,3,2,1,0,0,3,0,60.666666666666664,72,2.7,4.3,5.4,1.2216856769150541,1.2913223140495869,0,3,0,0,0
Apr,7,3,2,2,3,4,0,55,73,3,4.6,12,1.1711174681593852,1.285235715024126,0,7,0,0,0
Mar,19,7,4,8,11,8,0,60.94736842105263,78,2.1285714285714286,2.9,14.9,0.9690346900303854,1.1597819609913336,3,16,0,0,0
