Month,Total,Female,Male,SexUnknown,Released,Killed,KilledUnknown,LengthAvg,LengthMax,WeightAvg,WeightMax,Kg,FultonAvg,FultonMax,Haderis,Middle,Lower,Upper,"NA"
Jul,77,37,19,21,9,68,0,55.077922077922075,75,2.2984848484848484,5,151.7,1.2477915071685302,1.65547597368767,1,11,64,1,0
Jun,38,13,3,22,11,27,0,52.63157894736842,75,2.373913043478261,4.9,54.6,1.2054818709226014,1.5026296018031555,1,7,29,0,1
May,3,2,1,0,0,3,0,60.666666666666664,72,2.7,4.3,5.4,1.2216856769150541,1.2913223140495869,0,0,3,0,0
Apr,7,3,2,2,3,4,0,55,73,3,4.6,12,1.1711174681593852,1.285235715024126,0,0,7,0,0
Mar,19,7,4,8,11,8,0,60.94736842105263,78,2.1285714285714286,2.9,14.9,0.9690346900303854,1.1597819609913336,0,3,16,0,0
