Month,Total,Female,Male,SexUnknown,Released,Killed,KilledUnknown,LengthAvg,LengthMax,WeightAvg,WeightMax,Kg,FultonAvg,FultonMax,Upper,Lower
Aug,1,0,0,1,0,1,0,61,61,2.4,2.4,2.4,1.0353289482379582,1.0353289482379582,1,0
Jul,2,0,0,2,0,2,0,79,95,7.3500000000000005,12.3,14.700000000000001,1.1972155066601378,1.4346114593964134,1,1
