Month,Total,Female,Male,SexUnknown,Released,Killed,KilledUnknown,LengthAvg,LengthMax,WeightAvg,WeightMax,Kg,FultonAvg,FultonMax,Lower,Middle
Apr,6,2,2,2,3,3,0,52,71,2.6666666666666665,4.6,8,1.210177118603933,1.285235715024126,6,0
Mar,19,7,4,8,11,8,0,60.94736842105263,78,2.1285714285714286,2.9,14.9,0.9690346900303854,1.1597819609913336,16,3
