Month,Total,Female,Male,SexUnknown,Released,Killed,KilledUnknown,LengthAvg,LengthMax,WeightAvg,WeightMax,Kg,FultonAvg,FultonMax,Lower,Haderis,Middle,Upper,"NA"
Oct,1,0,1,0,0,1,0,60,60,2.2,2.2,2.2,1.0185185185185186,1.0185185185185186,1,0,0,0,0
Sep,221,85,81,55,60,161,0,60.8552036199095,85,3.064625850340136,8.3,450.5,1.140406815462249,2.2238259877144104,122,2,80,16,1
Aug,225,85,67,73,59,166,0,60.95111111111111,97,3.144805194805195,11,484.3,1.1619587689021764,1.6203703703703705,103,15,98,9,0
Jul,578,261,125,192,99,479,0,59.22837370242215,95,2.9235555555555557,12.3,1315.6,1.1984074053309381,1.7528569133163565,454,12,97,12,3
Jun,46,14,6,26,13,33,0,54.76086956521739,90,2.6925925925925926,10.2,72.7,1.204459243988122,1.5026296018031555,33,1,10,1,1
May,3,2,1,0,0,3,0,60.666666666666664,72,2.7,4.3,5.4,1.2216856769150541,1.2913223140495869,3,0,0,0,0
Apr,7,3,2,2,3,4,0,55,73,3,4.6,12,1.1711174681593852,1.285235715024126,7,0,0,0,0
Mar,19,7,4,8,11,8,0,60.94736842105263,78,2.1285714285714286,2.9,14.9,0.9690346900303854,1.1597819609913336,16,0,3,0,0
