Month,Total,Female,Male,SexUnknown,Released,Killed,KilledUnknown,LengthAvg,LengthMax,WeightAvg,WeightMax,Kg,FultonAvg,FultonMax,Lower,Middle
Apr,4,2,2,0,2,2,0,53.5,71,3.5,4.6,7,1.2576492241117596,1.285235715024126,4,0
Mar,19,7,4,8,11,8,0,60.94736842105263,78,2.1285714285714286,2.9,14.9,0.9690346900303854,1.1597819609913336,16,3
