Month,Total,Female,Male,SexUnknown,Released,Killed,KilledUnknown,LengthAvg,LengthMax,WeightAvg,WeightMax,Kg,FultonAvg,FultonMax,Haderis,Middle,Lower,"NA"
Jul,42,18,11,13,6,36,0,53.214285714285715,75,2.1058823529411765,4.8,71.6,1.2449234499314432,1.65547597368767,1,8,33,0
Jun,38,13,3,22,11,27,0,52.63157894736842,75,2.373913043478261,4.9,54.6,1.2054818709226014,1.5026296018031555,1,7,29,1
May,3,2,1,0,0,3,0,60.666666666666664,72,2.7,4.3,5.4,1.2216856769150541,1.2913223140495869,0,0,3,0
Apr,7,3,2,2,3,4,0,55,73,3,4.6,12,1.1711174681593852,1.285235715024126,0,0,7,0
Mar,19,7,4,8,11,8,0,60.94736842105263,78,2.1285714285714286,2.9,14.9,0.9690346900303854,1.1597819609913336,0,3,16,0
