Month,Total,Female,Male,SexUnknown,Released,Killed,KilledUnknown,LengthAvg,LengthMax,WeightAvg,WeightMax,Kg,FultonAvg,FultonMax,Haderis,Middle,Lower,Upper,"NA"
Aug,12,3,1,8,6,6,0,55.25,75,3.675,5.5,14.7,1.1368816678811025,1.3037037037037038,2,4,6,0,0
Jul,565,259,120,186,98,467,0,59.21061946902655,95,2.928310502283105,12.3,1282.6,1.1989810397908949,1.7528569133163565,12,94,446,10,3
Jun,45,14,6,25,13,32,0,54.8,90,2.7384615384615385,10.2,71.2,1.2120329403092513,1.5026296018031555,1,10,32,1,1
May,3,2,1,0,0,3,0,60.666666666666664,72,2.7,4.3,5.4,1.2216856769150541,1.2913223140495869,0,0,3,0,0
Apr,7,3,2,2,3,4,0,55,73,3,4.6,12,1.1711174681593852,1.285235715024126,0,0,7,0,0
Mar,19,7,4,8,11,8,0,60.94736842105263,78,2.1285714285714286,2.9,14.9,0.9690346900303854,1.1597819609913336,0,3,16,0,0
