Month,Total,Female,Male,SexUnknown,Released,Killed,KilledUnknown,LengthAvg,LengthMax,WeightAvg,WeightMax,Kg,FultonAvg,FultonMax,Middle,Lower,Upper,Haderis,"NA"
Sep,45,15,18,12,13,32,0,60.111111111111114,80,3.0516129032258066,6.6,94.6,1.1419759500623157,1.5740740740740742,18,25,2,0,0
Aug,223,85,67,71,58,165,0,60.95964125560538,97,3.149673202614379,11,481.9,1.1622911065347978,1.6203703703703705,98,101,9,15,0
Jul,577,261,124,192,99,478,0,59.22183708838821,95,2.9233853006681514,12.3,1312.6,1.198359825647685,1.7528569133163565,96,454,12,12,3
Jun,46,14,6,26,13,33,0,54.76086956521739,90,2.6925925925925926,10.2,72.7,1.204459243988122,1.5026296018031555,10,33,1,1,1
May,3,2,1,0,0,3,0,60.666666666666664,72,2.7,4.3,5.4,1.2216856769150541,1.2913223140495869,0,3,0,0,0
Apr,7,3,2,2,3,4,0,55,73,3,4.6,12,1.1711174681593852,1.285235715024126,0,7,0,0,0
Mar,19,7,4,8,11,8,0,60.94736842105263,78,2.1285714285714286,2.9,14.9,0.9690346900303854,1.1597819609913336,3,16,0,0,0
