Month,Total,Female,Male,SexUnknown,Released,Killed,KilledUnknown,LengthAvg,LengthMax,WeightAvg,WeightMax,Kg,FultonAvg,FultonMax,Lower,Haderis,Middle,Upper,"NA"
Aug,1,0,1,0,0,1,0,75,75,5.5,5.5,5.5,1.3037037037037038,1.3037037037037038,1,0,0,0,0
Jul,558,255,118,185,95,463,0,59.159498207885306,95,2.923448275862069,12.3,1271.7,1.199259931576666,1.7528569133163565,444,12,89,10,3
Jun,45,14,6,25,13,32,0,54.8,90,2.7384615384615385,10.2,71.2,1.2120329403092513,1.5026296018031555,32,1,10,1,1
May,3,2,1,0,0,3,0,60.666666666666664,72,2.7,4.3,5.4,1.2216856769150541,1.2913223140495869,3,0,0,0,0
Apr,7,3,2,2,3,4,0,55,73,3,4.6,12,1.1711174681593852,1.285235715024126,7,0,0,0,0
Mar,19,7,4,8,11,8,0,60.94736842105263,78,2.1285714285714286,2.9,14.9,0.9690346900303854,1.1597819609913336,16,0,3,0,0
